Using synced block: 34c1facc-c5ab-80cc-b68a-fe0229f8749b
Extracted 1 brain dump item(s)
Found 88 open unfinished tasks
Matches: 0

Possible matches (manual review): 1
~ Plan trip to Burlington → possible match: Pack for trip to Burlington (score: 0.84)

Duplicate inbox items: 0

New tasks to create: 0
Created 0 task(s)
Archived 0 processed item(s)
Focused Quick Wins: 3/3
Using synced block: 34c1facc-c5ab-80cc-b68a-fe0229f8749b
Extracted 2 brain dump item(s)
Found 88 open unfinished tasks
Matches: 0

Possible matches (manual review): 1
~ Plan trip to Burlington → possible match: Pack for trip to Burlington (score: 0.84)

Duplicate inbox items: 0

New tasks to create: 1
+ Test task (JDI)
Created: Test task
Archived item: Test task (JDI)
Removed original block: 3531facc-c5ab-80d4-bfa0-e1ae93ab4bde
Created 1 task(s)
Archived 1 processed item(s)
Focused Quick Wins: 3/3
Removed original block: 3531facc-c5ab-8165-b8f7-c7da966d7cf6
Trimmed 1 old archive run(s)
Using synced block: 34c1facc-c5ab-80cc-b68a-fe0229f8749b
Extracted 2 brain dump item(s)
Found 89 open unfinished tasks
Matches: 0

Possible matches (manual review): 1
~ Plan trip to Burlington → possible match: Pack for trip to Burlington (score: 0.84)

Duplicate inbox items: 0

New tasks to create: 1
+ Organize pool equipment for opening
Breaking down: Organize pool equipment for opening

--- BREAKDOWN ---
Parent: Organize pool equipment for opening
 - Gather all pool equipment in one area.
 - Inspect equipment for damage or wear.
 - Clean and sanitize all equipment.
 - Arrange equipment by category or use.
 - Store equipment in an accessible location.
Created: Organize pool equipment for opening — Gather all pool equipment in one area.
Updated metadata: Organize pool equipment for opening — Gather all pool equipment in one area. → {'Effort': {'select': {'name': 'Small Effort'}}, 'Duration': {'select': {'name': '30 min'}}}
Created: Organize pool equipment for opening — Inspect equipment for damage or wear.
Updated metadata: Organize pool equipment for opening — Inspect equipment for damage or wear. → {'Effort': {'select': {'name': 'Small Effort'}}, 'Duration': {'select': {'name': '30 min'}}}
Created: Organize pool equipment for opening — Clean and sanitize all equipment.
Updated metadata: Organize pool equipment for opening — Clean and sanitize all equipment. → {'Effort': {'select': {'name': 'Medium Effort'}}, 'Duration': {'select': {'name': '60 min'}}}
Created: Organize pool equipment for opening — Arrange equipment by category or use.
Updated metadata: Organize pool equipment for opening — Arrange equipment by category or use. → {'Effort': {'select': {'name': 'Small Effort'}}, 'Duration': {'select': {'name': '30 min'}}}
Created: Organize pool equipment for opening — Store equipment in an accessible location.
Updated metadata: Organize pool equipment for opening — Store equipment in an accessible location. → {'Effort': {'select': {'name': 'Medium Effort'}}, 'Duration': {'select': {'name': '60 min'}}}
Archived item: Organize pool equipment for opening
Removed original block: 3531facc-c5ab-8027-86c8-f89932dc6065
Created 5 task(s)
Archived 1 processed item(s)
Focused Quick Wins: 3/3
Removed original block: 3531facc-c5ab-81db-b344-c0583164882b
Trimmed 1 old archive run(s)
Using synced block: 34c1facc-c5ab-80cc-b68a-fe0229f8749b
Extracted 1 brain dump item(s)
Found 89 open unfinished tasks
Matches: 0

Possible matches (manual review): 1
~ Plan trip to Burlington → possible match: Pack for trip to Burlington (score: 0.84)

Duplicate inbox items: 0

New tasks to create: 0
Created 0 task(s)
Archived 0 processed item(s)
Focused Quick Wins: 3/3
Traceback (most recent call last):
  File "/Users/John/LocalProjects/aios/.venv/lib/python3.14/site-packages/urllib3/connection.py", line 204, in _new_conn
    sock = connection.create_connection(
        (self._dns_host, self.port),
    ...<2 lines>...
        socket_options=self.socket_options,
    )
  File "/Users/John/LocalProjects/aios/.venv/lib/python3.14/site-packages/urllib3/util/connection.py", line 60, in create_connection
    for res in socket.getaddrinfo(host, port, family, socket.SOCK_STREAM):
               ~~~~~~~~~~~~~~~~~~^^^^^^^^^^^^^^^^^^^^^^^^^^^^^^^^^^^^^^^^
  File "/usr/local/Cellar/python@3.14/3.14.2/Frameworks/Python.framework/Versions/3.14/lib/python3.14/socket.py", line 983, in getaddrinfo
    for res in _socket.getaddrinfo(host, port, family, type, proto, flags):
               ~~~~~~~~~~~~~~~~~~~^^^^^^^^^^^^^^^^^^^^^^^^^^^^^^^^^^^^^^^^
socket.gaierror: [Errno 8] nodename nor servname provided, or not known

The above exception was the direct cause of the following exception:

Traceback (most recent call last):
  File "/Users/John/LocalProjects/aios/.venv/lib/python3.14/site-packages/urllib3/connectionpool.py", line 787, in urlopen
    response = self._make_request(
        conn,
    ...<10 lines>...
        **response_kw,
    )
  File "/Users/John/LocalProjects/aios/.venv/lib/python3.14/site-packages/urllib3/connectionpool.py", line 488, in _make_request
    raise new_e
  File "/Users/John/LocalProjects/aios/.venv/lib/python3.14/site-packages/urllib3/connectionpool.py", line 464, in _make_request
    self._validate_conn(conn)
    ~~~~~~~~~~~~~~~~~~~^^^^^^
  File "/Users/John/LocalProjects/aios/.venv/lib/python3.14/site-packages/urllib3/connectionpool.py", line 1093, in _validate_conn
    conn.connect()
    ~~~~~~~~~~~~^^
  File "/Users/John/LocalProjects/aios/.venv/lib/python3.14/site-packages/urllib3/connection.py", line 759, in connect
    self.sock = sock = self._new_conn()
                       ~~~~~~~~~~~~~~^^
  File "/Users/John/LocalProjects/aios/.venv/lib/python3.14/site-packages/urllib3/connection.py", line 211, in _new_conn
    raise NameResolutionError(self.host, self, e) from e
urllib3.exceptions.NameResolutionError: HTTPSConnection(host='api.notion.com', port=443): Failed to resolve 'api.notion.com' ([Errno 8] nodename nor servname provided, or not known)

The above exception was the direct cause of the following exception:

Traceback (most recent call last):
  File "/Users/John/LocalProjects/aios/.venv/lib/python3.14/site-packages/requests/adapters.py", line 645, in send
    resp = conn.urlopen(
        method=request.method,
    ...<9 lines>...
        chunked=chunked,
    )
  File "/Users/John/LocalProjects/aios/.venv/lib/python3.14/site-packages/urllib3/connectionpool.py", line 841, in urlopen
    retries = retries.increment(
        method, url, error=new_e, _pool=self, _stacktrace=sys.exc_info()[2]
    )
  File "/Users/John/LocalProjects/aios/.venv/lib/python3.14/site-packages/urllib3/util/retry.py", line 535, in increment
    raise MaxRetryError(_pool, url, reason) from reason  # type: ignore[arg-type]
    ^^^^^^^^^^^^^^^^^^^^^^^^^^^^^^^^^^^^^^^^^^^^^^^^^^^
urllib3.exceptions.MaxRetryError: HTTPSConnectionPool(host='api.notion.com', port=443): Max retries exceeded with url: /v1/blocks/3491faccc5ab806489eed58acab54577/children (Caused by NameResolutionError("HTTPSConnection(host='api.notion.com', port=443): Failed to resolve 'api.notion.com' ([Errno 8] nodename nor servname provided, or not known)"))

During handling of the above exception, another exception occurred:

Traceback (most recent call last):
  File "/Users/John/LocalProjects/aios/AIOS.py", line 1171, in <module>
    inbox_items = extract_brain_dump_items(BRAIN_DUMP_PAGE_ID)
  File "/Users/John/LocalProjects/aios/AIOS.py", line 150, in extract_brain_dump_items
    synced_block_id = find_first_synced_block(BRAIN_DUMP_PAGE_ID)
  File "/Users/John/LocalProjects/aios/AIOS.py", line 137, in find_first_synced_block
    blocks = get_block_children(parent_block_id)
  File "/Users/John/LocalProjects/aios/AIOS.py", line 114, in get_block_children
    response = requests.get(url, headers=headers, timeout=30)
  File "/Users/John/LocalProjects/aios/.venv/lib/python3.14/site-packages/requests/api.py", line 73, in get
    return request("get", url, params=params, **kwargs)
  File "/Users/John/LocalProjects/aios/.venv/lib/python3.14/site-packages/requests/api.py", line 59, in request
    return session.request(method=method, url=url, **kwargs)
           ~~~~~~~~~~~~~~~^^^^^^^^^^^^^^^^^^^^^^^^^^^^^^^^^^
  File "/Users/John/LocalProjects/aios/.venv/lib/python3.14/site-packages/requests/sessions.py", line 592, in request
    resp = self.send(prep, **send_kwargs)
  File "/Users/John/LocalProjects/aios/.venv/lib/python3.14/site-packages/requests/sessions.py", line 706, in send
    r = adapter.send(request, **kwargs)
  File "/Users/John/LocalProjects/aios/.venv/lib/python3.14/site-packages/requests/adapters.py", line 678, in send
    raise ConnectionError(e, request=request)
requests.exceptions.ConnectionError: HTTPSConnectionPool(host='api.notion.com', port=443): Max retries exceeded with url: /v1/blocks/3491faccc5ab806489eed58acab54577/children (Caused by NameResolutionError("HTTPSConnection(host='api.notion.com', port=443): Failed to resolve 'api.notion.com' ([Errno 8] nodename nor servname provided, or not known)"))
Traceback (most recent call last):
  File "/Users/John/LocalProjects/aios/.venv/lib/python3.14/site-packages/urllib3/connection.py", line 204, in _new_conn
    sock = connection.create_connection(
        (self._dns_host, self.port),
    ...<2 lines>...
        socket_options=self.socket_options,
    )
  File "/Users/John/LocalProjects/aios/.venv/lib/python3.14/site-packages/urllib3/util/connection.py", line 60, in create_connection
    for res in socket.getaddrinfo(host, port, family, socket.SOCK_STREAM):
               ~~~~~~~~~~~~~~~~~~^^^^^^^^^^^^^^^^^^^^^^^^^^^^^^^^^^^^^^^^
  File "/usr/local/Cellar/python@3.14/3.14.2/Frameworks/Python.framework/Versions/3.14/lib/python3.14/socket.py", line 983, in getaddrinfo
    for res in _socket.getaddrinfo(host, port, family, type, proto, flags):
               ~~~~~~~~~~~~~~~~~~~^^^^^^^^^^^^^^^^^^^^^^^^^^^^^^^^^^^^^^^^
socket.gaierror: [Errno 8] nodename nor servname provided, or not known

The above exception was the direct cause of the following exception:

Traceback (most recent call last):
  File "/Users/John/LocalProjects/aios/.venv/lib/python3.14/site-packages/urllib3/connectionpool.py", line 787, in urlopen
    response = self._make_request(
        conn,
    ...<10 lines>...
        **response_kw,
    )
  File "/Users/John/LocalProjects/aios/.venv/lib/python3.14/site-packages/urllib3/connectionpool.py", line 488, in _make_request
    raise new_e
  File "/Users/John/LocalProjects/aios/.venv/lib/python3.14/site-packages/urllib3/connectionpool.py", line 464, in _make_request
    self._validate_conn(conn)
    ~~~~~~~~~~~~~~~~~~~^^^^^^
  File "/Users/John/LocalProjects/aios/.venv/lib/python3.14/site-packages/urllib3/connectionpool.py", line 1093, in _validate_conn
    conn.connect()
    ~~~~~~~~~~~~^^
  File "/Users/John/LocalProjects/aios/.venv/lib/python3.14/site-packages/urllib3/connection.py", line 759, in connect
    self.sock = sock = self._new_conn()
                       ~~~~~~~~~~~~~~^^
  File "/Users/John/LocalProjects/aios/.venv/lib/python3.14/site-packages/urllib3/connection.py", line 211, in _new_conn
    raise NameResolutionError(self.host, self, e) from e
urllib3.exceptions.NameResolutionError: HTTPSConnection(host='api.notion.com', port=443): Failed to resolve 'api.notion.com' ([Errno 8] nodename nor servname provided, or not known)

The above exception was the direct cause of the following exception:

Traceback (most recent call last):
  File "/Users/John/LocalProjects/aios/.venv/lib/python3.14/site-packages/requests/adapters.py", line 645, in send
    resp = conn.urlopen(
        method=request.method,
    ...<9 lines>...
        chunked=chunked,
    )
  File "/Users/John/LocalProjects/aios/.venv/lib/python3.14/site-packages/urllib3/connectionpool.py", line 841, in urlopen
    retries = retries.increment(
        method, url, error=new_e, _pool=self, _stacktrace=sys.exc_info()[2]
    )
  File "/Users/John/LocalProjects/aios/.venv/lib/python3.14/site-packages/urllib3/util/retry.py", line 535, in increment
    raise MaxRetryError(_pool, url, reason) from reason  # type: ignore[arg-type]
    ^^^^^^^^^^^^^^^^^^^^^^^^^^^^^^^^^^^^^^^^^^^^^^^^^^^
urllib3.exceptions.MaxRetryError: HTTPSConnectionPool(host='api.notion.com', port=443): Max retries exceeded with url: /v1/blocks/3491faccc5ab806489eed58acab54577/children (Caused by NameResolutionError("HTTPSConnection(host='api.notion.com', port=443): Failed to resolve 'api.notion.com' ([Errno 8] nodename nor servname provided, or not known)"))

During handling of the above exception, another exception occurred:

Traceback (most recent call last):
  File "/Users/John/LocalProjects/aios/AIOS.py", line 1171, in <module>
    inbox_items = extract_brain_dump_items(BRAIN_DUMP_PAGE_ID)
  File "/Users/John/LocalProjects/aios/AIOS.py", line 150, in extract_brain_dump_items
    synced_block_id = find_first_synced_block(BRAIN_DUMP_PAGE_ID)
  File "/Users/John/LocalProjects/aios/AIOS.py", line 137, in find_first_synced_block
    blocks = get_block_children(parent_block_id)
  File "/Users/John/LocalProjects/aios/AIOS.py", line 114, in get_block_children
    response = requests.get(url, headers=headers, timeout=30)
  File "/Users/John/LocalProjects/aios/.venv/lib/python3.14/site-packages/requests/api.py", line 73, in get
    return request("get", url, params=params, **kwargs)
  File "/Users/John/LocalProjects/aios/.venv/lib/python3.14/site-packages/requests/api.py", line 59, in request
    return session.request(method=method, url=url, **kwargs)
           ~~~~~~~~~~~~~~~^^^^^^^^^^^^^^^^^^^^^^^^^^^^^^^^^^
  File "/Users/John/LocalProjects/aios/.venv/lib/python3.14/site-packages/requests/sessions.py", line 592, in request
    resp = self.send(prep, **send_kwargs)
  File "/Users/John/LocalProjects/aios/.venv/lib/python3.14/site-packages/requests/sessions.py", line 706, in send
    r = adapter.send(request, **kwargs)
  File "/Users/John/LocalProjects/aios/.venv/lib/python3.14/site-packages/requests/adapters.py", line 678, in send
    raise ConnectionError(e, request=request)
requests.exceptions.ConnectionError: HTTPSConnectionPool(host='api.notion.com', port=443): Max retries exceeded with url: /v1/blocks/3491faccc5ab806489eed58acab54577/children (Caused by NameResolutionError("HTTPSConnection(host='api.notion.com', port=443): Failed to resolve 'api.notion.com' ([Errno 8] nodename nor servname provided, or not known)"))
Using synced block: 34c1facc-c5ab-80cc-b68a-fe0229f8749b
Extracted 9 brain dump item(s)
Found 86 open unfinished tasks
Matches: 0

Possible matches (manual review): 0

Duplicate inbox items: 0

New tasks to create: 9
+ Plan trip to Burlington
+ Plan for annual review of wills and POAs
+ Check beneficiaries on pensions
+ Check beneficiaries on investments
+ Text Kate about our wills
+ Check flights to Italy
+ Pay Cogeco bill for Mum (JDI) (urgent)
+ Setup automatic payments for Cogeco for Mum on Wednesday (urgent)
+ Resolve Cardwise issue for Mum (JDI) (urgent)
Breaking down: Plan trip to Burlington

--- BREAKDOWN ---
Parent: Plan trip to Burlington
 - Research transportation options to Burlington
 - Find accommodation in Burlington
 - Identify key attractions and activities in Burlington
 - Create a daily itinerary
 - Arrange necessary travel documents and bookings
Created: Plan trip to Burlington — Research transportation options to Burlington
Updated metadata: Plan trip to Burlington — Research transportation options to Burlington → {'Effort': {'select': {'name': 'Small Effort'}}, 'Duration': {'select': {'name': '30 min'}}}
Created: Plan trip to Burlington — Find accommodation in Burlington
Updated metadata: Plan trip to Burlington — Find accommodation in Burlington → {'Effort': {'select': {'name': 'Medium Effort'}}, 'Duration': {'select': {'name': '60 min'}}}
Created: Plan trip to Burlington — Identify key attractions and activities in Burlington
Updated metadata: Plan trip to Burlington — Identify key attractions and activities in Burlington → {'Effort': {'select': {'name': 'Small Effort'}}, 'Duration': {'select': {'name': '30 min'}}}
Created: Plan trip to Burlington — Create a daily itinerary
Updated metadata: Plan trip to Burlington — Create a daily itinerary → {'Effort': {'select': {'name': 'Medium Effort'}}, 'Duration': {'select': {'name': '60 min'}}}
Created: Plan trip to Burlington — Arrange necessary travel documents and bookings
Updated metadata: Plan trip to Burlington — Arrange necessary travel documents and bookings → {'Duration': {'select': {'name': '60 min'}}}
Archived item: Plan trip to Burlington
Removed original block: 3531facc-c5ab-80c6-a301-d605d33eb3fa
Created: Plan for annual review of wills and POAs
Updated metadata: Plan for annual review of wills and POAs → {'Effort': {'select': {'name': 'Small Effort'}}, 'Duration': {'select': {'name': '30 min'}}}
Archived item: Plan for annual review of wills and POAs
Removed original block: 3531facc-c5ab-800d-bf25-d3a2e18012ca
Created: Check beneficiaries on pensions
Updated Quick Win: Check beneficiaries on pensions → True
Archived item: Check beneficiaries on pensions
Removed original block: 3531facc-c5ab-8048-93a1-e414f7b567f5
Created: Check beneficiaries on investments
Updated metadata: Check beneficiaries on investments → {'Effort': {'select': {'name': 'Small Effort'}}, 'Duration': {'select': {'name': '30 min'}}}
Updated Quick Win: Check beneficiaries on investments → True
Archived item: Check beneficiaries on investments
Removed original block: 3531facc-c5ab-80b0-9526-fd0857c777a9
Created: Text Kate about our wills
Updated metadata: Text Kate about our wills → {'Effort': {'select': {'name': 'Small Effort'}}, 'Duration': {'select': {'name': '15 min'}}}
Updated Quick Win: Text Kate about our wills → True
Archived item: Text Kate about our wills
Removed original block: 3531facc-c5ab-8082-a9fe-d668bd2ebc71
Created: Check flights to Italy
Updated metadata: Check flights to Italy → {'Effort': {'select': {'name': 'Small Effort'}}, 'Duration': {'select': {'name': '15 min'}}}
Updated Quick Win: Check flights to Italy → True
Archived item: Check flights to Italy
Removed original block: 3531facc-c5ab-8007-a572-ebbfcaf231de
Created: Pay Cogeco bill for Mum
Updated metadata: Pay Cogeco bill for Mum → {'Duration': {'select': {'name': '15 min'}}}
Archived item: Pay Cogeco bill for Mum (JDI) (urgent)
Removed original block: 3531facc-c5ab-80d4-99d7-f885085374c1
AI rewriting: Setup automatic payments for Cogeco for Mum on
→ Setup automatic payments for Cogeco for Mum
→ Too vague, forcing clarify step
Created: Clarify next action: Setup automatic payments for Cogeco for Mum on Wednesday
Updated metadata: Clarify next action: Setup automatic payments for Cogeco for Mum on Wednesday → {'Duration': {'select': {'name': '15 min'}}}
Archived item: Setup automatic payments for Cogeco for Mum on Wednesday (urgent)
Removed original block: 3531facc-c5ab-8094-a57e-df54279acd4e
AI rewriting: Resolve Cardwise issue for Mum
→ Resolve Cardwise issue for Mum
→ Too vague, forcing clarify step
Created: Clarify next action: Resolve Cardwise issue for Mum
Updated metadata: Clarify next action: Resolve Cardwise issue for Mum → {'Effort': {'select': {'name': 'Small Effort'}}, 'Duration': {'select': {'name': '15 min'}}}
Archived item: Resolve Cardwise issue for Mum (JDI) (urgent)
Removed original block: 3531facc-c5ab-80ac-94aa-ce698698c62d
Created 13 task(s)
Archived 9 processed item(s)
Updated Focus: Check beneficiaries on pensions → True
Updated Focus: Check beneficiaries on investments → True
Focused Quick Wins: 5/7
Removed original block: 3531facc-c5ab-81ef-bf9b-ca2e9bae0693
Trimmed 1 old archive run(s)
Using synced block: 34c1facc-c5ab-80cc-b68a-fe0229f8749b
Extracted 0 brain dump item(s)
Inbox empty → no-op.
Found 99 open unfinished tasks
Matches: 0

Possible matches (manual review): 0

Duplicate inbox items: 0

New tasks to create: 0
Created 0 task(s)
Archived 0 processed item(s)
Focused Quick Wins: 5/7
Using synced block: 34c1facc-c5ab-80cc-b68a-fe0229f8749b
Extracted 0 brain dump item(s)
Inbox empty → no-op.
Found 99 open unfinished tasks
Matches: 0

Possible matches (manual review): 0

Duplicate inbox items: 0

New tasks to create: 0
Created 0 task(s)
Archived 0 processed item(s)
Focused Quick Wins: 5/7
Using synced block: 34c1facc-c5ab-80cc-b68a-fe0229f8749b
Extracted 2 brain dump item(s)
Found 99 open unfinished tasks
Matches: 0

Possible matches (manual review): 0

Duplicate inbox items: 0

New tasks to create: 2
+ Remind Mick to send a thank you message to Ellen (urgent)
+ Make a baking plan for next week (urgent)
AI rewriting: Remind Mick to send a thank you message to Ellen
→ Remind Mick to send a thank you message to Ellen
→ Too vague, forcing clarify step
Created: Clarify next action: Remind Mick to send a thank you message to Ellen
Updated metadata: Clarify next action: Remind Mick to send a thank you message to Ellen → {'Effort': {'select': {'name': 'Small Effort'}}, 'Duration': {'select': {'name': '15 min'}}}
Archived item: Remind Mick to send a thank you message to Ellen (urgent)
Removed original block: 3531facc-c5ab-8008-8fe7-c44b112d7e50
Created: Make a baking plan for next week
Archived item: Make a baking plan for next week (urgent)
Removed original block: 3531facc-c5ab-80c2-bc3b-fec2a0310e05
Created 2 task(s)
Archived 2 processed item(s)
Focused Quick Wins: 5/7
Removed original block: 3531facc-c5ab-810d-b50b-c5a179f86f4b
Trimmed 1 old archive run(s)
Using synced block: 34c1facc-c5ab-80cc-b68a-fe0229f8749b
Extracted 0 brain dump item(s)
Inbox empty → no-op.
Found 100 open unfinished tasks
Matches: 0

Possible matches (manual review): 0

Duplicate inbox items: 0

New tasks to create: 0
Created 0 task(s)
Archived 0 processed item(s)
Focused Quick Wins: 5/8
Using synced block: 34c1facc-c5ab-80cc-b68a-fe0229f8749b
Extracted 0 brain dump item(s)
Inbox empty → no-op.
Found 100 open unfinished tasks
Matches: 0

Possible matches (manual review): 0

Duplicate inbox items: 0

New tasks to create: 0
Created 0 task(s)
Archived 0 processed item(s)
Focused Quick Wins: 5/8
Using synced block: 34c1facc-c5ab-80cc-b68a-fe0229f8749b
Extracted 2 brain dump item(s)
Found 100 open unfinished tasks
Matches: 0

Possible matches (manual review): 0

Duplicate inbox items: 0

New tasks to create: 2
+ Call Cogeco on Monday about automatic VISA payment declined for Mum (urgent)
+ Call VISA about declined automatic payment for Cogeco for Mum (urgent)
Created: Call Cogeco on about automatic VISA payment declined for Mum
Updated metadata: Call Cogeco on about automatic VISA payment declined for Mum → {'Duration': {'select': {'name': '15 min'}}}
Updated Quick Win: Call Cogeco on about automatic VISA payment declined for Mum → True
Archived item: Call Cogeco on Monday about automatic VISA payment declined for Mum (urgent)
Removed original block: 3531facc-c5ab-80a2-bea1-c20175e2647d
Created: Call VISA about declined automatic payment for Cogeco for Mum
Updated metadata: Call VISA about declined automatic payment for Cogeco for Mum → {'Duration': {'select': {'name': '15 min'}}}
Updated Quick Win: Call VISA about declined automatic payment for Cogeco for Mum → True
Archived item: Call VISA about declined automatic payment for Cogeco for Mum (urgent)
Removed original block: 3531facc-c5ab-8049-9224-e37110bc5dc3
Created 2 task(s)
Archived 2 processed item(s)
Focused Quick Wins: 5/10
Removed original block: 3531facc-c5ab-8146-aba9-e27bcc336422
Trimmed 1 old archive run(s)
Using synced block: 34c1facc-c5ab-80cc-b68a-fe0229f8749b
Extracted 0 brain dump item(s)
Inbox empty → no-op.
Found 100 open unfinished tasks
Matches: 0

Possible matches (manual review): 0

Duplicate inbox items: 0

New tasks to create: 0
Created 0 task(s)
Archived 0 processed item(s)
Focused Quick Wins: 5/10
Using synced block: 34c1facc-c5ab-80cc-b68a-fe0229f8749b
Extracted 1 brain dump item(s)
Found 100 open unfinished tasks
Matches: 0

Possible matches (manual review): 0

Duplicate inbox items: 0

New tasks to create: 1
+ Add appointment with Dr. Lai for Mum on July 2 to the calendar
Created: Add appointment with Dr. Lai for Mum on July 2 to the calendar
Updated metadata: Add appointment with Dr. Lai for Mum on July 2 to the calendar → {'Effort': {'select': {'name': 'Small Effort'}}, 'Duration': {'select': {'name': '15 min'}}}
Updated Quick Win: Add appointment with Dr. Lai for Mum on July 2 to the calendar → True
Archived item: Add appointment with Dr. Lai for Mum on July 2 to the calendar
Removed original block: 3531facc-c5ab-80bf-98df-c297d26312b2
Created 1 task(s)
Archived 1 processed item(s)
Focused Quick Wins: 5/11
Removed original block: 3531facc-c5ab-8108-bffd-e9268d8a5083
Trimmed 1 old archive run(s)
Using synced block: 34c1facc-c5ab-80cc-b68a-fe0229f8749b
Extracted 0 brain dump item(s)
Inbox empty → no-op.
Found 100 open unfinished tasks
Matches: 0

Possible matches (manual review): 0

Duplicate inbox items: 0

New tasks to create: 0
Created 0 task(s)
Archived 0 processed item(s)
Focused Quick Wins: 5/11
Using synced block: 34c1facc-c5ab-80cc-b68a-fe0229f8749b
Extracted 0 brain dump item(s)
Inbox empty → no-op.
Found 100 open unfinished tasks
Matches: 0

Possible matches (manual review): 0

Duplicate inbox items: 0

New tasks to create: 0
Created 0 task(s)
Archived 0 processed item(s)
Focused Quick Wins: 5/11
Using synced block: 34c1facc-c5ab-80cc-b68a-fe0229f8749b
Extracted 0 brain dump item(s)
Inbox empty → no-op.
Found 100 open unfinished tasks
Matches: 0

Possible matches (manual review): 0

Duplicate inbox items: 0

New tasks to create: 0
Created 0 task(s)
Archived 0 processed item(s)
Focused Quick Wins: 5/11
Using synced block: 34c1facc-c5ab-80cc-b68a-fe0229f8749b
Extracted 0 brain dump item(s)
Inbox empty → no-op.
Found 100 open unfinished tasks
Matches: 0

Possible matches (manual review): 0

Duplicate inbox items: 0

New tasks to create: 0
Created 0 task(s)
Archived 0 processed item(s)
Focused Quick Wins: 5/11
Using synced block: 34c1facc-c5ab-80cc-b68a-fe0229f8749b
Extracted 0 brain dump item(s)
Inbox empty → no-op.
Found 100 open unfinished tasks
Matches: 0

Possible matches (manual review): 0

Duplicate inbox items: 0

New tasks to create: 0
Created 0 task(s)
Archived 0 processed item(s)
Focused Quick Wins: 5/11
Using synced block: 34c1facc-c5ab-80cc-b68a-fe0229f8749b
Extracted 0 brain dump item(s)
Inbox empty → no-op.
Found 100 open unfinished tasks
Matches: 0

Possible matches (manual review): 0

Duplicate inbox items: 0

New tasks to create: 0
Created 0 task(s)
Archived 0 processed item(s)
Focused Quick Wins: 5/11
Using synced block: 34c1facc-c5ab-80cc-b68a-fe0229f8749b
Extracted 0 brain dump item(s)
Inbox empty → no-op.
Found 100 open unfinished tasks
Matches: 0

Possible matches (manual review): 0

Duplicate inbox items: 0

New tasks to create: 0
Created 0 task(s)
Archived 0 processed item(s)
Focused Quick Wins: 5/11
Using synced block: 34c1facc-c5ab-80cc-b68a-fe0229f8749b
Extracted 0 brain dump item(s)
Inbox empty → no-op.
Found 100 open unfinished tasks
Matches: 0

Possible matches (manual review): 0

Duplicate inbox items: 0

New tasks to create: 0
Created 0 task(s)
Archived 0 processed item(s)
Focused Quick Wins: 5/11
Using synced block: 34c1facc-c5ab-80cc-b68a-fe0229f8749b
Extracted 0 brain dump item(s)
Inbox empty → no-op.
Found 100 open unfinished tasks
Matches: 0

Possible matches (manual review): 0

Duplicate inbox items: 0

New tasks to create: 0
Created 0 task(s)
Archived 0 processed item(s)
Focused Quick Wins: 5/11
Using synced block: 34c1facc-c5ab-80cc-b68a-fe0229f8749b
Extracted 0 brain dump item(s)
Inbox empty → no-op.
Found 100 open unfinished tasks
Matches: 0

Possible matches (manual review): 0

Duplicate inbox items: 0

New tasks to create: 0
Created 0 task(s)
Archived 0 processed item(s)
Focused Quick Wins: 5/11
Using synced block: 34c1facc-c5ab-80cc-b68a-fe0229f8749b
Extracted 0 brain dump item(s)
Inbox empty → no-op.
Found 100 open unfinished tasks
Matches: 0

Possible matches (manual review): 0

Duplicate inbox items: 0

New tasks to create: 0
Created 0 task(s)
Archived 0 processed item(s)
Focused Quick Wins: 5/11
Using synced block: 34c1facc-c5ab-80cc-b68a-fe0229f8749b
Extracted 0 brain dump item(s)
Inbox empty → no-op.
Found 100 open unfinished tasks
Matches: 0

Possible matches (manual review): 0

Duplicate inbox items: 0

New tasks to create: 0
Created 0 task(s)
Archived 0 processed item(s)
Focused Quick Wins: 5/10
Using synced block: 34c1facc-c5ab-80cc-b68a-fe0229f8749b
Extracted 0 brain dump item(s)
Inbox empty → no-op.
Found 100 open unfinished tasks
Matches: 0

Possible matches (manual review): 0

Duplicate inbox items: 0

New tasks to create: 0
Created 0 task(s)
Archived 0 processed item(s)
Focused Quick Wins: 5/11
Using synced block: 34c1facc-c5ab-80cc-b68a-fe0229f8749b
Extracted 1 brain dump item(s)
Found 100 open unfinished tasks
Matches: 0

Possible matches (manual review): 0

Duplicate inbox items: 0

New tasks to create: 1
+ Call dentist office
Created: Call dentist office
Updated metadata: Call dentist office → {'Duration': {'select': {'name': '15 min'}}}
Updated Quick Win: Call dentist office → True
Archived item: Call dentist office
Removed original block: 3541facc-c5ab-808e-a862-fda7066801c5
Created 1 task(s)
Archived 1 processed item(s)
Focused Quick Wins: 5/12
Removed original block: 3541facc-c5ab-81bf-8ad8-e3c4e6529411
Trimmed 1 old archive run(s)
Using synced block: 34c1facc-c5ab-80cc-b68a-fe0229f8749b
Extracted 1 brain dump item(s)
Found 100 open unfinished tasks

--- Processing clarification selections ---
Matches: 0

Possible matches (manual review): 0

Duplicate inbox items: 0

New tasks to create: 1
+ Just another test task
AI rewriting: Just another test task
→ Clarify next action: Just another test task
→ Too vague, forcing clarify step
Created: Clarify next action: Just another test task
DEBUG task_title: Clarify next action: Just another test task
DEBUG: Adding clarification blocks
Added clarification blocks
Archived item: Just another test task
Removed original block: 3541facc-c5ab-804f-9418-efd4428582da
Created 1 task(s)
Archived 1 processed item(s)
Focused Quick Wins: 5/10
Removed original block: 3541facc-c5ab-81f1-a8db-f942d9220e14
Trimmed 1 old archive run(s)
Using synced block: 34c1facc-c5ab-80cc-b68a-fe0229f8749b
Extracted 0 brain dump item(s)
Inbox empty → no-op.
Found 100 open unfinished tasks

--- Processing clarification selections ---
Matches: 0

Possible matches (manual review): 0

Duplicate inbox items: 0

New tasks to create: 0
Created 0 task(s)
Archived 0 processed item(s)
Focused Quick Wins: 5/10
Using synced block: 34c1facc-c5ab-80cc-b68a-fe0229f8749b
Extracted 0 brain dump item(s)
Inbox empty → no-op.
Found 97 open unfinished tasks

--- Processing clarification selections ---
Matches: 0

Possible matches (manual review): 0

Duplicate inbox items: 0

New tasks to create: 0
Created 0 task(s)
Archived 0 processed item(s)
Updated Focus: Text Kate about our wills → True
Updated Focus: Check flights to Italy → True
Focused Quick Wins: 5/8
Using synced block: 34c1facc-c5ab-80cc-b68a-fe0229f8749b
Extracted 0 brain dump item(s)
Inbox empty → no-op.
Found 97 open unfinished tasks

--- Processing clarification selections ---
Matches: 0

Possible matches (manual review): 0

Duplicate inbox items: 0

New tasks to create: 0
Created 0 task(s)
Archived 0 processed item(s)
Focused Quick Wins: 5/8
Using synced block: 34c1facc-c5ab-80cc-b68a-fe0229f8749b
Extracted 3 brain dump item(s)
Found 97 open unfinished tasks

--- Processing clarification selections ---
Matches: 0

Possible matches (manual review): 0

Duplicate inbox items: 0

New tasks to create: 3
+ Order next book club book for Mum (JDI)
+ Reply to email from Jennifer Coyle about workshop follow up (JDI)
+ Plan to bake white bread on Monday (JDI)
Created: Order next book club book for Mum
Updated metadata: Order next book club book for Mum → {'Duration': {'select': {'name': '15 min'}}}
DEBUG task_title: Order next book club book for Mum
Archived item: Order next book club book for Mum (JDI)
Removed original block: 3541facc-c5ab-80a9-8113-d8a73e8ff2ba
Created: Reply to email from Jennifer Coyle about workshop follow up
Updated metadata: Reply to email from Jennifer Coyle about workshop follow up → {'Duration': {'select': {'name': '15 min'}}}
DEBUG task_title: Reply to email from Jennifer Coyle about workshop follow up
Archived item: Reply to email from Jennifer Coyle about workshop follow up (JDI)
Removed original block: 3541facc-c5ab-80dd-840f-f70e4edc972f
Created: Plan to bake white bread on
Updated metadata: Plan to bake white bread on → {'Effort': {'select': {'name': 'Medium Effort'}}, 'Duration': {'select': {'name': '60 min'}}}
DEBUG task_title: Plan to bake white bread on
Archived item: Plan to bake white bread on Monday (JDI)
Removed original block: 3541facc-c5ab-8012-9d40-e058aa3ef35d
Created 3 task(s)
Archived 3 processed item(s)
Focused Quick Wins: 5/8
Removed original block: 3541facc-c5ab-8193-9da3-c0f4de3daecb
Trimmed 1 old archive run(s)
Using synced block: 34c1facc-c5ab-80cc-b68a-fe0229f8749b
Extracted 0 brain dump item(s)
Inbox empty → no-op.
Found 99 open unfinished tasks

--- Processing clarification selections ---
Matches: 0

Possible matches (manual review): 0

Duplicate inbox items: 0

New tasks to create: 0
Created 0 task(s)
Archived 0 processed item(s)
Focused Quick Wins: 5/8
Using synced block: 34c1facc-c5ab-80cc-b68a-fe0229f8749b
Extracted 1 brain dump item(s)
Found 98 open unfinished tasks

--- Processing clarification selections ---
Matches: 0

Possible matches (manual review): 0

Duplicate inbox items: 0

New tasks to create: 1
+ Slice bread for Mum (JDI)
AI rewriting: Slice bread for Mum
→ Slice bread for Mum
→ Too vague, forcing clarify step
Created: Clarify next action: Slice bread for Mum
Updated metadata: Clarify next action: Slice bread for Mum → {'Effort': {'select': {'name': 'Small Effort'}}, 'Duration': {'select': {'name': '15 min'}}}
DEBUG task_title: Clarify next action: Slice bread for Mum
DEBUG: Adding clarification blocks
Added clarification blocks
Archived item: Slice bread for Mum (JDI)
Removed original block: 3541facc-c5ab-8020-8a11-de3fed17c874
Created 1 task(s)
Archived 1 processed item(s)
Focused Quick Wins: 5/8
Removed original block: 3541facc-c5ab-8152-9073-e4b3a2b17ff9
Trimmed 1 old archive run(s)
Using synced block: 34c1facc-c5ab-80cc-b68a-fe0229f8749b
Extracted 0 brain dump item(s)
Inbox empty → no-op.
Found 99 open unfinished tasks

--- Processing clarification selections ---
Matches: 0

Possible matches (manual review): 0

Duplicate inbox items: 0

New tasks to create: 0
Created 0 task(s)
Archived 0 processed item(s)
Focused Quick Wins: 5/8
Using synced block: 34c1facc-c5ab-80cc-b68a-fe0229f8749b
Extracted 0 brain dump item(s)
Inbox empty → no-op.
Found 99 open unfinished tasks

--- Processing clarification selections ---
Matches: 0

Possible matches (manual review): 0

Duplicate inbox items: 0

New tasks to create: 0
Created 0 task(s)
Archived 0 processed item(s)
Focused Quick Wins: 5/8
Using synced block: 34c1facc-c5ab-80cc-b68a-fe0229f8749b
Extracted 0 brain dump item(s)
Inbox empty → no-op.
Found 99 open unfinished tasks

--- Processing clarification selections ---
Matches: 0

Possible matches (manual review): 0

Duplicate inbox items: 0

New tasks to create: 0
Created 0 task(s)
Archived 0 processed item(s)
Focused Quick Wins: 5/8
Using synced block: 34c1facc-c5ab-80cc-b68a-fe0229f8749b
Extracted 0 brain dump item(s)
Inbox empty → no-op.
Found 98 open unfinished tasks

--- Processing clarification selections ---
Matches: 0

Possible matches (manual review): 0

Duplicate inbox items: 0

New tasks to create: 0
Created 0 task(s)
Archived 0 processed item(s)
Focused Quick Wins: 5/8
Using synced block: 34c1facc-c5ab-80cc-b68a-fe0229f8749b
Extracted 0 brain dump item(s)
Inbox empty → no-op.
Found 100 open unfinished tasks

--- Processing clarification selections ---
Matches: 0

Possible matches (manual review): 0

Duplicate inbox items: 0

New tasks to create: 0
Created 0 task(s)
Archived 0 processed item(s)
Focused Quick Wins: 5/9
Using synced block: 34c1facc-c5ab-80cc-b68a-fe0229f8749b
Extracted 0 brain dump item(s)
Inbox empty → no-op.
Found 100 open unfinished tasks

--- Processing clarification selections ---
Matches: 0

Possible matches (manual review): 0

Duplicate inbox items: 0

New tasks to create: 0
Created 0 task(s)
Archived 0 processed item(s)
Focused Quick Wins: 5/9
Using synced block: 34c1facc-c5ab-80cc-b68a-fe0229f8749b
Extracted 0 brain dump item(s)
Inbox empty → no-op.
Found 100 open unfinished tasks

--- Processing clarification selections ---
Matches: 0

Possible matches (manual review): 0

Duplicate inbox items: 0

New tasks to create: 0
Created 0 task(s)
Archived 0 processed item(s)
Focused Quick Wins: 5/9
Using synced block: 34c1facc-c5ab-80cc-b68a-fe0229f8749b
Extracted 0 brain dump item(s)
Inbox empty → no-op.
Found 100 open unfinished tasks

--- Processing clarification selections ---
Matches: 0

Possible matches (manual review): 0

Duplicate inbox items: 0

New tasks to create: 0
Created 0 task(s)
Archived 0 processed item(s)
Focused Quick Wins: 5/9
Using synced block: 34c1facc-c5ab-80cc-b68a-fe0229f8749b
Extracted 0 brain dump item(s)
Inbox empty → no-op.
Found 100 open unfinished tasks

--- Processing clarification selections ---
Matches: 0

Possible matches (manual review): 0

Duplicate inbox items: 0

New tasks to create: 0
Created 0 task(s)
Archived 0 processed item(s)
Focused Quick Wins: 5/9
Using synced block: 34c1facc-c5ab-80cc-b68a-fe0229f8749b
Extracted 3 brain dump item(s)
Found 100 open unfinished tasks

--- Processing clarification selections ---
Matches: 0

Possible matches (manual review): 0

Duplicate inbox items: 0

New tasks to create: 3
+ Write Mother’s Day card for Mum (JDI)
+ Pack up lasagna (JDI)
+ Pack cheese for home (JDI)
Created: Write Mother’s Day card for Mum
Updated metadata: Write Mother’s Day card for Mum → {'Effort': {'select': {'name': 'Small Effort'}}, 'Duration': {'select': {'name': '15 min'}}}
DEBUG task_title: Write Mother’s Day card for Mum
Archived item: Write Mother’s Day card for Mum (JDI)
Removed original block: 3551facc-c5ab-80d3-9e37-d41b436aca28
Created: Pack up lasagna
Updated metadata: Pack up lasagna → {'Effort': {'select': {'name': 'Small Effort'}}, 'Duration': {'select': {'name': '15 min'}}}
DEBUG task_title: Pack up lasagna
Archived item: Pack up lasagna (JDI)
Removed original block: 3551facc-c5ab-80ae-8dbe-f7a6a979c7d3
Created: Pack cheese for home
Updated metadata: Pack cheese for home → {'Effort': {'select': {'name': 'Small Effort'}}, 'Duration': {'select': {'name': '15 min'}}}
DEBUG task_title: Pack cheese for home
Archived item: Pack cheese for home (JDI)
Removed original block: 3551facc-c5ab-809f-bc9b-f9bd3d8b51d7
Created 3 task(s)
Archived 3 processed item(s)
Focused Quick Wins: 5/9
Removed original block: 3541facc-c5ab-8189-9992-f6f50203da30
Trimmed 1 old archive run(s)
Using synced block: 34c1facc-c5ab-80cc-b68a-fe0229f8749b
Extracted 0 brain dump item(s)
Inbox empty → no-op.
Found 100 open unfinished tasks

--- Processing clarification selections ---
Matches: 0

Possible matches (manual review): 0

Duplicate inbox items: 0

New tasks to create: 0
Created 0 task(s)
Archived 0 processed item(s)
Focused Quick Wins: 5/9
Using synced block: 34c1facc-c5ab-80cc-b68a-fe0229f8749b
Extracted 0 brain dump item(s)
Inbox empty → no-op.
Found 100 open unfinished tasks

--- Processing clarification selections ---
Matches: 0

Possible matches (manual review): 0

Duplicate inbox items: 0

New tasks to create: 0
Created 0 task(s)
Archived 0 processed item(s)
Focused Quick Wins: 5/9
Using synced block: 34c1facc-c5ab-80cc-b68a-fe0229f8749b
Extracted 0 brain dump item(s)
Inbox empty → no-op.
Found 100 open unfinished tasks

--- Processing clarification selections ---
Matches: 0

Possible matches (manual review): 0

Duplicate inbox items: 0

New tasks to create: 0
Created 0 task(s)
Archived 0 processed item(s)
Focused Quick Wins: 5/9
Using synced block: 34c1facc-c5ab-80cc-b68a-fe0229f8749b
Extracted 0 brain dump item(s)
Inbox empty → no-op.
Found 100 open unfinished tasks

--- Processing clarification selections ---
Matches: 0

Possible matches (manual review): 0

Duplicate inbox items: 0

New tasks to create: 0
Created 0 task(s)
Archived 0 processed item(s)
Focused Quick Wins: 5/9
Using synced block: 34c1facc-c5ab-80cc-b68a-fe0229f8749b
Extracted 1 brain dump item(s)
Found 99 open unfinished tasks

--- Processing clarification selections ---
Matches: 0

Possible matches (manual review): 0

Duplicate inbox items: 0

New tasks to create: 1
+ Put VW tires in garage (JDI)
Created: Put VW tires in garage
Updated metadata: Put VW tires in garage → {'Effort': {'select': {'name': 'Small Effort'}}, 'Duration': {'select': {'name': '30 min'}}}
DEBUG task_title: Put VW tires in garage
Archived item: Put VW tires in garage (JDI)
Removed original block: 3551facc-c5ab-8054-8a96-e652e1a58a29
Created 1 task(s)
Archived 1 processed item(s)
Focused Quick Wins: 5/9
Removed original block: 3551facc-c5ab-81ab-bd20-e99739731a84
Trimmed 1 old archive run(s)
Using synced block: 34c1facc-c5ab-80cc-b68a-fe0229f8749b
Extracted 0 brain dump item(s)
Inbox empty → no-op.
Found 100 open unfinished tasks

--- Processing clarification selections ---
Matches: 0

Possible matches (manual review): 0

Duplicate inbox items: 0

New tasks to create: 0
Created 0 task(s)
Archived 0 processed item(s)
Focused Quick Wins: 5/9
Using synced block: 34c1facc-c5ab-80cc-b68a-fe0229f8749b
Extracted 0 brain dump item(s)
Inbox empty → no-op.
Found 99 open unfinished tasks

--- Processing clarification selections ---
Matches: 0

Possible matches (manual review): 0

Duplicate inbox items: 0

New tasks to create: 0
Created 0 task(s)
Archived 0 processed item(s)
Focused Quick Wins: 5/9
Using synced block: 34c1facc-c5ab-80cc-b68a-fe0229f8749b
Extracted 0 brain dump item(s)
Inbox empty → no-op.
Found 99 open unfinished tasks

--- Processing clarification selections ---
Matches: 0

Possible matches (manual review): 0

Duplicate inbox items: 0

New tasks to create: 0
Created 0 task(s)
Archived 0 processed item(s)
Focused Quick Wins: 5/9
Using synced block: 34c1facc-c5ab-80cc-b68a-fe0229f8749b
Extracted 0 brain dump item(s)
Inbox empty → no-op.
Found 99 open unfinished tasks

--- Processing clarification selections ---
Matches: 0

Possible matches (manual review): 0

Duplicate inbox items: 0

New tasks to create: 0
Created 0 task(s)
Archived 0 processed item(s)
Focused Quick Wins: 5/9
Using synced block: 34c1facc-c5ab-80cc-b68a-fe0229f8749b
Extracted 0 brain dump item(s)
Inbox empty → no-op.
Found 99 open unfinished tasks

--- Processing clarification selections ---
Matches: 0

Possible matches (manual review): 0

Duplicate inbox items: 0

New tasks to create: 0
Created 0 task(s)
Archived 0 processed item(s)
Focused Quick Wins: 5/9
Using synced block: 34c1facc-c5ab-80cc-b68a-fe0229f8749b
Extracted 0 brain dump item(s)
Inbox empty → no-op.
Found 99 open unfinished tasks

--- Processing clarification selections ---
Matches: 0

Possible matches (manual review): 0

Duplicate inbox items: 0

New tasks to create: 0
Created 0 task(s)
Archived 0 processed item(s)
Focused Quick Wins: 5/9
Using synced block: 34c1facc-c5ab-80cc-b68a-fe0229f8749b
Extracted 0 brain dump item(s)
Inbox empty → no-op.
Found 100 open unfinished tasks

--- Processing clarification selections ---
Matches: 0

Possible matches (manual review): 0

Duplicate inbox items: 0

New tasks to create: 0
Created 0 task(s)
Archived 0 processed item(s)
Focused Quick Wins: 5/13
Using synced block: 34c1facc-c5ab-80cc-b68a-fe0229f8749b
Extracted 0 brain dump item(s)
Inbox empty → no-op.
Found 100 open unfinished tasks

--- Processing clarification selections ---
Matches: 0

Possible matches (manual review): 0

Duplicate inbox items: 0

New tasks to create: 0
Created 0 task(s)
Archived 0 processed item(s)
Focused Quick Wins: 5/13
Using synced block: 34c1facc-c5ab-80cc-b68a-fe0229f8749b
Extracted 0 brain dump item(s)
Inbox empty → no-op.
Found 100 open unfinished tasks

--- Processing clarification selections ---
Matches: 0

Possible matches (manual review): 0

Duplicate inbox items: 0

New tasks to create: 0
Created 0 task(s)
Archived 0 processed item(s)
Focused Quick Wins: 5/13
Using synced block: 34c1facc-c5ab-80cc-b68a-fe0229f8749b
Extracted 0 brain dump item(s)
Inbox empty → no-op.
Found 100 open unfinished tasks

--- Processing clarification selections ---
Matches: 0

Possible matches (manual review): 0

Duplicate inbox items: 0

New tasks to create: 0
Created 0 task(s)
Archived 0 processed item(s)
Focused Quick Wins: 5/13
Using synced block: 34c1facc-c5ab-80cc-b68a-fe0229f8749b
Extracted 0 brain dump item(s)
Inbox empty → no-op.
Found 100 open unfinished tasks

--- Processing clarification selections ---
Matches: 0

Possible matches (manual review): 0

Duplicate inbox items: 0

New tasks to create: 0
Created 0 task(s)
Archived 0 processed item(s)
Focused Quick Wins: 5/13
Using synced block: 34c1facc-c5ab-80cc-b68a-fe0229f8749b
Extracted 0 brain dump item(s)
Inbox empty → no-op.
Found 99 open unfinished tasks

--- Processing clarification selections ---
Matches: 0

Possible matches (manual review): 0

Duplicate inbox items: 0

New tasks to create: 0
Created 0 task(s)
Archived 0 processed item(s)
Focused Quick Wins: 5/9
Using synced block: 34c1facc-c5ab-80cc-b68a-fe0229f8749b
Extracted 0 brain dump item(s)
Inbox empty → no-op.
Found 100 open unfinished tasks

--- Processing clarification selections ---
Matches: 0

Possible matches (manual review): 0

Duplicate inbox items: 0

New tasks to create: 0
Created 0 task(s)
Archived 0 processed item(s)
Focused Quick Wins: 5/11
Using synced block: 34c1facc-c5ab-80cc-b68a-fe0229f8749b
Extracted 0 brain dump item(s)
Inbox empty → no-op.
Found 100 open unfinished tasks

--- Processing clarification selections ---
Matches: 0

Possible matches (manual review): 0

Duplicate inbox items: 0

New tasks to create: 0
Created 0 task(s)
Archived 0 processed item(s)
Focused Quick Wins: 5/14
Using synced block: 34c1facc-c5ab-80cc-b68a-fe0229f8749b
Extracted 0 brain dump item(s)
Inbox empty → no-op.
Found 100 open unfinished tasks

--- Processing clarification selections ---
Matches: 0

Possible matches (manual review): 0

Duplicate inbox items: 0

New tasks to create: 0
Created 0 task(s)
Archived 0 processed item(s)
Focused Quick Wins: 5/16
Using synced block: 34c1facc-c5ab-80cc-b68a-fe0229f8749b
Extracted 0 brain dump item(s)
Inbox empty → no-op.
Found 100 open unfinished tasks

--- Processing clarification selections ---
Matches: 0

Possible matches (manual review): 0

Duplicate inbox items: 0

New tasks to create: 0
Created 0 task(s)
Archived 0 processed item(s)
Focused Quick Wins: 5/16
Using synced block: 34c1facc-c5ab-80cc-b68a-fe0229f8749b
Extracted 0 brain dump item(s)
Inbox empty → no-op.
Found 100 open unfinished tasks

--- Processing clarification selections ---
Matches: 0

Possible matches (manual review): 0

Duplicate inbox items: 0

New tasks to create: 0
Created 0 task(s)
Archived 0 processed item(s)
Focused Quick Wins: 5/16
Using synced block: 34c1facc-c5ab-80cc-b68a-fe0229f8749b
Extracted 0 brain dump item(s)
Inbox empty → no-op.
Found 100 open unfinished tasks

--- Processing clarification selections ---
Matches: 0

Possible matches (manual review): 0

Duplicate inbox items: 0

New tasks to create: 0
Created 0 task(s)
Archived 0 processed item(s)
Focused Quick Wins: 5/16
Using synced block: 34c1facc-c5ab-80cc-b68a-fe0229f8749b
Extracted 0 brain dump item(s)
Inbox empty → no-op.
Found 100 open unfinished tasks

--- Processing clarification selections ---
Matches: 0

Possible matches (manual review): 0

Duplicate inbox items: 0

New tasks to create: 0
Created 0 task(s)
Archived 0 processed item(s)
Focused Quick Wins: 5/16
Using synced block: 34c1facc-c5ab-80cc-b68a-fe0229f8749b
Extracted 0 brain dump item(s)
Inbox empty → no-op.
Found 100 open unfinished tasks

--- Processing clarification selections ---
Matches: 0

Possible matches (manual review): 0

Duplicate inbox items: 0

New tasks to create: 0
Created 0 task(s)
Archived 0 processed item(s)
Focused Quick Wins: 5/16
Using synced block: 34c1facc-c5ab-80cc-b68a-fe0229f8749b
Extracted 0 brain dump item(s)
Inbox empty → no-op.
Found 100 open unfinished tasks

--- Processing clarification selections ---
Matches: 0

Possible matches (manual review): 0

Duplicate inbox items: 0

New tasks to create: 0
Created 0 task(s)
Archived 0 processed item(s)
Focused Quick Wins: 5/16
Using synced block: 34c1facc-c5ab-80cc-b68a-fe0229f8749b
Extracted 0 brain dump item(s)
Inbox empty → no-op.
Found 100 open unfinished tasks

--- Processing clarification selections ---
Matches: 0

Possible matches (manual review): 0

Duplicate inbox items: 0

New tasks to create: 0
Created 0 task(s)
Archived 0 processed item(s)
Focused Quick Wins: 5/16
Using synced block: 34c1facc-c5ab-80cc-b68a-fe0229f8749b
Extracted 0 brain dump item(s)
Inbox empty → no-op.
Found 100 open unfinished tasks

--- Processing clarification selections ---
Matches: 0

Possible matches (manual review): 0

Duplicate inbox items: 0

New tasks to create: 0
Created 0 task(s)
Archived 0 processed item(s)
Focused Quick Wins: 5/16
Using synced block: 34c1facc-c5ab-80cc-b68a-fe0229f8749b
Extracted 0 brain dump item(s)
Inbox empty → no-op.
Found 100 open unfinished tasks

--- Processing clarification selections ---
Matches: 0

Possible matches (manual review): 0

Duplicate inbox items: 0

New tasks to create: 0
Created 0 task(s)
Archived 0 processed item(s)
Focused Quick Wins: 5/16
Using synced block: 34c1facc-c5ab-80cc-b68a-fe0229f8749b
Extracted 0 brain dump item(s)
Inbox empty → no-op.
Found 100 open unfinished tasks

--- Processing clarification selections ---
Matches: 0

Possible matches (manual review): 0

Duplicate inbox items: 0

New tasks to create: 0
Created 0 task(s)
Archived 0 processed item(s)
Focused Quick Wins: 5/16
Using synced block: 34c1facc-c5ab-80cc-b68a-fe0229f8749b
Extracted 0 brain dump item(s)
Inbox empty → no-op.
Found 100 open unfinished tasks

--- Processing clarification selections ---
Matches: 0

Possible matches (manual review): 0

Duplicate inbox items: 0

New tasks to create: 0
Created 0 task(s)
Archived 0 processed item(s)
Focused Quick Wins: 5/16
Using synced block: 34c1facc-c5ab-80cc-b68a-fe0229f8749b
Extracted 0 brain dump item(s)
Inbox empty → no-op.
Found 100 open unfinished tasks

--- Processing clarification selections ---
Matches: 0

Possible matches (manual review): 0

Duplicate inbox items: 0

New tasks to create: 0
Created 0 task(s)
Archived 0 processed item(s)
Focused Quick Wins: 5/16
Using synced block: 34c1facc-c5ab-80cc-b68a-fe0229f8749b
Extracted 0 brain dump item(s)
Inbox empty → no-op.
Found 100 open unfinished tasks

--- Processing clarification selections ---
Matches: 0

Possible matches (manual review): 0

Duplicate inbox items: 0

New tasks to create: 0
Created 0 task(s)
Archived 0 processed item(s)
Focused Quick Wins: 5/16
Using synced block: 34c1facc-c5ab-80cc-b68a-fe0229f8749b
Extracted 0 brain dump item(s)
Inbox empty → no-op.
Found 100 open unfinished tasks

--- Processing clarification selections ---
Matches: 0

Possible matches (manual review): 0

Duplicate inbox items: 0

New tasks to create: 0
Created 0 task(s)
Archived 0 processed item(s)
Focused Quick Wins: 5/16
Using synced block: 34c1facc-c5ab-80cc-b68a-fe0229f8749b
Extracted 0 brain dump item(s)
Inbox empty → no-op.
Found 100 open unfinished tasks

--- Processing clarification selections ---
Matches: 0

Possible matches (manual review): 0

Duplicate inbox items: 0

New tasks to create: 0
Created 0 task(s)
Archived 0 processed item(s)
Focused Quick Wins: 5/16
Using synced block: 34c1facc-c5ab-80cc-b68a-fe0229f8749b
Extracted 0 brain dump item(s)
Inbox empty → no-op.
Found 100 open unfinished tasks

--- Processing clarification selections ---
Matches: 0

Possible matches (manual review): 0

Duplicate inbox items: 0

New tasks to create: 0
Created 0 task(s)
Archived 0 processed item(s)
Focused Quick Wins: 5/16
Using synced block: 34c1facc-c5ab-80cc-b68a-fe0229f8749b
Extracted 0 brain dump item(s)
Inbox empty → no-op.
Found 100 open unfinished tasks

--- Processing clarification selections ---
Matches: 0

Possible matches (manual review): 0

Duplicate inbox items: 0

New tasks to create: 0
Created 0 task(s)
Archived 0 processed item(s)
Focused Quick Wins: 5/16
Using synced block: 34c1facc-c5ab-80cc-b68a-fe0229f8749b
Extracted 0 brain dump item(s)
Inbox empty → no-op.
Found 100 open unfinished tasks

--- Processing clarification selections ---
Matches: 0

Possible matches (manual review): 0

Duplicate inbox items: 0

New tasks to create: 0
Created 0 task(s)
Archived 0 processed item(s)
Focused Quick Wins: 5/16
Using synced block: 34c1facc-c5ab-80cc-b68a-fe0229f8749b
Extracted 0 brain dump item(s)
Inbox empty → no-op.
Found 100 open unfinished tasks

--- Processing clarification selections ---
Matches: 0

Possible matches (manual review): 0

Duplicate inbox items: 0

New tasks to create: 0
Created 0 task(s)
Archived 0 processed item(s)
Focused Quick Wins: 5/16
Using synced block: 34c1facc-c5ab-80cc-b68a-fe0229f8749b
Extracted 0 brain dump item(s)
Inbox empty → no-op.
Found 100 open unfinished tasks

--- Processing clarification selections ---
Matches: 0

Possible matches (manual review): 0

Duplicate inbox items: 0

New tasks to create: 0
Created 0 task(s)
Archived 0 processed item(s)
Focused Quick Wins: 5/16
Using synced block: 34c1facc-c5ab-80cc-b68a-fe0229f8749b
Extracted 0 brain dump item(s)
Inbox empty → no-op.
Found 100 open unfinished tasks

--- Processing clarification selections ---
Matches: 0

Possible matches (manual review): 0

Duplicate inbox items: 0

New tasks to create: 0
Created 0 task(s)
Archived 0 processed item(s)
Focused Quick Wins: 5/16
Using synced block: 34c1facc-c5ab-80cc-b68a-fe0229f8749b
Extracted 1 brain dump item(s)
Found 100 open unfinished tasks

--- Processing clarification selections ---
Matches: 0

Possible matches (manual review): 0

Duplicate inbox items: 0

New tasks to create: 1
+ Decide who will take Mum to appointment with Dr. Lai
AI rewriting: Decide who will take Mum to appointment with Dr. Lai
→ Decide who will take Mum to appointment with Dr. Lai
→ Too vague, forcing clarify step
Created: Clarify next action: Decide who will take Mum to appointment with Dr. Lai
Updated metadata: Clarify next action: Decide who will take Mum to appointment with Dr. Lai → {'Effort': {'select': {'name': 'Small Effort'}}, 'Duration': {'select': {'name': '15 min'}}}
Added clarification blocks
Archived item: Decide who will take Mum to appointment with Dr. Lai
Removed original block: 3561facc-c5ab-80a0-9797-fddd3ab4fbdc
Created 1 task(s)
Archived 1 processed item(s)
Focused Quick Wins: 5/16
Removed original block: 3561facc-c5ab-817e-b7e4-e7d9f4046f5e
Trimmed 1 old archive run(s)
Using synced block: 34c1facc-c5ab-80cc-b68a-fe0229f8749b
Extracted 0 brain dump item(s)
Inbox empty → no-op.
Found 100 open unfinished tasks

--- Processing clarification selections ---
Updated task → Message  family members to ask who can take Mum to appointment with Dr. Lai
Cleared clarification blocks
Matches: 0

Possible matches (manual review): 0

Duplicate inbox items: 0

New tasks to create: 0
Created 0 task(s)
Archived 0 processed item(s)
Focused Quick Wins: 5/16
Using synced block: 34c1facc-c5ab-80cc-b68a-fe0229f8749b
Extracted 0 brain dump item(s)
Inbox empty → no-op.
Found 100 open unfinished tasks

--- Processing clarification selections ---
Matches: 0

Possible matches (manual review): 0

Duplicate inbox items: 0

New tasks to create: 0
Created 0 task(s)
Archived 0 processed item(s)
Focused Quick Wins: 5/16
Using synced block: 34c1facc-c5ab-80cc-b68a-fe0229f8749b
Extracted 0 brain dump item(s)
Inbox empty → no-op.
Found 100 open unfinished tasks

--- Processing clarification selections ---
Matches: 0

Possible matches (manual review): 0

Duplicate inbox items: 0

New tasks to create: 0
Created 0 task(s)
Archived 0 processed item(s)
Focused Quick Wins: 5/16
Using synced block: 34c1facc-c5ab-80cc-b68a-fe0229f8749b
Extracted 0 brain dump item(s)
Inbox empty → no-op.
Found 100 open unfinished tasks

--- Processing clarification selections ---
Matches: 0

Possible matches (manual review): 0

Duplicate inbox items: 0

New tasks to create: 0
Created 0 task(s)
Archived 0 processed item(s)
Focused Quick Wins: 5/16
Using synced block: 34c1facc-c5ab-80cc-b68a-fe0229f8749b
Extracted 0 brain dump item(s)
Inbox empty → no-op.
Found 100 open unfinished tasks

--- Processing clarification selections ---
Matches: 0

Possible matches (manual review): 0

Duplicate inbox items: 0

New tasks to create: 0
Created 0 task(s)
Archived 0 processed item(s)
Focused Quick Wins: 5/16
Using synced block: 34c1facc-c5ab-80cc-b68a-fe0229f8749b
Extracted 0 brain dump item(s)
Inbox empty → no-op.
Found 100 open unfinished tasks

--- Processing clarification selections ---
Matches: 0

Possible matches (manual review): 0

Duplicate inbox items: 0

New tasks to create: 0
Created 0 task(s)
Archived 0 processed item(s)
Focused Quick Wins: 5/16
Using synced block: 34c1facc-c5ab-80cc-b68a-fe0229f8749b
Extracted 0 brain dump item(s)
Inbox empty → no-op.
Found 100 open unfinished tasks

--- Processing clarification selections ---
Matches: 0

Possible matches (manual review): 0

Duplicate inbox items: 0

New tasks to create: 0
Created 0 task(s)
Archived 0 processed item(s)
Focused Quick Wins: 5/16
Using synced block: 34c1facc-c5ab-80cc-b68a-fe0229f8749b
Extracted 0 brain dump item(s)
Inbox empty → no-op.
Found 100 open unfinished tasks

--- Processing clarification selections ---
Matches: 0

Possible matches (manual review): 0

Duplicate inbox items: 0

New tasks to create: 0
Created 0 task(s)
Archived 0 processed item(s)
Focused Quick Wins: 5/16
Using synced block: 34c1facc-c5ab-80cc-b68a-fe0229f8749b
Extracted 0 brain dump item(s)
Inbox empty → no-op.
Found 100 open unfinished tasks

--- Processing clarification selections ---
Matches: 0

Possible matches (manual review): 0

Duplicate inbox items: 0

New tasks to create: 0
Created 0 task(s)
Archived 0 processed item(s)
Focused Quick Wins: 5/16
Using synced block: 34c1facc-c5ab-80cc-b68a-fe0229f8749b
Extracted 0 brain dump item(s)
Inbox empty → no-op.
Found 100 open unfinished tasks

--- Processing clarification selections ---
Matches: 0

Possible matches (manual review): 0

Duplicate inbox items: 0

New tasks to create: 0
Created 0 task(s)
Archived 0 processed item(s)
Focused Quick Wins: 5/16
Using synced block: 34c1facc-c5ab-80cc-b68a-fe0229f8749b
Extracted 0 brain dump item(s)
Inbox empty → no-op.
Found 100 open unfinished tasks

--- Processing clarification selections ---
Matches: 0

Possible matches (manual review): 0

Duplicate inbox items: 0

New tasks to create: 0
Created 0 task(s)
Archived 0 processed item(s)
Focused Quick Wins: 5/16
Using synced block: 34c1facc-c5ab-80cc-b68a-fe0229f8749b
Extracted 2 brain dump item(s)
Found 100 open unfinished tasks

--- Processing clarification selections ---
Matches: 0

Possible matches (manual review): 2
~ Call dentist office → possible match: Call dentist (score: 0.81)
~ Packaging labels → possible match: Create packaging labels (score: 0.82)

Duplicate inbox items: 0

New tasks to create: 0
Possible duplicate confirmed as existing: Call dentist office
Archived item: Call dentist office
Removed original block: 3561facc-c5ab-8031-959d-fca5d81db952
Created 0 task(s)
Archived 1 processed item(s)
Focused Quick Wins: 5/16
Removed original block: 3561facc-c5ab-81a3-96c3-fe74f2707f6d
Trimmed 1 old archive run(s)
Using synced block: 34c1facc-c5ab-80cc-b68a-fe0229f8749b
Extracted 1 brain dump item(s)
Found 100 open unfinished tasks

--- Processing clarification selections ---
Question selected for structurally vague task → keeping clarification open
Updated clarification title → Clarify next action: Email guy about thing → Who is the intended recipient of the email?
Cleared clarification blocks
Added clarification blocks
Updated task → Restart Mum’s phone
Cleared clarification blocks
Matches: 0

Possible matches (manual review): 1
~ Packaging labels → possible match: Create packaging labels (score: 0.82)

Duplicate inbox items: 0

New tasks to create: 0
Possible duplicate confirmed as existing: Packaging labels
Archived item: Packaging labels
ERROR removing original block: 3561facc-c5ab-8032-84d4-f27158158fd1
400 {"object":"error","status":400,"code":"validation_error","message":"Can't edit block that is archived. You must unarchive the block before editing.","request_id":"4bcd8607-8822-4e17-b2ad-c948c43d6a16"}
Created 0 task(s)
Archived 1 processed item(s)
Focused Quick Wins: 5/12
ERROR removing original block: 3561facc-c5ab-81cb-9a50-f40a88426a40
400 {"object":"error","status":400,"code":"validation_error","message":"Can't edit block that is archived. You must unarchive the block before editing.","request_id":"b296b6ae-e74a-4cac-a81b-87de0dd7cf33"}
Removed original block: 3561facc-c5ab-8121-ba76-fce92441f168
Trimmed 2 old archive run(s)
Using synced block: 34c1facc-c5ab-80cc-b68a-fe0229f8749b
Extracted 0 brain dump item(s)
Inbox empty → no-op.
Found 100 open unfinished tasks

--- Processing clarification selections ---
Matches: 0

Possible matches (manual review): 0

Duplicate inbox items: 0

New tasks to create: 0
Controlled production limit: processing 0 of 0 new item(s)

--- RUN MODE ---
DRY_RUN: False
MAX_ITEMS_PER_RUN: 5
ARCHIVE_PROCESSED_ITEMS: True
Created 0 task(s)
Archived 0 processed item(s)
Focused Quick Wins: 5/12
Using synced block: 34c1facc-c5ab-80cc-b68a-fe0229f8749b
Extracted 4 brain dump item(s)
Found 96 open unfinished tasks

--- Processing clarification selections ---
Matches: 0

Possible matches (manual review): 0

Duplicate inbox items: 0

New tasks to create: 4
+ Unpack box from Almanac presentation (JDI)
+ Defrost pork for dinner (JDI)
+ Setup new earbuds for iPhone
+ Print labels for bread (JDI)
Controlled production limit: processing 4 of 4 new item(s)

--- RUN MODE ---
DRY_RUN: False
MAX_ITEMS_PER_RUN: 5
ARCHIVE_PROCESSED_ITEMS: True

PROCESSING: Unpack box from Almanac presentation (JDI)
AI soft rewriting: Unpack box from Almanac presentation
→ no soft rewrite needed
Created: Unpack box from Almanac presentation
Updated metadata: Unpack box from Almanac presentation → {'Effort': {'select': {'name': 'Small Effort'}}, 'Duration': {'select': {'name': '15 min'}}}
Archived item: Unpack box from Almanac presentation (JDI)
Removed original block: 3561facc-c5ab-8095-8c70-f2485b9c773f

PROCESSING: Defrost pork for dinner (JDI)
Created: Defrost pork for dinner
Updated metadata: Defrost pork for dinner → {'Effort': {'select': {'name': 'Small Effort'}}, 'Duration': {'select': {'name': '60 min'}}}
Archived item: Defrost pork for dinner (JDI)
Removed original block: 3561facc-c5ab-8046-a366-c6961477e31f

PROCESSING: Setup new earbuds for iPhone
AI rewriting: Setup new earbuds for iPhone
→ Setup new earbuds for iPhone
→ Too vague, forcing clarify step
Created: Clarify next action: Setup new earbuds for iPhone
Updated metadata: Clarify next action: Setup new earbuds for iPhone → {'Effort': {'select': {'name': 'Small Effort'}}, 'Duration': {'select': {'name': '15 min'}}}
Added clarification blocks
Archived item: Setup new earbuds for iPhone
Removed original block: 3561facc-c5ab-8055-9daf-c3853d99d944

PROCESSING: Print labels for bread (JDI)
AI soft rewriting: Print labels for bread
→ no soft rewrite needed
Created: Print labels for bread
Updated metadata: Print labels for bread → {'Effort': {'select': {'name': 'Small Effort'}}, 'Duration': {'select': {'name': '15 min'}}}
Archived item: Print labels for bread (JDI)
Removed original block: 3561facc-c5ab-80c8-827a-e025dcb164f4
Created 4 task(s)
Archived 4 processed item(s)
Focused Quick Wins: 5/8
Removed original block: 3561facc-c5ab-8152-9926-c602736dbf4b
Trimmed 1 old archive run(s)
Using synced block: 34c1facc-c5ab-80cc-b68a-fe0229f8749b
Extracted 5 brain dump item(s)
Found 98 open unfinished tasks

--- Processing clarification selections ---
Matches: 0

Possible matches (manual review): 0

Duplicate inbox items: 0

New tasks to create: 5
+ Setup new earbuds for iPhone
+ Install printer drivers
+ Configure WiFi router
+ Organize pantry
+ Design new label for 50% Whole Wheat Sourdough Tin Loaf (JDI)
Controlled production limit: processing 5 of 5 new item(s)

--- RUN MODE ---
DRY_RUN: False
MAX_ITEMS_PER_RUN: 5
ARCHIVE_PROCESSED_ITEMS: True

PROCESSING: Setup new earbuds for iPhone
AI soft rewriting: Setup new earbuds for iPhone
→ no soft rewrite needed
Breaking down: Setup new earbuds for iPhone

--- BREAKDOWN ---
Parent: Setup new earbuds for iPhone
 - Check compatibility of earbuds with iPhone
 - Turn on Bluetooth on the iPhone
 - Put earbuds in pairing mode
 - Select earbuds from the iPhone Bluetooth device list
 - Confirm successful connection and test audio playback
Created: Setup new earbuds for iPhone
Updated metadata: Setup new earbuds for iPhone → {'Effort': {'select': {'name': 'Small Effort'}}, 'Duration': {'select': {'name': '15 min'}}}
Created: Check compatibility of earbuds with iPhone
Updated metadata: Check compatibility of earbuds with iPhone → {'Effort': {'select': {'name': 'Small Effort'}}, 'Duration': {'select': {'name': '15 min'}}}
Updated Quick Win: Check compatibility of earbuds with iPhone → True
Created: Turn on Bluetooth on the iPhone
Updated metadata: Turn on Bluetooth on the iPhone → {'Effort': {'select': {'name': 'Small Effort'}}, 'Duration': {'select': {'name': '15 min'}}}
Created: Put earbuds in pairing mode
Updated metadata: Put earbuds in pairing mode → {'Effort': {'select': {'name': 'Small Effort'}}, 'Duration': {'select': {'name': '15 min'}}}
Created: Select earbuds from the iPhone Bluetooth device list
Updated metadata: Select earbuds from the iPhone Bluetooth device list → {'Effort': {'select': {'name': 'Small Effort'}}, 'Duration': {'select': {'name': '15 min'}}}
Created: Confirm successful connection and test audio playback
Updated metadata: Confirm successful connection and test audio playback → {'Effort': {'select': {'name': 'Small Effort'}}, 'Duration': {'select': {'name': '15 min'}}}
Updated Quick Win: Confirm successful connection and test audio playback → True
Archived item: Setup new earbuds for iPhone
Removed original block: 3561facc-c5ab-806b-b33e-fcbabf4f1af8

PROCESSING: Install printer drivers
AI soft rewriting: Install printer drivers
→ no soft rewrite needed
Breaking down: Install printer drivers

--- BREAKDOWN ---
Parent: Install printer drivers
 - Check the printer model and operating system compatibility.
 - Download the appropriate printer drivers from the official website.
 - Run the driver installation file.
 - Follow on-screen prompts to complete the installation.
 - Test the printer to ensure proper installation.
Created: Install printer drivers
Updated metadata: Install printer drivers → {'Effort': {'select': {'name': 'Small Effort'}}, 'Duration': {'select': {'name': '30 min'}}}
Created: Check the printer model and operating system compatibility.
Updated metadata: Check the printer model and operating system compatibility. → {'Effort': {'select': {'name': 'Small Effort'}}, 'Duration': {'select': {'name': '15 min'}}}
Updated Quick Win: Check the printer model and operating system compatibility. → True
Created: Download the appropriate printer drivers from the official website.
Updated metadata: Download the appropriate printer drivers from the official website. → {'Effort': {'select': {'name': 'Small Effort'}}, 'Duration': {'select': {'name': '30 min'}}}
Updated Quick Win: Download the appropriate printer drivers from the official website. → True
Created: Run the driver installation file.
Updated metadata: Run the driver installation file. → {'Effort': {'select': {'name': 'Small Effort'}}, 'Duration': {'select': {'name': '15 min'}}}
Updated Quick Win: Run the driver installation file. → True
Created: Follow on-screen prompts to complete the installation.
Updated metadata: Follow on-screen prompts to complete the installation. → {'Effort': {'select': {'name': 'Small Effort'}}, 'Duration': {'select': {'name': '30 min'}}}
Updated Quick Win: Follow on-screen prompts to complete the installation. → True
Created: Test the printer to ensure proper installation.
Updated metadata: Test the printer to ensure proper installation. → {'Effort': {'select': {'name': 'Small Effort'}}, 'Duration': {'select': {'name': '15 min'}}}
Updated Quick Win: Test the printer to ensure proper installation. → True
Archived item: Install printer drivers
Removed original block: 3561facc-c5ab-80c1-b082-c10d6596b203

PROCESSING: Configure WiFi router
AI soft rewriting: Configure WiFi router
→ no soft rewrite needed
Breaking down: Configure WiFi router

--- BREAKDOWN ---
Parent: Configure WiFi router
 - Identify the router model and access the router’s admin interface.
 - Verify available WiFi network settings and security options.
 - Set the WiFi network name (SSID) and password.
 - Configure additional settings such as network mode and channel.
 - Save the configuration and restart the router if necessary.
Created: Configure WiFi router
Updated metadata: Configure WiFi router → {'Effort': {'select': {'name': 'Medium Effort'}}, 'Duration': {'select': {'name': '30 min'}}}
Created: Identify the router model and access the router’s admin interface.
Updated metadata: Identify the router model and access the router’s admin interface. → {'Effort': {'select': {'name': 'Small Effort'}}, 'Duration': {'select': {'name': '15 min'}}}
Created: Verify available WiFi network settings and security options.
Updated metadata: Verify available WiFi network settings and security options. → {'Effort': {'select': {'name': 'Small Effort'}}, 'Duration': {'select': {'name': '15 min'}}}
Created: Set the WiFi network name (SSID) and password.
Updated metadata: Set the WiFi network name (SSID) and password. → {'Effort': {'select': {'name': 'Small Effort'}}, 'Duration': {'select': {'name': '15 min'}}}
Created: Configure additional settings such as network mode and channel.
Updated metadata: Configure additional settings such as network mode and channel. → {'Effort': {'select': {'name': 'Small Effort'}}, 'Duration': {'select': {'name': '30 min'}}}
Created: Save the configuration and restart the router if necessary.
Updated metadata: Save the configuration and restart the router if necessary. → {'Effort': {'select': {'name': 'Small Effort'}}, 'Duration': {'select': {'name': '15 min'}}}
Archived item: Configure WiFi router
Removed original block: 3561facc-c5ab-80e8-9a5d-dde207d17aec

PROCESSING: Organize pantry
AI soft rewriting: Organize pantry
→ no soft rewrite needed
Breaking down: Organize pantry

--- BREAKDOWN ---
Parent: Organize pantry
 - Remove all items from the pantry.
 - Sort items by category (e.g., canned goods, grains, snacks).
 - Check expiry dates and discard expired items.
 - Clean pantry shelves thoroughly.
 - Arrange items back into the pantry by category.
Created: Organize pantry
Updated metadata: Organize pantry → {'Effort': {'select': {'name': 'Medium Effort'}}, 'Duration': {'select': {'name': '60 min'}}}
Created: Remove all items from the pantry.
Updated metadata: Remove all items from the pantry. → {'Effort': {'select': {'name': 'Medium Effort'}}, 'Duration': {'select': {'name': '30 min'}}}
Created: Sort items by category (e.g., canned goods, grains, snacks).
Updated metadata: Sort items by category (e.g., canned goods, grains, snacks). → {'Effort': {'select': {'name': 'Small Effort'}}, 'Duration': {'select': {'name': '30 min'}}}
Updated Quick Win: Sort items by category (e.g., canned goods, grains, snacks). → True
Created: Check expiry dates and discard expired items.
Updated metadata: Check expiry dates and discard expired items. → {'Effort': {'select': {'name': 'Small Effort'}}, 'Duration': {'select': {'name': '30 min'}}}
Updated Quick Win: Check expiry dates and discard expired items. → True
Created: Clean pantry shelves thoroughly.
Updated metadata: Clean pantry shelves thoroughly. → {'Effort': {'select': {'name': 'Medium Effort'}}, 'Duration': {'select': {'name': '60 min'}}}
Created: Arrange items back into the pantry by category.
Updated metadata: Arrange items back into the pantry by category. → {'Effort': {'select': {'name': 'Medium Effort'}}, 'Duration': {'select': {'name': '30 min'}}}
Archived item: Organize pantry
Removed original block: 3561facc-c5ab-809d-a592-cfa0ca52a8a4

PROCESSING: Design new label for 50% Whole Wheat Sourdough Tin Loaf (JDI)
AI rewriting: Design new label for 50% Whole Wheat Sourdough Tin Loaf
→ Design new label for 50% Whole Wheat Sourdough Tin Loaf
→ Too vague, forcing clarify step
Created: Clarify next action: Design new label for 50% Whole Wheat Sourdough Tin Loaf
Updated metadata: Clarify next action: Design new label for 50% Whole Wheat Sourdough Tin Loaf → {'Effort': {'select': {'name': 'Small Effort'}}, 'Duration': {'select': {'name': '30 min'}}}
Added clarification blocks
Archived item: Design new label for 50% Whole Wheat Sourdough Tin Loaf (JDI)
Removed original block: 3561facc-c5ab-8034-bafa-e545125aeb23
Created 25 task(s)
Archived 5 processed item(s)
Focused Quick Wins: 5/17
Removed original block: 3561facc-c5ab-8117-b05f-f02177319ac9
Trimmed 1 old archive run(s)
Using synced block: 34c1facc-c5ab-80cc-b68a-fe0229f8749b
Extracted 2 brain dump item(s)
Found 100 open unfinished tasks

--- Processing clarification selections ---
Matches: 0

Possible matches (manual review): 0

Duplicate inbox items: 0

New tasks to create: 2
+ Design new label for 50% Whole Wheat Sourdough Tin Loaf
+ Create first draft label in Canva for 50% Whole Wheat Sourdough Tin Loaf
Controlled production limit: processing 2 of 2 new item(s)

--- RUN MODE ---
DRY_RUN: False
MAX_ITEMS_PER_RUN: 5
ARCHIVE_PROCESSED_ITEMS: True

PROCESSING: Design new label for 50% Whole Wheat Sourdough Tin Loaf
AI rewriting: Design new label for 50% Whole Wheat Sourdough Tin Loaf
→ Design new label for 50% Whole Wheat Sourdough Tin Loaf
→ Too vague, forcing clarify step
Created: Clarify next action: Design new label for 50% Whole Wheat Sourdough Tin Loaf
Updated metadata: Clarify next action: Design new label for 50% Whole Wheat Sourdough Tin Loaf → {'Effort': {'select': {'name': 'Small Effort'}}, 'Duration': {'select': {'name': '30 min'}}}
Added clarification blocks
Archived item: Design new label for 50% Whole Wheat Sourdough Tin Loaf
Removed original block: 3561facc-c5ab-8047-8045-f12f41b25e29

PROCESSING: Create first draft label in Canva for 50% Whole Wheat Sourdough Tin Loaf
Created: Create first draft label in Canva for 50% Whole Wheat Sourdough Tin Loaf
Updated metadata: Create first draft label in Canva for 50% Whole Wheat Sourdough Tin Loaf → {'Effort': {'select': {'name': 'Small Effort'}}, 'Duration': {'select': {'name': '30 min'}}}
Archived item: Create first draft label in Canva for 50% Whole Wheat Sourdough Tin Loaf
Removed original block: 3561facc-c5ab-8085-b9a6-d4156b4ed209
Created 2 task(s)
Archived 2 processed item(s)
Focused Quick Wins: 5/17
Removed original block: 3561facc-c5ab-81b0-89a9-cd11ba270c89
Trimmed 1 old archive run(s)
Design new label for 50% Whole Wheat Sourdough Tin Loaf | process: True | cleanup: False | breakdown: True | still vague: False
Create first draft label in Canva for 50% Whole Wheat Sourdough Tin Loaf | process: True | cleanup: False | breakdown: True | still vague: False
Setup new earbuds for iPhone | process: True | cleanup: False | breakdown: True | still vague: False
Install printer drivers | process: True | cleanup: False | breakdown: True | still vague: False
Configure WiFi router | process: True | cleanup: False | breakdown: True | still vague: False
Organize pantry | process: True | cleanup: False | breakdown: True | still vague: False
Email guy about thing | process: False | cleanup: True | breakdown: False | still vague: True
Packaging labels | process: False | cleanup: False | breakdown: False | still vague: False
Using synced block: 34c1facc-c5ab-80cc-b68a-fe0229f8749b
Extracted 0 brain dump item(s)
Inbox empty → no-op.
Found 100 open unfinished tasks

--- Processing clarification selections ---
Matches: 0

Possible matches (manual review): 0

Duplicate inbox items: 0

New tasks to create: 0
Controlled production limit: processing 0 of 0 new item(s)

--- RUN MODE ---
DRY_RUN: False
MAX_ITEMS_PER_RUN: 5
ARCHIVE_PROCESSED_ITEMS: True
Created 0 task(s)
Archived 0 processed item(s)
Focused Quick Wins: 5/8
Design new label for 50% Whole Wheat Sourdough Tin Loaf | process: True | cleanup: False | breakdown: True | still vague: False
Create first draft label in Canva for 50% Whole Wheat Sourdough Tin Loaf | process: True | cleanup: False | breakdown: True | still vague: False
Setup new earbuds for iPhone | process: True | cleanup: False | breakdown: True | still vague: False
Install printer drivers | process: True | cleanup: False | breakdown: True | still vague: False
Configure WiFi router | process: True | cleanup: False | breakdown: True | still vague: False
Organize pantry | process: True | cleanup: False | breakdown: True | still vague: False
Email guy about thing | process: False | cleanup: True | breakdown: False | still vague: True
Packaging labels | process: False | cleanup: False | breakdown: False | still vague: False
Expected for creative/process tasks: process=True, breakdown=True, still vague=False
Using synced block: 34c1facc-c5ab-80cc-b68a-fe0229f8749b
Extracted 0 brain dump item(s)
Inbox empty → no-op.
Found 100 open unfinished tasks

--- Processing clarification selections ---
Matches: 0

Possible matches (manual review): 0

Duplicate inbox items: 0

New tasks to create: 0
Controlled production limit: processing 0 of 0 new item(s)

--- RUN MODE ---
DRY_RUN: False
MAX_ITEMS_PER_RUN: 5
ARCHIVE_PROCESSED_ITEMS: True
Created 0 task(s)
Archived 0 processed item(s)
Focused Quick Wins: 5/8
Design new label for 50% Whole Wheat Sourdough Tin Loaf | process: True | cleanup: False | breakdown: True | still vague: False
Create first draft label in Canva for 50% Whole Wheat Sourdough Tin Loaf | process: True | cleanup: False | breakdown: True | still vague: False
Setup new earbuds for iPhone | process: True | cleanup: False | breakdown: True | still vague: False
Install printer drivers | process: True | cleanup: False | breakdown: True | still vague: False
Configure WiFi router | process: True | cleanup: False | breakdown: True | still vague: False
Organize pantry | process: True | cleanup: False | breakdown: True | still vague: False
Email guy about thing | process: False | cleanup: True | breakdown: False | still vague: True
Packaging labels | process: False | cleanup: False | breakdown: False | still vague: False
Expected for creative/process tasks: process=True, breakdown=True, still vague=False
Using synced block: 34c1facc-c5ab-80cc-b68a-fe0229f8749b
Extracted 4 brain dump item(s)
Found 99 open unfinished tasks

--- Processing clarification selections ---
Matches: 0

Possible matches (manual review): 0

Duplicate inbox items: 0

New tasks to create: 4
+ Empty recycling bin (JDI)
+ Prepare packaging for school bread (JDI)
+ Text Del about pickup of school bread (JDI)
+ Slice and package school bread (JDI)
Controlled production limit: processing 4 of 4 new item(s)

--- RUN MODE ---
DRY_RUN: False
MAX_ITEMS_PER_RUN: 5
ARCHIVE_PROCESSED_ITEMS: True

PROCESSING: Empty recycling bin (JDI)
AI soft rewriting: Empty recycling bin
→ no soft rewrite needed
Created: Empty recycling bin
Updated metadata: Empty recycling bin → {'Effort': {'select': {'name': 'Small Effort'}}, 'Duration': {'select': {'name': '15 min'}}}
Archived item: Empty recycling bin (JDI)
Removed original block: 3561facc-c5ab-802a-bbe6-fbc7f5c4e9e2

PROCESSING: Prepare packaging for school bread (JDI)
AI soft rewriting: Prepare packaging for school bread
→ no soft rewrite needed
Breaking down: Prepare packaging for school bread

--- BREAKDOWN ---
Parent: Prepare packaging for school bread
 - Confirm packaging size requirements for school bread
 - Select appropriate packaging materials for the school bread
 - Label the packaging with relevant information for school distribution
 - Pack the school bread securely in the chosen packaging
 - Verify the packaging is sealed and ready for delivery or storage
Created: Prepare packaging for school bread
Created: Confirm packaging size requirements for school bread
Updated metadata: Confirm packaging size requirements for school bread → {'Effort': {'select': {'name': 'Small Effort'}}, 'Duration': {'select': {'name': '15 min'}}}
Created: Select appropriate packaging materials for the school bread
Updated metadata: Select appropriate packaging materials for the school bread → {'Effort': {'select': {'name': 'Small Effort'}}, 'Duration': {'select': {'name': '30 min'}}}
Created: Label the packaging with relevant information for school distribution
Updated metadata: Label the packaging with relevant information for school distribution → {'Effort': {'select': {'name': 'Small Effort'}}, 'Duration': {'select': {'name': '30 min'}}}
Created: Pack the school bread securely in the chosen packaging
Updated metadata: Pack the school bread securely in the chosen packaging → {'Effort': {'select': {'name': 'Small Effort'}}, 'Duration': {'select': {'name': '15 min'}}}
Created: Verify the packaging is sealed and ready for delivery or storage
Updated metadata: Verify the packaging is sealed and ready for delivery or storage → {'Effort': {'select': {'name': 'Small Effort'}}, 'Duration': {'select': {'name': '15 min'}}}
Archived item: Prepare packaging for school bread (JDI)
Removed original block: 3561facc-c5ab-80ff-bb1d-ddb18e5ceb49

PROCESSING: Text Del about pickup of school bread (JDI)
Created: Text Del about pickup of school bread
Archived item: Text Del about pickup of school bread (JDI)
Removed original block: 3561facc-c5ab-805e-8b0f-f5b683f1123c

PROCESSING: Slice and package school bread (JDI)
AI soft rewriting: Slice and package school bread
→ no soft rewrite needed
Created: Slice and package school bread
Updated metadata: Slice and package school bread → {'Effort': {'select': {'name': 'Small Effort'}}, 'Duration': {'select': {'name': '15 min'}}}
Archived item: Slice and package school bread (JDI)
Removed original block: 3561facc-c5ab-805a-964e-c0c1584e6194
Created 9 task(s)
Archived 4 processed item(s)
Focused Quick Wins: 5/8
Removed original block: 3561facc-c5ab-8173-b71d-c2b1b8b2bf3b
Trimmed 1 old archive run(s)
Design new label for 50% Whole Wheat Sourdough Tin Loaf | process: True | cleanup: False | breakdown: True | still vague: False
Create first draft label in Canva for 50% Whole Wheat Sourdough Tin Loaf | process: True | cleanup: False | breakdown: True | still vague: False
Setup new earbuds for iPhone | process: True | cleanup: False | breakdown: True | still vague: False
Install printer drivers | process: True | cleanup: False | breakdown: True | still vague: False
Configure WiFi router | process: True | cleanup: False | breakdown: True | still vague: False
Organize pantry | process: True | cleanup: False | breakdown: True | still vague: False
Email guy about thing | process: False | cleanup: True | breakdown: False | still vague: True
Packaging labels | process: False | cleanup: False | breakdown: False | still vague: False
Expected for creative/process tasks: process=True, breakdown=True, still vague=False
Using synced block: 34c1facc-c5ab-80cc-b68a-fe0229f8749b
Extracted 0 brain dump item(s)
Inbox empty → no-op.
Found 100 open unfinished tasks

--- Processing clarification selections ---
Matches: 0

Possible matches (manual review): 0

Duplicate inbox items: 0

New tasks to create: 0
Controlled production limit: processing 0 of 0 new item(s)

--- RUN MODE ---
DRY_RUN: False
MAX_ITEMS_PER_RUN: 5
ARCHIVE_PROCESSED_ITEMS: True
Created 0 task(s)
Archived 0 processed item(s)
Focused Quick Wins: 5/8
Design new label for 50% Whole Wheat Sourdough Tin Loaf | process: True | cleanup: False | breakdown: True | still vague: False
Create first draft label in Canva for 50% Whole Wheat Sourdough Tin Loaf | process: True | cleanup: False | breakdown: True | still vague: False
Setup new earbuds for iPhone | process: True | cleanup: False | breakdown: True | still vague: False
Install printer drivers | process: True | cleanup: False | breakdown: True | still vague: False
Configure WiFi router | process: True | cleanup: False | breakdown: True | still vague: False
Organize pantry | process: True | cleanup: False | breakdown: True | still vague: False
Email guy about thing | process: False | cleanup: True | breakdown: False | still vague: True
Packaging labels | process: False | cleanup: False | breakdown: False | still vague: False
Expected for creative/process tasks: process=True, breakdown=True, still vague=False
Using synced block: 34c1facc-c5ab-80cc-b68a-fe0229f8749b
Extracted 1 brain dump item(s)
Found 100 open unfinished tasks

--- Processing clarification selections ---
Matches: 0

Possible matches (manual review): 1
~ Packaging labels → possible match: Create packaging labels (score: 0.82)

Duplicate inbox items: 0

New tasks to create: 0
Possible duplicate confirmed as existing: Packaging labels
Controlled production limit: processing 0 of 0 new item(s)

--- RUN MODE ---
DRY_RUN: False
MAX_ITEMS_PER_RUN: 5
ARCHIVE_PROCESSED_ITEMS: True
Archived item: Packaging labels
Removed original block: 3561facc-c5ab-8031-a844-c0924d75a25a
Created 0 task(s)
Archived 1 processed item(s)
Focused Quick Wins: 5/15
Removed original block: 3561facc-c5ab-81b6-a360-e43c59fa0a7f
Trimmed 1 old archive run(s)
Design new label for 50% Whole Wheat Sourdough Tin Loaf | process: True | cleanup: False | breakdown: True | still vague: False
Create first draft label in Canva for 50% Whole Wheat Sourdough Tin Loaf | process: True | cleanup: False | breakdown: True | still vague: False
Setup new earbuds for iPhone | process: True | cleanup: False | breakdown: True | still vague: False
Install printer drivers | process: True | cleanup: False | breakdown: True | still vague: False
Configure WiFi router | process: True | cleanup: False | breakdown: True | still vague: False
Organize pantry | process: True | cleanup: False | breakdown: True | still vague: False
Email guy about thing | process: False | cleanup: True | breakdown: False | still vague: True
Packaging labels | process: False | cleanup: False | breakdown: False | still vague: False
Expected for creative/process tasks: process=True, breakdown=True, still vague=False
Using synced block: 34c1facc-c5ab-80cc-b68a-fe0229f8749b
Extracted 0 brain dump item(s)
Inbox empty → no-op.
Found 100 open unfinished tasks

--- Processing clarification selections ---
Matches: 0

Possible matches (manual review): 0

Duplicate inbox items: 0

New tasks to create: 0
Controlled production limit: processing 0 of 0 new item(s)

--- RUN MODE ---
DRY_RUN: False
MAX_ITEMS_PER_RUN: 5
ARCHIVE_PROCESSED_ITEMS: True
Created 0 task(s)
Archived 0 processed item(s)
Focused Quick Wins: 5/15
Design new label for 50% Whole Wheat Sourdough Tin Loaf | process: True | cleanup: False | breakdown: True | still vague: False
Create first draft label in Canva for 50% Whole Wheat Sourdough Tin Loaf | process: True | cleanup: False | breakdown: True | still vague: False
Setup new earbuds for iPhone | process: True | cleanup: False | breakdown: True | still vague: False
Install printer drivers | process: True | cleanup: False | breakdown: True | still vague: False
Configure WiFi router | process: True | cleanup: False | breakdown: True | still vague: False
Organize pantry | process: True | cleanup: False | breakdown: True | still vague: False
Email guy about thing | process: False | cleanup: True | breakdown: False | still vague: True
Packaging labels | process: False | cleanup: False | breakdown: False | still vague: False
Expected for creative/process tasks: process=True, breakdown=True, still vague=False
Using synced block: 34c1facc-c5ab-80cc-b68a-fe0229f8749b
Extracted 1 brain dump item(s)
Found 100 open unfinished tasks

--- Processing clarification selections ---
Question selected for structurally vague task → keeping clarification open
Updated clarification title → Clarify next action: Email guy about thing → Who is the guy you need to email?
Cleared clarification blocks
Added clarification blocks
Clarification resolved → Ask Mum to describe the Cardwise issue
Updated task → Ask Mum to describe the Cardwise issue
Cleared clarification blocks
Matches: 0

Possible matches (manual review): 1
~ Packaging labels → possible match: Create packaging labels (score: 0.82)

Duplicate inbox items: 0

New tasks to create: 0
Possible duplicate confirmed as existing: Packaging labels
Controlled production limit: processing 0 of 0 new item(s)

--- RUN MODE ---
DRY_RUN: False
MAX_ITEMS_PER_RUN: 5
ARCHIVE_PROCESSED_ITEMS: True
Archived item: Packaging labels
Removed original block: 3561facc-c5ab-8019-947a-f6875bf22318
Created 0 task(s)
Archived 1 processed item(s)
Focused Quick Wins: 5/13
Removed original block: 3561facc-c5ab-815e-834a-d3e81b6b992e
Trimmed 1 old archive run(s)
Setup new earbuds for iPhone | atomic: False | process: True | single session: False | low effort: True | cleanup: False | breakdown: False | still vague: False
Install printer drivers | atomic: False | process: True | single session: False | low effort: True | cleanup: False | breakdown: False | still vague: False
Restart Mum's phone | atomic: True | process: False | single session: True | low effort: True | cleanup: False | breakdown: False | still vague: False
Open Cardwise app on Mum's phone | atomic: True | process: False | single session: True | low effort: True | cleanup: False | breakdown: False | still vague: False
Call dentist office | atomic: True | process: False | single session: True | low effort: True | cleanup: False | breakdown: False | still vague: False
Email school about bread order | atomic: True | process: False | single session: True | low effort: True | cleanup: False | breakdown: False | still vague: False
Create first draft label in Canva | atomic: False | process: True | single session: True | low effort: True | cleanup: False | breakdown: False | still vague: False
Design new label for 50% Whole Wheat Sourdough Tin Loaf | atomic: False | process: True | single session: False | low effort: False | cleanup: False | breakdown: True | still vague: False
Prepare school bread order | atomic: False | process: True | single session: False | low effort: False | cleanup: False | breakdown: True | still vague: False
Plan summer trip | atomic: False | process: True | single session: False | low effort: False | cleanup: False | breakdown: True | still vague: False
Organize pantry | atomic: False | process: True | single session: False | low effort: False | cleanup: False | breakdown: True | still vague: False
Research new packaging options | atomic: False | process: False | single session: False | low effort: False | cleanup: False | breakdown: True | still vague: False
Email guy about thing | atomic: False | process: False | single session: False | low effort: True | cleanup: True | breakdown: False | still vague: True
Packaging labels | atomic: False | process: False | single session: False | low effort: False | cleanup: False | breakdown: False | still vague: False

Expected:
- Setup/install/restart/open/call/email/first draft examples: breakdown=False and still vague=False
- Design/prepare/plan/organize/research examples: breakdown=True
- Email guy / Packaging labels: still vague=True
Using synced block: 34c1facc-c5ab-80cc-b68a-fe0229f8749b
Extracted 0 brain dump item(s)
Inbox empty → no-op.
Found 100 open unfinished tasks

--- Processing clarification selections ---
Matches: 0

Possible matches (manual review): 0

Duplicate inbox items: 0

New tasks to create: 0
Controlled production limit: processing 0 of 0 new item(s)

--- RUN MODE ---
DRY_RUN: False
MAX_ITEMS_PER_RUN: 5
ARCHIVE_PROCESSED_ITEMS: True
Created 0 task(s)
Archived 0 processed item(s)
Focused Quick Wins: 5/12

--- Focus Now update ---
Current Focus Now tasks: 4/5
Adding 1 task(s) to Focus Now:
Set Do = Today: Call VISA about declined automatic payment for Cogeco for Mum
Setup new earbuds for iPhone | atomic: False | process: True | single session: False | low effort: True | cleanup: False | breakdown: False | still vague: False
Install printer drivers | atomic: False | process: True | single session: False | low effort: True | cleanup: False | breakdown: False | still vague: False
Restart Mum's phone | atomic: True | process: False | single session: True | low effort: True | cleanup: False | breakdown: False | still vague: False
Open Cardwise app on Mum's phone | atomic: True | process: False | single session: True | low effort: True | cleanup: False | breakdown: False | still vague: False
Call dentist office | atomic: True | process: False | single session: True | low effort: True | cleanup: False | breakdown: False | still vague: False
Email school about bread order | atomic: True | process: False | single session: True | low effort: True | cleanup: False | breakdown: False | still vague: False
Create first draft label in Canva | atomic: False | process: True | single session: True | low effort: True | cleanup: False | breakdown: False | still vague: False
Design new label for 50% Whole Wheat Sourdough Tin Loaf | atomic: False | process: True | single session: False | low effort: False | cleanup: False | breakdown: True | still vague: False
Prepare school bread order | atomic: False | process: True | single session: False | low effort: False | cleanup: False | breakdown: True | still vague: False
Plan summer trip | atomic: False | process: True | single session: False | low effort: False | cleanup: False | breakdown: True | still vague: False
Organize pantry | atomic: False | process: True | single session: False | low effort: False | cleanup: False | breakdown: True | still vague: False
Research new packaging options | atomic: False | process: False | single session: False | low effort: False | cleanup: False | breakdown: True | still vague: False
Email guy about thing | atomic: False | process: False | single session: False | low effort: True | cleanup: True | breakdown: False | still vague: True
Packaging labels | atomic: False | process: False | single session: False | low effort: False | cleanup: False | breakdown: False | still vague: False

Expected:
- Setup/install/restart/open/call/email/first draft examples: breakdown=False and still vague=False
- Design/prepare/plan/organize/research examples: breakdown=True
- Email guy / Packaging labels: still vague=True
Using synced block: 34c1facc-c5ab-80cc-b68a-fe0229f8749b
Extracted 0 brain dump item(s)
Inbox empty → no-op.
Found 100 open unfinished tasks

--- Processing clarification selections ---
Matches: 0

Possible matches (manual review): 0

Duplicate inbox items: 0

New tasks to create: 0
Controlled production limit: processing 0 of 0 new item(s)

--- RUN MODE ---
DRY_RUN: False
MAX_ITEMS_PER_RUN: 5
ARCHIVE_PROCESSED_ITEMS: True
Created 0 task(s)
Archived 0 processed item(s)
Focused Quick Wins: 5/11

--- Focus Now update ---
Current Focus Now tasks: 4/5
Adding 1 task(s) to Focus Now:
Set Do = Today: Make a baking plan for next week
Setup new earbuds for iPhone | atomic: False | process: True | single session: False | low effort: True | cleanup: False | breakdown: False | still vague: False
Install printer drivers | atomic: False | process: True | single session: False | low effort: True | cleanup: False | breakdown: False | still vague: False
Restart Mum's phone | atomic: True | process: False | single session: True | low effort: True | cleanup: False | breakdown: False | still vague: False
Open Cardwise app on Mum's phone | atomic: True | process: False | single session: True | low effort: True | cleanup: False | breakdown: False | still vague: False
Call dentist office | atomic: True | process: False | single session: True | low effort: True | cleanup: False | breakdown: False | still vague: False
Email school about bread order | atomic: True | process: False | single session: True | low effort: True | cleanup: False | breakdown: False | still vague: False
Create first draft label in Canva | atomic: False | process: True | single session: True | low effort: True | cleanup: False | breakdown: False | still vague: False
Design new label for 50% Whole Wheat Sourdough Tin Loaf | atomic: False | process: True | single session: False | low effort: False | cleanup: False | breakdown: True | still vague: False
Prepare school bread order | atomic: False | process: True | single session: False | low effort: False | cleanup: False | breakdown: True | still vague: False
Plan summer trip | atomic: False | process: True | single session: False | low effort: False | cleanup: False | breakdown: True | still vague: False
Organize pantry | atomic: False | process: True | single session: False | low effort: False | cleanup: False | breakdown: True | still vague: False
Research new packaging options | atomic: False | process: False | single session: False | low effort: False | cleanup: False | breakdown: True | still vague: False
Email guy about thing | atomic: False | process: False | single session: False | low effort: True | cleanup: True | breakdown: False | still vague: True
Packaging labels | atomic: False | process: False | single session: False | low effort: False | cleanup: False | breakdown: False | still vague: False

Expected:
- Setup/install/restart/open/call/email/first draft examples: breakdown=False and still vague=False
- Design/prepare/plan/organize/research examples: breakdown=True
- Email guy / Packaging labels: still vague=True
Using synced block: 34c1facc-c5ab-80cc-b68a-fe0229f8749b
Extracted 1 brain dump item(s)
Found 100 open unfinished tasks

--- Processing clarification selections ---
Matches: 0

Possible matches (manual review): 0

Duplicate inbox items: 0

New tasks to create: 1
+ Plan to attend an Ottawa Titans baseball game
Controlled production limit: processing 1 of 1 new item(s)

--- RUN MODE ---
DRY_RUN: False
MAX_ITEMS_PER_RUN: 5
ARCHIVE_PROCESSED_ITEMS: True

PROCESSING: Plan to attend an Ottawa Titans baseball game
Breaking down: Plan to attend an Ottawa Titans baseball game

--- BREAKDOWN ---
Parent: Plan to attend an Ottawa Titans baseball game
 - Check the Ottawa Titans game schedule for available dates
 - Confirm ticket availability and pricing for preferred game
 - Arrange transportation to and from the stadium
 - Plan what to bring and wear for the game day
 - Review stadium policies and COVID-19 guidelines if applicable
Created: Plan to attend an Ottawa Titans baseball game
Updated metadata: Plan to attend an Ottawa Titans baseball game → {'Effort': {'select': {'name': 'Small Effort'}}, 'Duration': {'select': {'name': '60 min'}}}
Created: Check the Ottawa Titans game schedule for available dates
Updated metadata: Check the Ottawa Titans game schedule for available dates → {'Duration': {'select': {'name': '15 min'}}}
Updated Quick Win: Check the Ottawa Titans game schedule for available dates → True
Created: Confirm ticket availability and pricing for preferred game
Updated metadata: Confirm ticket availability and pricing for preferred game → {'Effort': {'select': {'name': 'Small Effort'}}, 'Duration': {'select': {'name': '15 min'}}}
Updated Quick Win: Confirm ticket availability and pricing for preferred game → True
Created: Arrange transportation to and from the stadium
Updated metadata: Arrange transportation to and from the stadium → {'Effort': {'select': {'name': 'Small Effort'}}, 'Duration': {'select': {'name': '30 min'}}}
Created: Plan what to bring and wear for the game day
Updated metadata: Plan what to bring and wear for the game day → {'Effort': {'select': {'name': 'Small Effort'}}, 'Duration': {'select': {'name': '15 min'}}}
Created: Review stadium policies and COVID-19 guidelines if applicable
Updated metadata: Review stadium policies and COVID-19 guidelines if applicable → {'Effort': {'select': {'name': 'Small Effort'}}, 'Duration': {'select': {'name': '30 min'}}}
Archived item: Plan to attend an Ottawa Titans baseball game
Removed original block: 3561facc-c5ab-808c-b584-f9e9103ea16c
Created 6 task(s)
Archived 1 processed item(s)
Focused Quick Wins: 5/13

--- Focus Now update ---
Current Focus Now tasks: 4/5
Adding 1 task(s) to Focus Now:
Set Do = Today: Plan presentation to Almanac staff — Define presentation objectives
Removed original block: 3561facc-c5ab-81a1-a0ed-f990c28a446d
Trimmed 1 old archive run(s)
Setup new earbuds for iPhone | atomic: False | process: True | single session: False | low effort: True | cleanup: False | breakdown: False | still vague: False
Install printer drivers | atomic: False | process: True | single session: False | low effort: True | cleanup: False | breakdown: False | still vague: False
Restart Mum's phone | atomic: True | process: False | single session: True | low effort: True | cleanup: False | breakdown: False | still vague: False
Open Cardwise app on Mum's phone | atomic: True | process: False | single session: True | low effort: True | cleanup: False | breakdown: False | still vague: False
Call dentist office | atomic: True | process: False | single session: True | low effort: True | cleanup: False | breakdown: False | still vague: False
Email school about bread order | atomic: True | process: False | single session: True | low effort: True | cleanup: False | breakdown: False | still vague: False
Create first draft label in Canva | atomic: False | process: True | single session: True | low effort: True | cleanup: False | breakdown: False | still vague: False
Design new label for 50% Whole Wheat Sourdough Tin Loaf | atomic: False | process: True | single session: False | low effort: False | cleanup: False | breakdown: True | still vague: False
Prepare school bread order | atomic: False | process: True | single session: False | low effort: False | cleanup: False | breakdown: True | still vague: False
Plan summer trip | atomic: False | process: True | single session: False | low effort: False | cleanup: False | breakdown: True | still vague: False
Organize pantry | atomic: False | process: True | single session: False | low effort: False | cleanup: False | breakdown: True | still vague: False
Research new packaging options | atomic: False | process: False | single session: False | low effort: False | cleanup: False | breakdown: True | still vague: False
Email guy about thing | atomic: False | process: False | single session: False | low effort: True | cleanup: True | breakdown: False | still vague: True
Packaging labels | atomic: False | process: False | single session: False | low effort: False | cleanup: False | breakdown: False | still vague: False

Expected:
- Setup/install/restart/open/call/email/first draft examples: breakdown=False and still vague=False
- Design/prepare/plan/organize/research examples: breakdown=True
- Email guy / Packaging labels: still vague=True
Using synced block: 34c1facc-c5ab-80cc-b68a-fe0229f8749b
Extracted 0 brain dump item(s)
Inbox empty → no-op.
Found 100 open unfinished tasks

--- Processing clarification selections ---
Matches: 0

Possible matches (manual review): 0

Duplicate inbox items: 0

New tasks to create: 0
Controlled production limit: processing 0 of 0 new item(s)

--- RUN MODE ---
DRY_RUN: False
MAX_ITEMS_PER_RUN: 5
ARCHIVE_PROCESSED_ITEMS: True
Created 0 task(s)
Archived 0 processed item(s)
Focused Quick Wins: 5/13

--- Focus Now update ---
Current Focus Now tasks: 5/5
Focus Now already full → no updates needed.
Setup new earbuds for iPhone | atomic: False | process: True | single session: False | low effort: True | cleanup: False | breakdown: False | still vague: False
Install printer drivers | atomic: False | process: True | single session: False | low effort: True | cleanup: False | breakdown: False | still vague: False
Restart Mum's phone | atomic: True | process: False | single session: True | low effort: True | cleanup: False | breakdown: False | still vague: False
Open Cardwise app on Mum's phone | atomic: True | process: False | single session: True | low effort: True | cleanup: False | breakdown: False | still vague: False
Call dentist office | atomic: True | process: False | single session: True | low effort: True | cleanup: False | breakdown: False | still vague: False
Email school about bread order | atomic: True | process: False | single session: True | low effort: True | cleanup: False | breakdown: False | still vague: False
Create first draft label in Canva | atomic: False | process: True | single session: True | low effort: True | cleanup: False | breakdown: False | still vague: False
Design new label for 50% Whole Wheat Sourdough Tin Loaf | atomic: False | process: True | single session: False | low effort: False | cleanup: False | breakdown: True | still vague: False
Prepare school bread order | atomic: False | process: True | single session: False | low effort: False | cleanup: False | breakdown: True | still vague: False
Plan summer trip | atomic: False | process: True | single session: False | low effort: False | cleanup: False | breakdown: True | still vague: False
Organize pantry | atomic: False | process: True | single session: False | low effort: False | cleanup: False | breakdown: True | still vague: False
Research new packaging options | atomic: False | process: False | single session: False | low effort: False | cleanup: False | breakdown: True | still vague: False
Email guy about thing | atomic: False | process: False | single session: False | low effort: True | cleanup: True | breakdown: False | still vague: True
Packaging labels | atomic: False | process: False | single session: False | low effort: False | cleanup: False | breakdown: False | still vague: False

Expected:
- Setup/install/restart/open/call/email/first draft examples: breakdown=False and still vague=False
- Design/prepare/plan/organize/research examples: breakdown=True
- Email guy / Packaging labels: still vague=True
Using synced block: 34c1facc-c5ab-80cc-b68a-fe0229f8749b
Extracted 0 brain dump item(s)
Inbox empty → no-op.
Found 100 open unfinished tasks

--- Processing clarification selections ---
Matches: 0

Possible matches (manual review): 0

Duplicate inbox items: 0

New tasks to create: 0
Controlled production limit: processing 0 of 0 new item(s)

--- RUN MODE ---
DRY_RUN: False
MAX_ITEMS_PER_RUN: 5
ARCHIVE_PROCESSED_ITEMS: True
Created 0 task(s)
Archived 0 processed item(s)
Focused Quick Wins: 5/13

--- Focus Now update ---
Current Focus Now tasks: 4/5
Adding 1 task(s) to Focus Now:
Set Do = Today: Plan presentation to Almanac staff — Organize material and visuals
Setup new earbuds for iPhone | atomic: False | process: True | single session: False | low effort: True | cleanup: False | breakdown: False | still vague: False
Install printer drivers | atomic: False | process: True | single session: False | low effort: True | cleanup: False | breakdown: False | still vague: False
Restart Mum's phone | atomic: True | process: False | single session: True | low effort: True | cleanup: False | breakdown: False | still vague: False
Open Cardwise app on Mum's phone | atomic: True | process: False | single session: True | low effort: True | cleanup: False | breakdown: False | still vague: False
Call dentist office | atomic: True | process: False | single session: True | low effort: True | cleanup: False | breakdown: False | still vague: False
Email school about bread order | atomic: True | process: False | single session: True | low effort: True | cleanup: False | breakdown: False | still vague: False
Create first draft label in Canva | atomic: False | process: True | single session: True | low effort: True | cleanup: False | breakdown: False | still vague: False
Design new label for 50% Whole Wheat Sourdough Tin Loaf | atomic: False | process: True | single session: False | low effort: False | cleanup: False | breakdown: True | still vague: False
Prepare school bread order | atomic: False | process: True | single session: False | low effort: False | cleanup: False | breakdown: True | still vague: False
Plan summer trip | atomic: False | process: True | single session: False | low effort: False | cleanup: False | breakdown: True | still vague: False
Organize pantry | atomic: False | process: True | single session: False | low effort: False | cleanup: False | breakdown: True | still vague: False
Research new packaging options | atomic: False | process: False | single session: False | low effort: False | cleanup: False | breakdown: True | still vague: False
Email guy about thing | atomic: False | process: False | single session: False | low effort: True | cleanup: True | breakdown: False | still vague: True
Packaging labels | atomic: False | process: False | single session: False | low effort: False | cleanup: False | breakdown: False | still vague: False

Expected:
- Setup/install/restart/open/call/email/first draft examples: breakdown=False and still vague=False
- Design/prepare/plan/organize/research examples: breakdown=True
- Email guy / Packaging labels: still vague=True
Using synced block: 34c1facc-c5ab-80cc-b68a-fe0229f8749b
Extracted 0 brain dump item(s)
Inbox empty → no-op.
Found 100 open unfinished tasks

--- Processing clarification selections ---
Matches: 0

Possible matches (manual review): 0

Duplicate inbox items: 0

New tasks to create: 0
Controlled production limit: processing 0 of 0 new item(s)

--- RUN MODE ---
DRY_RUN: False
MAX_ITEMS_PER_RUN: 5
ARCHIVE_PROCESSED_ITEMS: True
Created 0 task(s)
Archived 0 processed item(s)
Focused Quick Wins: 5/13

--- Focus Now update ---
Current Focus Now tasks: 4/5
Adding 1 task(s) to Focus Now:
Set Do = Today: Plan presentation to Almanac staff — Outline key topics to cover
Setup new earbuds for iPhone | atomic: False | process: True | single session: False | low effort: True | cleanup: False | breakdown: False | still vague: False
Install printer drivers | atomic: False | process: True | single session: False | low effort: True | cleanup: False | breakdown: False | still vague: False
Restart Mum's phone | atomic: True | process: False | single session: True | low effort: True | cleanup: False | breakdown: False | still vague: False
Open Cardwise app on Mum's phone | atomic: True | process: False | single session: True | low effort: True | cleanup: False | breakdown: False | still vague: False
Call dentist office | atomic: True | process: False | single session: True | low effort: True | cleanup: False | breakdown: False | still vague: False
Email school about bread order | atomic: True | process: False | single session: True | low effort: True | cleanup: False | breakdown: False | still vague: False
Create first draft label in Canva | atomic: False | process: True | single session: True | low effort: True | cleanup: False | breakdown: False | still vague: False
Design new label for 50% Whole Wheat Sourdough Tin Loaf | atomic: False | process: True | single session: False | low effort: False | cleanup: False | breakdown: True | still vague: False
Prepare school bread order | atomic: False | process: True | single session: False | low effort: False | cleanup: False | breakdown: True | still vague: False
Plan summer trip | atomic: False | process: True | single session: False | low effort: False | cleanup: False | breakdown: True | still vague: False
Organize pantry | atomic: False | process: True | single session: False | low effort: False | cleanup: False | breakdown: True | still vague: False
Research new packaging options | atomic: False | process: False | single session: False | low effort: False | cleanup: False | breakdown: True | still vague: False
Email guy about thing | atomic: False | process: False | single session: False | low effort: True | cleanup: True | breakdown: False | still vague: True
Packaging labels | atomic: False | process: False | single session: False | low effort: False | cleanup: False | breakdown: False | still vague: False

Expected:
- Setup/install/restart/open/call/email/first draft examples: breakdown=False and still vague=False
- Design/prepare/plan/organize/research examples: breakdown=True
- Email guy / Packaging labels: still vague=True
Using synced block: 34c1facc-c5ab-80cc-b68a-fe0229f8749b
Extracted 1 brain dump item(s)
Found 100 open unfinished tasks

--- Processing clarification selections ---
Matches: 0

Possible matches (manual review): 0

Duplicate inbox items: 0

New tasks to create: 1
+ Update my Flour Guide for Bakers to share with Almanac staff
Controlled production limit: processing 1 of 1 new item(s)

--- RUN MODE ---
DRY_RUN: False
MAX_ITEMS_PER_RUN: 5
ARCHIVE_PROCESSED_ITEMS: True

PROCESSING: Update my Flour Guide for Bakers to share with Almanac staff
Created: Update my Flour Guide for Bakers to share with Almanac staff
Updated metadata: Update my Flour Guide for Bakers to share with Almanac staff → {'Duration': {'select': {'name': '60 min'}}}
Updated Quick Win: Update my Flour Guide for Bakers to share with Almanac staff → True
Archived item: Update my Flour Guide for Bakers to share with Almanac staff
Removed original block: 3561facc-c5ab-8095-ad73-d0ed478df699
Created 1 task(s)
Archived 1 processed item(s)
Focused Quick Wins: 5/14

--- Focus Now update ---
Current Focus Now tasks: 4/5
Adding 1 task(s) to Focus Now:
Set Do = Today: Plan presentation to Almanac staff — Prepare speaking notes and rehearse
Removed original block: 3561facc-c5ab-810d-8fcd-cace001f1b59
Trimmed 1 old archive run(s)
Setup new earbuds for iPhone | atomic: False | process: True | single session: False | low effort: True | cleanup: False | breakdown: False | still vague: False
Install printer drivers | atomic: False | process: True | single session: False | low effort: True | cleanup: False | breakdown: False | still vague: False
Restart Mum's phone | atomic: True | process: False | single session: True | low effort: True | cleanup: False | breakdown: False | still vague: False
Open Cardwise app on Mum's phone | atomic: True | process: False | single session: True | low effort: True | cleanup: False | breakdown: False | still vague: False
Call dentist office | atomic: True | process: False | single session: True | low effort: True | cleanup: False | breakdown: False | still vague: False
Email school about bread order | atomic: True | process: False | single session: True | low effort: True | cleanup: False | breakdown: False | still vague: False
Create first draft label in Canva | atomic: False | process: True | single session: True | low effort: True | cleanup: False | breakdown: False | still vague: False
Design new label for 50% Whole Wheat Sourdough Tin Loaf | atomic: False | process: True | single session: False | low effort: False | cleanup: False | breakdown: True | still vague: False
Prepare school bread order | atomic: False | process: True | single session: False | low effort: False | cleanup: False | breakdown: True | still vague: False
Plan summer trip | atomic: False | process: True | single session: False | low effort: False | cleanup: False | breakdown: True | still vague: False
Organize pantry | atomic: False | process: True | single session: False | low effort: False | cleanup: False | breakdown: True | still vague: False
Research new packaging options | atomic: False | process: False | single session: False | low effort: False | cleanup: False | breakdown: True | still vague: False
Email guy about thing | atomic: False | process: False | single session: False | low effort: True | cleanup: True | breakdown: False | still vague: True
Packaging labels | atomic: False | process: False | single session: False | low effort: False | cleanup: False | breakdown: False | still vague: False

Expected:
- Setup/install/restart/open/call/email/first draft examples: breakdown=False and still vague=False
- Design/prepare/plan/organize/research examples: breakdown=True
- Email guy / Packaging labels: still vague=True
Using synced block: 34c1facc-c5ab-80cc-b68a-fe0229f8749b
Extracted 0 brain dump item(s)
Inbox empty → no-op.
Found 100 open unfinished tasks

--- Processing clarification selections ---
Matches: 0

Possible matches (manual review): 0

Duplicate inbox items: 0

New tasks to create: 0
Controlled production limit: processing 0 of 0 new item(s)

--- RUN MODE ---
DRY_RUN: False
MAX_ITEMS_PER_RUN: 5
ARCHIVE_PROCESSED_ITEMS: True
Created 0 task(s)
Archived 0 processed item(s)
Focused Quick Wins: 5/14

--- Focus Now update ---
Current Focus Now tasks: 5/5
Focus Now already full → no updates needed.
Setup new earbuds for iPhone | atomic: False | process: True | single session: False | low effort: True | cleanup: False | breakdown: False | still vague: False
Install printer drivers | atomic: False | process: True | single session: False | low effort: True | cleanup: False | breakdown: False | still vague: False
Restart Mum's phone | atomic: True | process: False | single session: True | low effort: True | cleanup: False | breakdown: False | still vague: False
Open Cardwise app on Mum's phone | atomic: True | process: False | single session: True | low effort: True | cleanup: False | breakdown: False | still vague: False
Call dentist office | atomic: True | process: False | single session: True | low effort: True | cleanup: False | breakdown: False | still vague: False
Email school about bread order | atomic: True | process: False | single session: True | low effort: True | cleanup: False | breakdown: False | still vague: False
Create first draft label in Canva | atomic: False | process: True | single session: True | low effort: True | cleanup: False | breakdown: False | still vague: False
Design new label for 50% Whole Wheat Sourdough Tin Loaf | atomic: False | process: True | single session: False | low effort: False | cleanup: False | breakdown: True | still vague: False
Prepare school bread order | atomic: False | process: True | single session: False | low effort: False | cleanup: False | breakdown: True | still vague: False
Plan summer trip | atomic: False | process: True | single session: False | low effort: False | cleanup: False | breakdown: True | still vague: False
Organize pantry | atomic: False | process: True | single session: False | low effort: False | cleanup: False | breakdown: True | still vague: False
Research new packaging options | atomic: False | process: False | single session: False | low effort: False | cleanup: False | breakdown: True | still vague: False
Email guy about thing | atomic: False | process: False | single session: False | low effort: True | cleanup: True | breakdown: False | still vague: True
Packaging labels | atomic: False | process: False | single session: False | low effort: False | cleanup: False | breakdown: False | still vague: False

Expected:
- Setup/install/restart/open/call/email/first draft examples: breakdown=False and still vague=False
- Design/prepare/plan/organize/research examples: breakdown=True
- Email guy / Packaging labels: still vague=True
Using synced block: 34c1facc-c5ab-80cc-b68a-fe0229f8749b
Extracted 4 brain dump item(s)
Found 100 open unfinished tasks

--- Processing clarification selections ---
Matches: 0

Possible matches (manual review): 1
~ Text Nola about bread drop off (JDI) → possible match: Email school about bread order (score: 0.77)
Added possible duplicate review blocks: Text Nola about bread drop off (JDI)

Duplicate inbox items: 0

New tasks to create: 3
+ Drop off bread for Darryl and Nola tomorrow
+ Make Sleepy Time tea (JDI)
+ Take inventory for weekly bake plan (urgent)
Controlled production limit: processing 3 of 3 new item(s)

--- RUN MODE ---
DRY_RUN: False
MAX_ITEMS_PER_RUN: 5
ARCHIVE_PROCESSED_ITEMS: True

PROCESSING: Drop off bread for Darryl and Nola tomorrow
Created: Drop off bread for Darryl and Nola
Updated metadata: Drop off bread for Darryl and Nola → {'Duration': {'select': {'name': '30 min'}}}
Updated Quick Win: Drop off bread for Darryl and Nola → True
Archived item: Drop off bread for Darryl and Nola tomorrow
Removed original block: 3561facc-c5ab-80d9-ba35-ede78779814b

PROCESSING: Make Sleepy Time tea (JDI)
AI soft rewriting: Make Sleepy Time tea
→ Make sleepy time tea
Created: Make sleepy time tea
Updated metadata: Make sleepy time tea → {'Effort': {'select': {'name': 'Small Effort'}}, 'Duration': {'select': {'name': '15 min'}}}
Archived item: Make Sleepy Time tea (JDI)
Removed original block: 3561facc-c5ab-808e-a177-da4becf9869e

PROCESSING: Take inventory for weekly bake plan (urgent)
Breaking down: Take inventory for weekly bake plan

--- BREAKDOWN ---
Parent: Take inventory for weekly bake plan
 - Review the weekly bake plan to identify required ingredients
 - List all ingredients needed for the week’s baking
 - Check current inventory for each ingredient on the list
 - Record quantities of available ingredients against requirements
 - Note any missing or low-stock items for restocking
Created: Take inventory for weekly bake plan
Updated metadata: Take inventory for weekly bake plan → {'Effort': {'select': {'name': 'Medium Effort'}}, 'Duration': {'select': {'name': '30 min'}}}
Created: Review the weekly bake plan to identify required ingredients
Updated metadata: Review the weekly bake plan to identify required ingredients → {'Effort': {'select': {'name': 'Small Effort'}}, 'Duration': {'select': {'name': '15 min'}}}
Created: List all ingredients needed for the week’s baking
Updated metadata: List all ingredients needed for the week’s baking → {'Effort': {'select': {'name': 'Small Effort'}}, 'Duration': {'select': {'name': '15 min'}}}
Created: Check current inventory for each ingredient on the list
Updated metadata: Check current inventory for each ingredient on the list → {'Effort': {'select': {'name': 'Small Effort'}}, 'Duration': {'select': {'name': '30 min'}}}
Updated Quick Win: Check current inventory for each ingredient on the list → True
Created: Record quantities of available ingredients against requirements
Updated metadata: Record quantities of available ingredients against requirements → {'Effort': {'select': {'name': 'Small Effort'}}, 'Duration': {'select': {'name': '15 min'}}}
Created: Note any missing or low-stock items for restocking
Updated metadata: Note any missing or low-stock items for restocking → {'Effort': {'select': {'name': 'Small Effort'}}, 'Duration': {'select': {'name': '15 min'}}}
Archived item: Take inventory for weekly bake plan (urgent)
Removed original block: 3561facc-c5ab-8026-9fd4-f2ac1991d436
Created 8 task(s)
Archived 3 processed item(s)
Focused Quick Wins: 5/16

--- Focus Now update ---
Current Focus Now tasks: 4/5
Adding 1 task(s) to Focus Now:
Set Do = Today: Check current inventory for each ingredient on the list
Removed original block: 3561facc-c5ab-8134-a9a2-d97b020a3743
Trimmed 1 old archive run(s)
Setup new earbuds for iPhone | atomic: False | process: True | single session: False | low effort: True | cleanup: False | breakdown: False | still vague: False
Install printer drivers | atomic: False | process: True | single session: False | low effort: True | cleanup: False | breakdown: False | still vague: False
Restart Mum's phone | atomic: True | process: False | single session: True | low effort: True | cleanup: False | breakdown: False | still vague: False
Open Cardwise app on Mum's phone | atomic: True | process: False | single session: True | low effort: True | cleanup: False | breakdown: False | still vague: False
Call dentist office | atomic: True | process: False | single session: True | low effort: True | cleanup: False | breakdown: False | still vague: False
Email school about bread order | atomic: True | process: False | single session: True | low effort: True | cleanup: False | breakdown: False | still vague: False
Create first draft label in Canva | atomic: False | process: True | single session: True | low effort: True | cleanup: False | breakdown: False | still vague: False
Design new label for 50% Whole Wheat Sourdough Tin Loaf | atomic: False | process: True | single session: False | low effort: False | cleanup: False | breakdown: True | still vague: False
Prepare school bread order | atomic: False | process: True | single session: False | low effort: False | cleanup: False | breakdown: True | still vague: False
Plan summer trip | atomic: False | process: True | single session: False | low effort: False | cleanup: False | breakdown: True | still vague: False
Organize pantry | atomic: False | process: True | single session: False | low effort: False | cleanup: False | breakdown: True | still vague: False
Research new packaging options | atomic: False | process: False | single session: False | low effort: False | cleanup: False | breakdown: True | still vague: False
Email guy about thing | atomic: False | process: False | single session: False | low effort: True | cleanup: True | breakdown: False | still vague: True
Packaging labels | atomic: False | process: False | single session: False | low effort: False | cleanup: False | breakdown: False | still vague: False

Expected:
- Setup/install/restart/open/call/email/first draft examples: breakdown=False and still vague=False
- Design/prepare/plan/organize/research examples: breakdown=True
- Email guy / Packaging labels: still vague=True
Using synced block: 34c1facc-c5ab-80cc-b68a-fe0229f8749b
Extracted 1 brain dump item(s)
Found 100 open unfinished tasks

--- Processing clarification selections ---
Matches: 0

Possible matches (manual review): 1
~ Text Nola about bread drop off (JDI) → possible match: Email school about bread order (score: 0.77)

Duplicate inbox items: 0

New tasks to create: 0
Possible duplicate approved as new task: Text Nola about bread drop off (JDI)
Controlled production limit: processing 1 of 1 new item(s)

--- RUN MODE ---
DRY_RUN: False
MAX_ITEMS_PER_RUN: 5
ARCHIVE_PROCESSED_ITEMS: True

PROCESSING: Text Nola about bread drop off (JDI)
Created: Text Nola about bread drop off
Updated metadata: Text Nola about bread drop off → {'Duration': {'select': {'name': '15 min'}}}
Archived item: Text Nola about bread drop off (JDI)
Removed original block: 3561facc-c5ab-807c-b97b-c7ef37f3d263
Created 1 task(s)
Archived 1 processed item(s)
Focused Quick Wins: 5/16

--- Focus Now update ---
Current Focus Now tasks: 5/5
Focus Now already full → no updates needed.
Removed original block: 3561facc-c5ab-814c-9188-da50a3527ad7
Trimmed 1 old archive run(s)
Setup new earbuds for iPhone | atomic: False | process: True | single session: False | low effort: True | cleanup: False | breakdown: False | still vague: False
Install printer drivers | atomic: False | process: True | single session: False | low effort: True | cleanup: False | breakdown: False | still vague: False
Restart Mum's phone | atomic: True | process: False | single session: True | low effort: True | cleanup: False | breakdown: False | still vague: False
Open Cardwise app on Mum's phone | atomic: True | process: False | single session: True | low effort: True | cleanup: False | breakdown: False | still vague: False
Call dentist office | atomic: True | process: False | single session: True | low effort: True | cleanup: False | breakdown: False | still vague: False
Email school about bread order | atomic: True | process: False | single session: True | low effort: True | cleanup: False | breakdown: False | still vague: False
Create first draft label in Canva | atomic: False | process: True | single session: True | low effort: True | cleanup: False | breakdown: False | still vague: False
Design new label for 50% Whole Wheat Sourdough Tin Loaf | atomic: False | process: True | single session: False | low effort: False | cleanup: False | breakdown: True | still vague: False
Prepare school bread order | atomic: False | process: True | single session: False | low effort: False | cleanup: False | breakdown: True | still vague: False
Plan summer trip | atomic: False | process: True | single session: False | low effort: False | cleanup: False | breakdown: True | still vague: False
Organize pantry | atomic: False | process: True | single session: False | low effort: False | cleanup: False | breakdown: True | still vague: False
Research new packaging options | atomic: False | process: False | single session: False | low effort: False | cleanup: False | breakdown: True | still vague: False
Email guy about thing | atomic: False | process: False | single session: False | low effort: True | cleanup: True | breakdown: False | still vague: True
Packaging labels | atomic: False | process: False | single session: False | low effort: False | cleanup: False | breakdown: False | still vague: False

Expected:
- Setup/install/restart/open/call/email/first draft examples: breakdown=False and still vague=False
- Design/prepare/plan/organize/research examples: breakdown=True
- Email guy / Packaging labels: still vague=True
Using synced block: 34c1facc-c5ab-80cc-b68a-fe0229f8749b
Extracted 0 brain dump item(s)
Inbox empty → no-op.
Found 100 open unfinished tasks

--- Processing clarification selections ---
Matches: 0

Possible matches (manual review): 0

Duplicate inbox items: 0

New tasks to create: 0
Controlled production limit: processing 0 of 0 new item(s)

--- RUN MODE ---
DRY_RUN: False
MAX_ITEMS_PER_RUN: 5
ARCHIVE_PROCESSED_ITEMS: True
Created 0 task(s)
Archived 0 processed item(s)
Focused Quick Wins: 5/15

--- Focus Now update ---
Current Focus Now tasks: 5/5
Focus Now already full → no updates needed.
Setup new earbuds for iPhone | atomic: False | process: True | single session: False | low effort: True | cleanup: False | breakdown: False | still vague: False
Install printer drivers | atomic: False | process: True | single session: False | low effort: True | cleanup: False | breakdown: False | still vague: False
Restart Mum's phone | atomic: True | process: False | single session: True | low effort: True | cleanup: False | breakdown: False | still vague: False
Open Cardwise app on Mum's phone | atomic: True | process: False | single session: True | low effort: True | cleanup: False | breakdown: False | still vague: False
Call dentist office | atomic: True | process: False | single session: True | low effort: True | cleanup: False | breakdown: False | still vague: False
Email school about bread order | atomic: True | process: False | single session: True | low effort: True | cleanup: False | breakdown: False | still vague: False
Create first draft label in Canva | atomic: False | process: True | single session: True | low effort: True | cleanup: False | breakdown: False | still vague: False
Design new label for 50% Whole Wheat Sourdough Tin Loaf | atomic: False | process: True | single session: False | low effort: False | cleanup: False | breakdown: True | still vague: False
Prepare school bread order | atomic: False | process: True | single session: False | low effort: False | cleanup: False | breakdown: True | still vague: False
Plan summer trip | atomic: False | process: True | single session: False | low effort: False | cleanup: False | breakdown: True | still vague: False
Organize pantry | atomic: False | process: True | single session: False | low effort: False | cleanup: False | breakdown: True | still vague: False
Research new packaging options | atomic: False | process: False | single session: False | low effort: False | cleanup: False | breakdown: True | still vague: False
Email guy about thing | atomic: False | process: False | single session: False | low effort: True | cleanup: True | breakdown: False | still vague: True
Packaging labels | atomic: False | process: False | single session: False | low effort: False | cleanup: False | breakdown: False | still vague: False

Expected:
- Setup/install/restart/open/call/email/first draft examples: breakdown=False and still vague=False
- Design/prepare/plan/organize/research examples: breakdown=True
- Email guy / Packaging labels: still vague=True
Using synced block: 34c1facc-c5ab-80cc-b68a-fe0229f8749b
Extracted 0 brain dump item(s)
Inbox empty → no-op.
Found 100 open unfinished tasks

--- Processing clarification selections ---
Matches: 0

Possible matches (manual review): 0

Duplicate inbox items: 0

New tasks to create: 0
Controlled production limit: processing 0 of 0 new item(s)

--- RUN MODE ---
DRY_RUN: False
MAX_ITEMS_PER_RUN: 5
ARCHIVE_PROCESSED_ITEMS: True
Created 0 task(s)
Archived 0 processed item(s)
Focused Quick Wins: 5/14

--- Focus Now update ---
Current Focus Now tasks: 5/5
Focus Now already full → no updates needed.
Setup new earbuds for iPhone | atomic: False | process: True | single session: False | low effort: True | cleanup: False | breakdown: False | still vague: False
Install printer drivers | atomic: False | process: True | single session: False | low effort: True | cleanup: False | breakdown: False | still vague: False
Restart Mum's phone | atomic: True | process: False | single session: True | low effort: True | cleanup: False | breakdown: False | still vague: False
Open Cardwise app on Mum's phone | atomic: True | process: False | single session: True | low effort: True | cleanup: False | breakdown: False | still vague: False
Call dentist office | atomic: True | process: False | single session: True | low effort: True | cleanup: False | breakdown: False | still vague: False
Email school about bread order | atomic: True | process: False | single session: True | low effort: True | cleanup: False | breakdown: False | still vague: False
Create first draft label in Canva | atomic: False | process: True | single session: True | low effort: True | cleanup: False | breakdown: False | still vague: False
Design new label for 50% Whole Wheat Sourdough Tin Loaf | atomic: False | process: True | single session: False | low effort: False | cleanup: False | breakdown: True | still vague: False
Prepare school bread order | atomic: False | process: True | single session: False | low effort: False | cleanup: False | breakdown: True | still vague: False
Plan summer trip | atomic: False | process: True | single session: False | low effort: False | cleanup: False | breakdown: True | still vague: False
Organize pantry | atomic: False | process: True | single session: False | low effort: False | cleanup: False | breakdown: True | still vague: False
Research new packaging options | atomic: False | process: False | single session: False | low effort: False | cleanup: False | breakdown: True | still vague: False
Email guy about thing | atomic: False | process: False | single session: False | low effort: True | cleanup: True | breakdown: False | still vague: True
Packaging labels | atomic: False | process: False | single session: False | low effort: False | cleanup: False | breakdown: False | still vague: False

Expected:
- Setup/install/restart/open/call/email/first draft examples: breakdown=False and still vague=False
- Design/prepare/plan/organize/research examples: breakdown=True
- Email guy / Packaging labels: still vague=True
Using synced block: 34c1facc-c5ab-80cc-b68a-fe0229f8749b
Extracted 1 brain dump item(s)
Found 100 open unfinished tasks

--- Processing clarification selections ---
Matches: 0

Possible matches (manual review): 0

Duplicate inbox items: 0

New tasks to create: 1
+ Take inventory for weekly bake plan (urgent)
Controlled production limit: processing 1 of 1 new item(s)

--- RUN MODE ---
DRY_RUN: False
MAX_ITEMS_PER_RUN: 5
ARCHIVE_PROCESSED_ITEMS: True

PROCESSING: Take inventory for weekly bake plan (urgent)
Breaking down: Take inventory for weekly bake plan

--- BREAKDOWN ---
Parent: Take inventory for weekly bake plan
 - List all ingredients needed for the weekly bake plan
 - Check pantry and storage for quantities of each ingredient
 - Record current stock levels of all baking supplies
 - Identify any missing or low-quantity ingredients
 - Update inventory list with findings for ordering or restocking
Created: Take inventory for weekly bake plan
Updated metadata: Take inventory for weekly bake plan → {'Effort': {'select': {'name': 'Small Effort'}}, 'Duration': {'select': {'name': '30 min'}}}
Created: List all ingredients needed for the weekly bake plan
Updated metadata: List all ingredients needed for the weekly bake plan → {'Effort': {'select': {'name': 'Small Effort'}}, 'Duration': {'select': {'name': '15 min'}}}
Created: Check pantry and storage for quantities of each ingredient
Updated metadata: Check pantry and storage for quantities of each ingredient → {'Effort': {'select': {'name': 'Small Effort'}}, 'Duration': {'select': {'name': '30 min'}}}
Updated Quick Win: Check pantry and storage for quantities of each ingredient → True
Created: Record current stock levels of all baking supplies
Updated metadata: Record current stock levels of all baking supplies → {'Effort': {'select': {'name': 'Medium Effort'}}, 'Duration': {'select': {'name': '30 min'}}}
Created: Identify any missing or low-quantity ingredients
Updated metadata: Identify any missing or low-quantity ingredients → {'Effort': {'select': {'name': 'Small Effort'}}, 'Duration': {'select': {'name': '15 min'}}}
Created: Update inventory list with findings for ordering or restocking
Updated metadata: Update inventory list with findings for ordering or restocking → {'Duration': {'select': {'name': '30 min'}}}
Updated Quick Win: Update inventory list with findings for ordering or restocking → True
Archived item: Take inventory for weekly bake plan (urgent)
Removed original block: 3561facc-c5ab-8073-9cda-e1e6db0e6487
Created 6 task(s)
Archived 1 processed item(s)
Updated Focus: Check pantry and storage for quantities of each ingredient → True
Updated Focus: Check the Ottawa Titans game schedule for available dates → True
Updated Focus: Check flights to Italy → False
Updated Focus: Text Kate about our wills → False
Focused Quick Wins: 5/12

--- Focus Now update ---
Current Focus Now tasks: 4/5
Adding 1 task(s) to Focus Now:
Set Do = Today: List all ingredients needed for the weekly bake plan
Removed original block: 3561facc-c5ab-8146-93d4-d1a210977b13
Trimmed 1 old archive run(s)
Setup new earbuds for iPhone | atomic: False | process: True | single session: False | low effort: True | cleanup: False | breakdown: False | still vague: False
Install printer drivers | atomic: False | process: True | single session: False | low effort: True | cleanup: False | breakdown: False | still vague: False
Restart Mum's phone | atomic: True | process: False | single session: True | low effort: True | cleanup: False | breakdown: False | still vague: False
Open Cardwise app on Mum's phone | atomic: True | process: False | single session: True | low effort: True | cleanup: False | breakdown: False | still vague: False
Call dentist office | atomic: True | process: False | single session: True | low effort: True | cleanup: False | breakdown: False | still vague: False
Email school about bread order | atomic: True | process: False | single session: True | low effort: True | cleanup: False | breakdown: False | still vague: False
Create first draft label in Canva | atomic: False | process: True | single session: True | low effort: True | cleanup: False | breakdown: False | still vague: False
Design new label for 50% Whole Wheat Sourdough Tin Loaf | atomic: False | process: True | single session: False | low effort: False | cleanup: False | breakdown: True | still vague: False
Prepare school bread order | atomic: False | process: True | single session: False | low effort: False | cleanup: False | breakdown: True | still vague: False
Plan summer trip | atomic: False | process: True | single session: False | low effort: False | cleanup: False | breakdown: True | still vague: False
Organize pantry | atomic: False | process: True | single session: False | low effort: False | cleanup: False | breakdown: True | still vague: False
Research new packaging options | atomic: False | process: False | single session: False | low effort: False | cleanup: False | breakdown: True | still vague: False
Email guy about thing | atomic: False | process: False | single session: False | low effort: True | cleanup: True | breakdown: False | still vague: True
Packaging labels | atomic: False | process: False | single session: False | low effort: False | cleanup: False | breakdown: False | still vague: False

Expected:
- Setup/install/restart/open/call/email/first draft examples: breakdown=False and still vague=False
- Design/prepare/plan/organize/research examples: breakdown=True
- Email guy / Packaging labels: still vague=True
Using synced block: 34c1facc-c5ab-80cc-b68a-fe0229f8749b
Extracted 1 brain dump item(s)
Found 100 open unfinished tasks

--- Processing clarification selections ---
Matches: 0

Possible matches (manual review): 0

Duplicate inbox items: 0

New tasks to create: 1
+ Text Kathie to confirm pain clinic appointment (JDI)
Controlled production limit: processing 1 of 1 new item(s)

--- RUN MODE ---
DRY_RUN: False
MAX_ITEMS_PER_RUN: 5
ARCHIVE_PROCESSED_ITEMS: True

PROCESSING: Text Kathie to confirm pain clinic appointment (JDI)
Created: Text Kathie to confirm pain clinic appointment
Updated metadata: Text Kathie to confirm pain clinic appointment → {'Effort': {'select': {'name': 'Small Effort'}}, 'Duration': {'select': {'name': '15 min'}}}
Archived item: Text Kathie to confirm pain clinic appointment (JDI)
Removed original block: 3571facc-c5ab-80f8-8466-c11b8c5b6013
Created 1 task(s)
Archived 1 processed item(s)
Focused Quick Wins: 5/12

--- Focus Now update ---
Current Focus Now tasks: 5/5
Focus Now already full → no updates needed.
Removed original block: 3561facc-c5ab-81aa-a1e6-fcd5a079cdf3
Trimmed 1 old archive run(s)
Setup new earbuds for iPhone | atomic: False | process: True | single session: False | low effort: True | cleanup: False | breakdown: False | still vague: False
Install printer drivers | atomic: False | process: True | single session: False | low effort: True | cleanup: False | breakdown: False | still vague: False
Restart Mum's phone | atomic: True | process: False | single session: True | low effort: True | cleanup: False | breakdown: False | still vague: False
Open Cardwise app on Mum's phone | atomic: True | process: False | single session: True | low effort: True | cleanup: False | breakdown: False | still vague: False
Call dentist office | atomic: True | process: False | single session: True | low effort: True | cleanup: False | breakdown: False | still vague: False
Email school about bread order | atomic: True | process: False | single session: True | low effort: True | cleanup: False | breakdown: False | still vague: False
Create first draft label in Canva | atomic: False | process: True | single session: True | low effort: True | cleanup: False | breakdown: False | still vague: False
Design new label for 50% Whole Wheat Sourdough Tin Loaf | atomic: False | process: True | single session: False | low effort: False | cleanup: False | breakdown: True | still vague: False
Prepare school bread order | atomic: False | process: True | single session: False | low effort: False | cleanup: False | breakdown: True | still vague: False
Plan summer trip | atomic: False | process: True | single session: False | low effort: False | cleanup: False | breakdown: True | still vague: False
Organize pantry | atomic: False | process: True | single session: False | low effort: False | cleanup: False | breakdown: True | still vague: False
Research new packaging options | atomic: False | process: False | single session: False | low effort: False | cleanup: False | breakdown: True | still vague: False
Email guy about thing | atomic: False | process: False | single session: False | low effort: True | cleanup: True | breakdown: False | still vague: True
Packaging labels | atomic: False | process: False | single session: False | low effort: False | cleanup: False | breakdown: False | still vague: False

Expected:
- Setup/install/restart/open/call/email/first draft examples: breakdown=False and still vague=False
- Design/prepare/plan/organize/research examples: breakdown=True
- Email guy / Packaging labels: still vague=True
Using synced block: 34c1facc-c5ab-80cc-b68a-fe0229f8749b
Extracted 3 brain dump item(s)
Found 100 open unfinished tasks

--- Processing clarification selections ---
Matches: 0

Possible matches (manual review): 0

Duplicate inbox items: 0

New tasks to create: 3
+ Print recipes for weekly bakes (JDI)
+ Install Withings app on Janet’s iPhone (JDI)
+ Text Behrum to follow-up about grass maintenance (JDI)
Controlled production limit: processing 3 of 3 new item(s)

--- RUN MODE ---
DRY_RUN: False
MAX_ITEMS_PER_RUN: 5
ARCHIVE_PROCESSED_ITEMS: True

PROCESSING: Print recipes for weekly bakes (JDI)
AI soft rewriting: Print recipes for weekly bakes
→ no soft rewrite needed
Created: Print recipes for weekly bakes
Updated metadata: Print recipes for weekly bakes → {'Effort': {'select': {'name': 'Small Effort'}}, 'Duration': {'select': {'name': '15 min'}}}
Archived item: Print recipes for weekly bakes (JDI)
Removed original block: 3571facc-c5ab-803c-8c9b-fa6cf3adc21e

PROCESSING: Install Withings app on Janet’s iPhone (JDI)
Created: Install Withings app on Janet’s iPhone
Updated metadata: Install Withings app on Janet’s iPhone → {'Effort': {'select': {'name': 'Small Effort'}}, 'Duration': {'select': {'name': '15 min'}}}
Archived item: Install Withings app on Janet’s iPhone (JDI)
Removed original block: 3571facc-c5ab-80d9-94d2-ccc63014e4ee

PROCESSING: Text Behrum to follow-up about grass maintenance (JDI)
Created: Text Behrum to follow-up about grass maintenance
Updated metadata: Text Behrum to follow-up about grass maintenance → {'Effort': {'select': {'name': 'Small Effort'}}, 'Duration': {'select': {'name': '15 min'}}}
Archived item: Text Behrum to follow-up about grass maintenance (JDI)
Removed original block: 3571facc-c5ab-8035-a40b-e6729b2b6fb4
Created 3 task(s)
Archived 3 processed item(s)
Focused Quick Wins: 5/9

--- Focus Now update ---
Current Focus Now tasks: 5/5
Focus Now already full → no updates needed.
Removed original block: 3561facc-c5ab-8169-9e0f-d7d3f803dca6
Trimmed 1 old archive run(s)
Setup new earbuds for iPhone | atomic: False | process: True | single session: False | low effort: True | cleanup: False | breakdown: False | still vague: False
Install printer drivers | atomic: False | process: True | single session: False | low effort: True | cleanup: False | breakdown: False | still vague: False
Restart Mum's phone | atomic: True | process: False | single session: True | low effort: True | cleanup: False | breakdown: False | still vague: False
Open Cardwise app on Mum's phone | atomic: True | process: False | single session: True | low effort: True | cleanup: False | breakdown: False | still vague: False
Call dentist office | atomic: True | process: False | single session: True | low effort: True | cleanup: False | breakdown: False | still vague: False
Email school about bread order | atomic: True | process: False | single session: True | low effort: True | cleanup: False | breakdown: False | still vague: False
Create first draft label in Canva | atomic: False | process: True | single session: True | low effort: True | cleanup: False | breakdown: False | still vague: False
Design new label for 50% Whole Wheat Sourdough Tin Loaf | atomic: False | process: True | single session: False | low effort: False | cleanup: False | breakdown: True | still vague: False
Prepare school bread order | atomic: False | process: True | single session: False | low effort: False | cleanup: False | breakdown: True | still vague: False
Plan summer trip | atomic: False | process: True | single session: False | low effort: False | cleanup: False | breakdown: True | still vague: False
Organize pantry | atomic: False | process: True | single session: False | low effort: False | cleanup: False | breakdown: True | still vague: False
Research new packaging options | atomic: False | process: False | single session: False | low effort: False | cleanup: False | breakdown: True | still vague: False
Email guy about thing | atomic: False | process: False | single session: False | low effort: True | cleanup: True | breakdown: False | still vague: True
Packaging labels | atomic: False | process: False | single session: False | low effort: False | cleanup: False | breakdown: False | still vague: False

Expected:
- Setup/install/restart/open/call/email/first draft examples: breakdown=False and still vague=False
- Design/prepare/plan/organize/research examples: breakdown=True
- Email guy / Packaging labels: still vague=True
Using synced block: 34c1facc-c5ab-80cc-b68a-fe0229f8749b
Extracted 0 brain dump item(s)
Inbox empty → no-op.
Found 100 open unfinished tasks

--- Processing clarification selections ---
Matches: 0

Possible matches (manual review): 0

Duplicate inbox items: 0

New tasks to create: 0
Controlled production limit: processing 0 of 0 new item(s)

--- RUN MODE ---
DRY_RUN: False
MAX_ITEMS_PER_RUN: 5
ARCHIVE_PROCESSED_ITEMS: True
Created 0 task(s)
Archived 0 processed item(s)
Focused Quick Wins: 5/9

--- Focus Now update ---
Current Focus Now tasks: 5/5
Focus Now already full → no updates needed.
Setup new earbuds for iPhone | atomic: False | process: True | single session: False | low effort: True | cleanup: False | breakdown: False | still vague: False
Install printer drivers | atomic: False | process: True | single session: False | low effort: True | cleanup: False | breakdown: False | still vague: False
Restart Mum's phone | atomic: True | process: False | single session: True | low effort: True | cleanup: False | breakdown: False | still vague: False
Open Cardwise app on Mum's phone | atomic: True | process: False | single session: True | low effort: True | cleanup: False | breakdown: False | still vague: False
Call dentist office | atomic: True | process: False | single session: True | low effort: True | cleanup: False | breakdown: False | still vague: False
Email school about bread order | atomic: True | process: False | single session: True | low effort: True | cleanup: False | breakdown: False | still vague: False
Create first draft label in Canva | atomic: False | process: True | single session: True | low effort: True | cleanup: False | breakdown: False | still vague: False
Design new label for 50% Whole Wheat Sourdough Tin Loaf | atomic: False | process: True | single session: False | low effort: False | cleanup: False | breakdown: True | still vague: False
Prepare school bread order | atomic: False | process: True | single session: False | low effort: False | cleanup: False | breakdown: True | still vague: False
Plan summer trip | atomic: False | process: True | single session: False | low effort: False | cleanup: False | breakdown: True | still vague: False
Organize pantry | atomic: False | process: True | single session: False | low effort: False | cleanup: False | breakdown: True | still vague: False
Research new packaging options | atomic: False | process: False | single session: False | low effort: False | cleanup: False | breakdown: True | still vague: False
Email guy about thing | atomic: False | process: False | single session: False | low effort: True | cleanup: True | breakdown: False | still vague: True
Packaging labels | atomic: False | process: False | single session: False | low effort: False | cleanup: False | breakdown: False | still vague: False

Expected:
- Setup/install/restart/open/call/email/first draft examples: breakdown=False and still vague=False
- Design/prepare/plan/organize/research examples: breakdown=True
- Email guy / Packaging labels: still vague=True
Using synced block: 34c1facc-c5ab-80cc-b68a-fe0229f8749b
Extracted 0 brain dump item(s)
Inbox empty → no-op.
Found 100 open unfinished tasks

--- Processing clarification selections ---
Matches: 0

Possible matches (manual review): 0

Duplicate inbox items: 0

New tasks to create: 0
Controlled production limit: processing 0 of 0 new item(s)

--- RUN MODE ---
DRY_RUN: False
MAX_ITEMS_PER_RUN: 5
ARCHIVE_PROCESSED_ITEMS: True
Created 0 task(s)
Archived 0 processed item(s)
Focused Quick Wins: 5/9

--- Focus Now update ---
Current Focus Now tasks: 5/5
Focus Now already full → no updates needed.
Setup new earbuds for iPhone | atomic: False | process: True | single session: False | low effort: True | cleanup: False | breakdown: False | still vague: False
Install printer drivers | atomic: False | process: True | single session: False | low effort: True | cleanup: False | breakdown: False | still vague: False
Restart Mum's phone | atomic: True | process: False | single session: True | low effort: True | cleanup: False | breakdown: False | still vague: False
Open Cardwise app on Mum's phone | atomic: True | process: False | single session: True | low effort: True | cleanup: False | breakdown: False | still vague: False
Call dentist office | atomic: True | process: False | single session: True | low effort: True | cleanup: False | breakdown: False | still vague: False
Email school about bread order | atomic: True | process: False | single session: True | low effort: True | cleanup: False | breakdown: False | still vague: False
Create first draft label in Canva | atomic: False | process: True | single session: True | low effort: True | cleanup: False | breakdown: False | still vague: False
Design new label for 50% Whole Wheat Sourdough Tin Loaf | atomic: False | process: True | single session: False | low effort: False | cleanup: False | breakdown: True | still vague: False
Prepare school bread order | atomic: False | process: True | single session: False | low effort: False | cleanup: False | breakdown: True | still vague: False
Plan summer trip | atomic: False | process: True | single session: False | low effort: False | cleanup: False | breakdown: True | still vague: False
Organize pantry | atomic: False | process: True | single session: False | low effort: False | cleanup: False | breakdown: True | still vague: False
Research new packaging options | atomic: False | process: False | single session: False | low effort: False | cleanup: False | breakdown: True | still vague: False
Email guy about thing | atomic: False | process: False | single session: False | low effort: True | cleanup: True | breakdown: False | still vague: True
Packaging labels | atomic: False | process: False | single session: False | low effort: False | cleanup: False | breakdown: False | still vague: False

Expected:
- Setup/install/restart/open/call/email/first draft examples: breakdown=False and still vague=False
- Design/prepare/plan/organize/research examples: breakdown=True
- Email guy / Packaging labels: still vague=True
Using synced block: 34c1facc-c5ab-80cc-b68a-fe0229f8749b
Extracted 0 brain dump item(s)
Inbox empty → no-op.
Found 100 open unfinished tasks

--- Processing clarification selections ---
Matches: 0

Possible matches (manual review): 0

Duplicate inbox items: 0

New tasks to create: 0
Controlled production limit: processing 0 of 0 new item(s)

--- RUN MODE ---
DRY_RUN: False
MAX_ITEMS_PER_RUN: 5
ARCHIVE_PROCESSED_ITEMS: True
Created 0 task(s)
Archived 0 processed item(s)
Focused Quick Wins: 5/9

--- Focus Now update ---
Current Focus Now tasks: 5/5
Focus Now already full → no updates needed.
Setup new earbuds for iPhone | atomic: False | process: True | single session: False | low effort: True | cleanup: False | breakdown: False | still vague: False
Install printer drivers | atomic: False | process: True | single session: False | low effort: True | cleanup: False | breakdown: False | still vague: False
Restart Mum's phone | atomic: True | process: False | single session: True | low effort: True | cleanup: False | breakdown: False | still vague: False
Open Cardwise app on Mum's phone | atomic: True | process: False | single session: True | low effort: True | cleanup: False | breakdown: False | still vague: False
Call dentist office | atomic: True | process: False | single session: True | low effort: True | cleanup: False | breakdown: False | still vague: False
Email school about bread order | atomic: True | process: False | single session: True | low effort: True | cleanup: False | breakdown: False | still vague: False
Create first draft label in Canva | atomic: False | process: True | single session: True | low effort: True | cleanup: False | breakdown: False | still vague: False
Design new label for 50% Whole Wheat Sourdough Tin Loaf | atomic: False | process: True | single session: False | low effort: False | cleanup: False | breakdown: True | still vague: False
Prepare school bread order | atomic: False | process: True | single session: False | low effort: False | cleanup: False | breakdown: True | still vague: False
Plan summer trip | atomic: False | process: True | single session: False | low effort: False | cleanup: False | breakdown: True | still vague: False
Organize pantry | atomic: False | process: True | single session: False | low effort: False | cleanup: False | breakdown: True | still vague: False
Research new packaging options | atomic: False | process: False | single session: False | low effort: False | cleanup: False | breakdown: True | still vague: False
Email guy about thing | atomic: False | process: False | single session: False | low effort: True | cleanup: True | breakdown: False | still vague: True
Packaging labels | atomic: False | process: False | single session: False | low effort: False | cleanup: False | breakdown: False | still vague: False

Expected:
- Setup/install/restart/open/call/email/first draft examples: breakdown=False and still vague=False
- Design/prepare/plan/organize/research examples: breakdown=True
- Email guy / Packaging labels: still vague=True
Using synced block: 34c1facc-c5ab-80cc-b68a-fe0229f8749b
Extracted 0 brain dump item(s)
Inbox empty → no-op.
Found 100 open unfinished tasks

--- Processing clarification selections ---
Matches: 0

Possible matches (manual review): 0

Duplicate inbox items: 0

New tasks to create: 0
Controlled production limit: processing 0 of 0 new item(s)

--- RUN MODE ---
DRY_RUN: False
MAX_ITEMS_PER_RUN: 5
ARCHIVE_PROCESSED_ITEMS: True
Created 0 task(s)
Archived 0 processed item(s)
Focused Quick Wins: 5/9

--- Focus Now update ---
Current Focus Now tasks: 5/5
Focus Now already full → no updates needed.
Setup new earbuds for iPhone | atomic: False | process: True | single session: False | low effort: True | cleanup: False | breakdown: False | still vague: False
Install printer drivers | atomic: False | process: True | single session: False | low effort: True | cleanup: False | breakdown: False | still vague: False
Restart Mum's phone | atomic: True | process: False | single session: True | low effort: True | cleanup: False | breakdown: False | still vague: False
Open Cardwise app on Mum's phone | atomic: True | process: False | single session: True | low effort: True | cleanup: False | breakdown: False | still vague: False
Call dentist office | atomic: True | process: False | single session: True | low effort: True | cleanup: False | breakdown: False | still vague: False
Email school about bread order | atomic: True | process: False | single session: True | low effort: True | cleanup: False | breakdown: False | still vague: False
Create first draft label in Canva | atomic: False | process: True | single session: True | low effort: True | cleanup: False | breakdown: False | still vague: False
Design new label for 50% Whole Wheat Sourdough Tin Loaf | atomic: False | process: True | single session: False | low effort: False | cleanup: False | breakdown: True | still vague: False
Prepare school bread order | atomic: False | process: True | single session: False | low effort: False | cleanup: False | breakdown: True | still vague: False
Plan summer trip | atomic: False | process: True | single session: False | low effort: False | cleanup: False | breakdown: True | still vague: False
Organize pantry | atomic: False | process: True | single session: False | low effort: False | cleanup: False | breakdown: True | still vague: False
Research new packaging options | atomic: False | process: False | single session: False | low effort: False | cleanup: False | breakdown: True | still vague: False
Email guy about thing | atomic: False | process: False | single session: False | low effort: True | cleanup: True | breakdown: False | still vague: True
Packaging labels | atomic: False | process: False | single session: False | low effort: False | cleanup: False | breakdown: False | still vague: False

Expected:
- Setup/install/restart/open/call/email/first draft examples: breakdown=False and still vague=False
- Design/prepare/plan/organize/research examples: breakdown=True
- Email guy / Packaging labels: still vague=True
Using synced block: 34c1facc-c5ab-80cc-b68a-fe0229f8749b
Extracted 0 brain dump item(s)
Inbox empty → no-op.
Found 100 open unfinished tasks

--- Processing clarification selections ---
Matches: 0

Possible matches (manual review): 0

Duplicate inbox items: 0

New tasks to create: 0
Controlled production limit: processing 0 of 0 new item(s)

--- RUN MODE ---
DRY_RUN: False
MAX_ITEMS_PER_RUN: 5
ARCHIVE_PROCESSED_ITEMS: True
Created 0 task(s)
Archived 0 processed item(s)
Focused Quick Wins: 5/9

--- Focus Now update ---
Current Focus Now tasks: 5/5
Focus Now already full → no updates needed.
Setup new earbuds for iPhone | atomic: False | process: True | single session: False | low effort: True | cleanup: False | breakdown: False | still vague: False
Install printer drivers | atomic: False | process: True | single session: False | low effort: True | cleanup: False | breakdown: False | still vague: False
Restart Mum's phone | atomic: True | process: False | single session: True | low effort: True | cleanup: False | breakdown: False | still vague: False
Open Cardwise app on Mum's phone | atomic: True | process: False | single session: True | low effort: True | cleanup: False | breakdown: False | still vague: False
Call dentist office | atomic: True | process: False | single session: True | low effort: True | cleanup: False | breakdown: False | still vague: False
Email school about bread order | atomic: True | process: False | single session: True | low effort: True | cleanup: False | breakdown: False | still vague: False
Create first draft label in Canva | atomic: False | process: True | single session: True | low effort: True | cleanup: False | breakdown: False | still vague: False
Design new label for 50% Whole Wheat Sourdough Tin Loaf | atomic: False | process: True | single session: False | low effort: False | cleanup: False | breakdown: True | still vague: False
Prepare school bread order | atomic: False | process: True | single session: False | low effort: False | cleanup: False | breakdown: True | still vague: False
Plan summer trip | atomic: False | process: True | single session: False | low effort: False | cleanup: False | breakdown: True | still vague: False
Organize pantry | atomic: False | process: True | single session: False | low effort: False | cleanup: False | breakdown: True | still vague: False
Research new packaging options | atomic: False | process: False | single session: False | low effort: False | cleanup: False | breakdown: True | still vague: False
Email guy about thing | atomic: False | process: False | single session: False | low effort: True | cleanup: True | breakdown: False | still vague: True
Packaging labels | atomic: False | process: False | single session: False | low effort: False | cleanup: False | breakdown: False | still vague: False

Expected:
- Setup/install/restart/open/call/email/first draft examples: breakdown=False and still vague=False
- Design/prepare/plan/organize/research examples: breakdown=True
- Email guy / Packaging labels: still vague=True
Using synced block: 34c1facc-c5ab-80cc-b68a-fe0229f8749b
Extracted 0 brain dump item(s)
Inbox empty → no-op.
Found 100 open unfinished tasks

--- Processing clarification selections ---
Matches: 0

Possible matches (manual review): 0

Duplicate inbox items: 0

New tasks to create: 0
Controlled production limit: processing 0 of 0 new item(s)

--- RUN MODE ---
DRY_RUN: False
MAX_ITEMS_PER_RUN: 5
ARCHIVE_PROCESSED_ITEMS: True
Created 0 task(s)
Archived 0 processed item(s)
Focused Quick Wins: 5/9

--- Focus Now update ---
Current Focus Now tasks: 5/5
Focus Now already full → no updates needed.
Setup new earbuds for iPhone | atomic: False | process: True | single session: False | low effort: True | cleanup: False | breakdown: False | still vague: False
Install printer drivers | atomic: False | process: True | single session: False | low effort: True | cleanup: False | breakdown: False | still vague: False
Restart Mum's phone | atomic: True | process: False | single session: True | low effort: True | cleanup: False | breakdown: False | still vague: False
Open Cardwise app on Mum's phone | atomic: True | process: False | single session: True | low effort: True | cleanup: False | breakdown: False | still vague: False
Call dentist office | atomic: True | process: False | single session: True | low effort: True | cleanup: False | breakdown: False | still vague: False
Email school about bread order | atomic: True | process: False | single session: True | low effort: True | cleanup: False | breakdown: False | still vague: False
Create first draft label in Canva | atomic: False | process: True | single session: True | low effort: True | cleanup: False | breakdown: False | still vague: False
Design new label for 50% Whole Wheat Sourdough Tin Loaf | atomic: False | process: True | single session: False | low effort: False | cleanup: False | breakdown: True | still vague: False
Prepare school bread order | atomic: False | process: True | single session: False | low effort: False | cleanup: False | breakdown: True | still vague: False
Plan summer trip | atomic: False | process: True | single session: False | low effort: False | cleanup: False | breakdown: True | still vague: False
Organize pantry | atomic: False | process: True | single session: False | low effort: False | cleanup: False | breakdown: True | still vague: False
Research new packaging options | atomic: False | process: False | single session: False | low effort: False | cleanup: False | breakdown: True | still vague: False
Email guy about thing | atomic: False | process: False | single session: False | low effort: True | cleanup: True | breakdown: False | still vague: True
Packaging labels | atomic: False | process: False | single session: False | low effort: False | cleanup: False | breakdown: False | still vague: False

Expected:
- Setup/install/restart/open/call/email/first draft examples: breakdown=False and still vague=False
- Design/prepare/plan/organize/research examples: breakdown=True
- Email guy / Packaging labels: still vague=True
Using synced block: 34c1facc-c5ab-80cc-b68a-fe0229f8749b
Extracted 0 brain dump item(s)
Inbox empty → no-op.
Found 100 open unfinished tasks

--- Processing clarification selections ---
Matches: 0

Possible matches (manual review): 0

Duplicate inbox items: 0

New tasks to create: 0
Controlled production limit: processing 0 of 0 new item(s)

--- RUN MODE ---
DRY_RUN: False
MAX_ITEMS_PER_RUN: 5
ARCHIVE_PROCESSED_ITEMS: True
Created 0 task(s)
Archived 0 processed item(s)
Focused Quick Wins: 5/9

--- Focus Now update ---
Current Focus Now tasks: 5/5
Focus Now already full → no updates needed.
Setup new earbuds for iPhone | atomic: False | process: True | single session: False | low effort: True | cleanup: False | breakdown: False | still vague: False
Install printer drivers | atomic: False | process: True | single session: False | low effort: True | cleanup: False | breakdown: False | still vague: False
Restart Mum's phone | atomic: True | process: False | single session: True | low effort: True | cleanup: False | breakdown: False | still vague: False
Open Cardwise app on Mum's phone | atomic: True | process: False | single session: True | low effort: True | cleanup: False | breakdown: False | still vague: False
Call dentist office | atomic: True | process: False | single session: True | low effort: True | cleanup: False | breakdown: False | still vague: False
Email school about bread order | atomic: True | process: False | single session: True | low effort: True | cleanup: False | breakdown: False | still vague: False
Create first draft label in Canva | atomic: False | process: True | single session: True | low effort: True | cleanup: False | breakdown: False | still vague: False
Design new label for 50% Whole Wheat Sourdough Tin Loaf | atomic: False | process: True | single session: False | low effort: False | cleanup: False | breakdown: True | still vague: False
Prepare school bread order | atomic: False | process: True | single session: False | low effort: False | cleanup: False | breakdown: True | still vague: False
Plan summer trip | atomic: False | process: True | single session: False | low effort: False | cleanup: False | breakdown: True | still vague: False
Organize pantry | atomic: False | process: True | single session: False | low effort: False | cleanup: False | breakdown: True | still vague: False
Research new packaging options | atomic: False | process: False | single session: False | low effort: False | cleanup: False | breakdown: True | still vague: False
Email guy about thing | atomic: False | process: False | single session: False | low effort: True | cleanup: True | breakdown: False | still vague: True
Packaging labels | atomic: False | process: False | single session: False | low effort: False | cleanup: False | breakdown: False | still vague: False

Expected:
- Setup/install/restart/open/call/email/first draft examples: breakdown=False and still vague=False
- Design/prepare/plan/organize/research examples: breakdown=True
- Email guy / Packaging labels: still vague=True
Using synced block: 34c1facc-c5ab-80cc-b68a-fe0229f8749b
Extracted 0 brain dump item(s)
Inbox empty → no-op.
Found 100 open unfinished tasks

--- Processing clarification selections ---
Matches: 0

Possible matches (manual review): 0

Duplicate inbox items: 0

New tasks to create: 0
Controlled production limit: processing 0 of 0 new item(s)

--- RUN MODE ---
DRY_RUN: False
MAX_ITEMS_PER_RUN: 5
ARCHIVE_PROCESSED_ITEMS: True
Created 0 task(s)
Archived 0 processed item(s)
Focused Quick Wins: 5/9

--- Focus Now update ---
Current Focus Now tasks: 5/5
Focus Now already full → no updates needed.
Setup new earbuds for iPhone | atomic: False | process: True | single session: False | low effort: True | cleanup: False | breakdown: False | still vague: False
Install printer drivers | atomic: False | process: True | single session: False | low effort: True | cleanup: False | breakdown: False | still vague: False
Restart Mum's phone | atomic: True | process: False | single session: True | low effort: True | cleanup: False | breakdown: False | still vague: False
Open Cardwise app on Mum's phone | atomic: True | process: False | single session: True | low effort: True | cleanup: False | breakdown: False | still vague: False
Call dentist office | atomic: True | process: False | single session: True | low effort: True | cleanup: False | breakdown: False | still vague: False
Email school about bread order | atomic: True | process: False | single session: True | low effort: True | cleanup: False | breakdown: False | still vague: False
Create first draft label in Canva | atomic: False | process: True | single session: True | low effort: True | cleanup: False | breakdown: False | still vague: False
Design new label for 50% Whole Wheat Sourdough Tin Loaf | atomic: False | process: True | single session: False | low effort: False | cleanup: False | breakdown: True | still vague: False
Prepare school bread order | atomic: False | process: True | single session: False | low effort: False | cleanup: False | breakdown: True | still vague: False
Plan summer trip | atomic: False | process: True | single session: False | low effort: False | cleanup: False | breakdown: True | still vague: False
Organize pantry | atomic: False | process: True | single session: False | low effort: False | cleanup: False | breakdown: True | still vague: False
Research new packaging options | atomic: False | process: False | single session: False | low effort: False | cleanup: False | breakdown: True | still vague: False
Email guy about thing | atomic: False | process: False | single session: False | low effort: True | cleanup: True | breakdown: False | still vague: True
Packaging labels | atomic: False | process: False | single session: False | low effort: False | cleanup: False | breakdown: False | still vague: False

Expected:
- Setup/install/restart/open/call/email/first draft examples: breakdown=False and still vague=False
- Design/prepare/plan/organize/research examples: breakdown=True
- Email guy / Packaging labels: still vague=True
Using synced block: 34c1facc-c5ab-80cc-b68a-fe0229f8749b
Extracted 0 brain dump item(s)
Inbox empty → no-op.
Found 100 open unfinished tasks

--- Processing clarification selections ---
Matches: 0

Possible matches (manual review): 0

Duplicate inbox items: 0

New tasks to create: 0
Controlled production limit: processing 0 of 0 new item(s)

--- RUN MODE ---
DRY_RUN: False
MAX_ITEMS_PER_RUN: 5
ARCHIVE_PROCESSED_ITEMS: True
Created 0 task(s)
Archived 0 processed item(s)
Focused Quick Wins: 5/9

--- Focus Now update ---
Current Focus Now tasks: 5/5
Focus Now already full → no updates needed.
Setup new earbuds for iPhone | atomic: False | process: True | single session: False | low effort: True | cleanup: False | breakdown: False | still vague: False
Install printer drivers | atomic: False | process: True | single session: False | low effort: True | cleanup: False | breakdown: False | still vague: False
Restart Mum's phone | atomic: True | process: False | single session: True | low effort: True | cleanup: False | breakdown: False | still vague: False
Open Cardwise app on Mum's phone | atomic: True | process: False | single session: True | low effort: True | cleanup: False | breakdown: False | still vague: False
Call dentist office | atomic: True | process: False | single session: True | low effort: True | cleanup: False | breakdown: False | still vague: False
Email school about bread order | atomic: True | process: False | single session: True | low effort: True | cleanup: False | breakdown: False | still vague: False
Create first draft label in Canva | atomic: False | process: True | single session: True | low effort: True | cleanup: False | breakdown: False | still vague: False
Design new label for 50% Whole Wheat Sourdough Tin Loaf | atomic: False | process: True | single session: False | low effort: False | cleanup: False | breakdown: True | still vague: False
Prepare school bread order | atomic: False | process: True | single session: False | low effort: False | cleanup: False | breakdown: True | still vague: False
Plan summer trip | atomic: False | process: True | single session: False | low effort: False | cleanup: False | breakdown: True | still vague: False
Organize pantry | atomic: False | process: True | single session: False | low effort: False | cleanup: False | breakdown: True | still vague: False
Research new packaging options | atomic: False | process: False | single session: False | low effort: False | cleanup: False | breakdown: True | still vague: False
Email guy about thing | atomic: False | process: False | single session: False | low effort: True | cleanup: True | breakdown: False | still vague: True
Packaging labels | atomic: False | process: False | single session: False | low effort: False | cleanup: False | breakdown: False | still vague: False

Expected:
- Setup/install/restart/open/call/email/first draft examples: breakdown=False and still vague=False
- Design/prepare/plan/organize/research examples: breakdown=True
- Email guy / Packaging labels: still vague=True
Using synced block: 34c1facc-c5ab-80cc-b68a-fe0229f8749b
Extracted 0 brain dump item(s)
Inbox empty → no-op.
Found 100 open unfinished tasks

--- Processing clarification selections ---
Matches: 0

Possible matches (manual review): 0

Duplicate inbox items: 0

New tasks to create: 0
Controlled production limit: processing 0 of 0 new item(s)

--- RUN MODE ---
DRY_RUN: False
MAX_ITEMS_PER_RUN: 5
ARCHIVE_PROCESSED_ITEMS: True
Created 0 task(s)
Archived 0 processed item(s)
Focused Quick Wins: 5/9

--- Focus Now update ---
Current Focus Now tasks: 5/5
Focus Now already full → no updates needed.
Setup new earbuds for iPhone | atomic: False | process: True | single session: False | low effort: True | cleanup: False | breakdown: False | still vague: False
Install printer drivers | atomic: False | process: True | single session: False | low effort: True | cleanup: False | breakdown: False | still vague: False
Restart Mum's phone | atomic: True | process: False | single session: True | low effort: True | cleanup: False | breakdown: False | still vague: False
Open Cardwise app on Mum's phone | atomic: True | process: False | single session: True | low effort: True | cleanup: False | breakdown: False | still vague: False
Call dentist office | atomic: True | process: False | single session: True | low effort: True | cleanup: False | breakdown: False | still vague: False
Email school about bread order | atomic: True | process: False | single session: True | low effort: True | cleanup: False | breakdown: False | still vague: False
Create first draft label in Canva | atomic: False | process: True | single session: True | low effort: True | cleanup: False | breakdown: False | still vague: False
Design new label for 50% Whole Wheat Sourdough Tin Loaf | atomic: False | process: True | single session: False | low effort: False | cleanup: False | breakdown: True | still vague: False
Prepare school bread order | atomic: False | process: True | single session: False | low effort: False | cleanup: False | breakdown: True | still vague: False
Plan summer trip | atomic: False | process: True | single session: False | low effort: False | cleanup: False | breakdown: True | still vague: False
Organize pantry | atomic: False | process: True | single session: False | low effort: False | cleanup: False | breakdown: True | still vague: False
Research new packaging options | atomic: False | process: False | single session: False | low effort: False | cleanup: False | breakdown: True | still vague: False
Email guy about thing | atomic: False | process: False | single session: False | low effort: True | cleanup: True | breakdown: False | still vague: True
Packaging labels | atomic: False | process: False | single session: False | low effort: False | cleanup: False | breakdown: False | still vague: False

Expected:
- Setup/install/restart/open/call/email/first draft examples: breakdown=False and still vague=False
- Design/prepare/plan/organize/research examples: breakdown=True
- Email guy / Packaging labels: still vague=True
Using synced block: 34c1facc-c5ab-80cc-b68a-fe0229f8749b
Extracted 0 brain dump item(s)
Inbox empty → no-op.
Found 100 open unfinished tasks

--- Processing clarification selections ---
Matches: 0

Possible matches (manual review): 0

Duplicate inbox items: 0

New tasks to create: 0
Controlled production limit: processing 0 of 0 new item(s)

--- RUN MODE ---
DRY_RUN: False
MAX_ITEMS_PER_RUN: 5
ARCHIVE_PROCESSED_ITEMS: True
Created 0 task(s)
Archived 0 processed item(s)
Focused Quick Wins: 5/9

--- Focus Now update ---
Current Focus Now tasks: 5/5
Focus Now already full → no updates needed.
Setup new earbuds for iPhone | atomic: False | process: True | single session: False | low effort: True | cleanup: False | breakdown: False | still vague: False
Install printer drivers | atomic: False | process: True | single session: False | low effort: True | cleanup: False | breakdown: False | still vague: False
Restart Mum's phone | atomic: True | process: False | single session: True | low effort: True | cleanup: False | breakdown: False | still vague: False
Open Cardwise app on Mum's phone | atomic: True | process: False | single session: True | low effort: True | cleanup: False | breakdown: False | still vague: False
Call dentist office | atomic: True | process: False | single session: True | low effort: True | cleanup: False | breakdown: False | still vague: False
Email school about bread order | atomic: True | process: False | single session: True | low effort: True | cleanup: False | breakdown: False | still vague: False
Create first draft label in Canva | atomic: False | process: True | single session: True | low effort: True | cleanup: False | breakdown: False | still vague: False
Design new label for 50% Whole Wheat Sourdough Tin Loaf | atomic: False | process: True | single session: False | low effort: False | cleanup: False | breakdown: True | still vague: False
Prepare school bread order | atomic: False | process: True | single session: False | low effort: False | cleanup: False | breakdown: True | still vague: False
Plan summer trip | atomic: False | process: True | single session: False | low effort: False | cleanup: False | breakdown: True | still vague: False
Organize pantry | atomic: False | process: True | single session: False | low effort: False | cleanup: False | breakdown: True | still vague: False
Research new packaging options | atomic: False | process: False | single session: False | low effort: False | cleanup: False | breakdown: True | still vague: False
Email guy about thing | atomic: False | process: False | single session: False | low effort: True | cleanup: True | breakdown: False | still vague: True
Packaging labels | atomic: False | process: False | single session: False | low effort: False | cleanup: False | breakdown: False | still vague: False

Expected:
- Setup/install/restart/open/call/email/first draft examples: breakdown=False and still vague=False
- Design/prepare/plan/organize/research examples: breakdown=True
- Email guy / Packaging labels: still vague=True
Using synced block: 34c1facc-c5ab-80cc-b68a-fe0229f8749b
Extracted 0 brain dump item(s)
Inbox empty → no-op.
Found 100 open unfinished tasks

--- Processing clarification selections ---
Matches: 0

Possible matches (manual review): 0

Duplicate inbox items: 0

New tasks to create: 0
Controlled production limit: processing 0 of 0 new item(s)

--- RUN MODE ---
DRY_RUN: False
MAX_ITEMS_PER_RUN: 5
ARCHIVE_PROCESSED_ITEMS: True
Created 0 task(s)
Archived 0 processed item(s)
Focused Quick Wins: 5/9

--- Focus Now update ---
Current Focus Now tasks: 5/5
Focus Now already full → no updates needed.
Setup new earbuds for iPhone | atomic: False | process: True | single session: False | low effort: True | cleanup: False | breakdown: False | still vague: False
Install printer drivers | atomic: False | process: True | single session: False | low effort: True | cleanup: False | breakdown: False | still vague: False
Restart Mum's phone | atomic: True | process: False | single session: True | low effort: True | cleanup: False | breakdown: False | still vague: False
Open Cardwise app on Mum's phone | atomic: True | process: False | single session: True | low effort: True | cleanup: False | breakdown: False | still vague: False
Call dentist office | atomic: True | process: False | single session: True | low effort: True | cleanup: False | breakdown: False | still vague: False
Email school about bread order | atomic: True | process: False | single session: True | low effort: True | cleanup: False | breakdown: False | still vague: False
Create first draft label in Canva | atomic: False | process: True | single session: True | low effort: True | cleanup: False | breakdown: False | still vague: False
Design new label for 50% Whole Wheat Sourdough Tin Loaf | atomic: False | process: True | single session: False | low effort: False | cleanup: False | breakdown: True | still vague: False
Prepare school bread order | atomic: False | process: True | single session: False | low effort: False | cleanup: False | breakdown: True | still vague: False
Plan summer trip | atomic: False | process: True | single session: False | low effort: False | cleanup: False | breakdown: True | still vague: False
Organize pantry | atomic: False | process: True | single session: False | low effort: False | cleanup: False | breakdown: True | still vague: False
Research new packaging options | atomic: False | process: False | single session: False | low effort: False | cleanup: False | breakdown: True | still vague: False
Email guy about thing | atomic: False | process: False | single session: False | low effort: True | cleanup: True | breakdown: False | still vague: True
Packaging labels | atomic: False | process: False | single session: False | low effort: False | cleanup: False | breakdown: False | still vague: False

Expected:
- Setup/install/restart/open/call/email/first draft examples: breakdown=False and still vague=False
- Design/prepare/plan/organize/research examples: breakdown=True
- Email guy / Packaging labels: still vague=True
Using synced block: 34c1facc-c5ab-80cc-b68a-fe0229f8749b
Extracted 0 brain dump item(s)
Inbox empty → no-op.
Found 100 open unfinished tasks

--- Processing clarification selections ---
Matches: 0

Possible matches (manual review): 0

Duplicate inbox items: 0

New tasks to create: 0
Controlled production limit: processing 0 of 0 new item(s)

--- RUN MODE ---
DRY_RUN: False
MAX_ITEMS_PER_RUN: 5
ARCHIVE_PROCESSED_ITEMS: True
Created 0 task(s)
Archived 0 processed item(s)
Focused Quick Wins: 5/9

--- Focus Now update ---
Current Focus Now tasks: 5/5
Focus Now already full → no updates needed.
Setup new earbuds for iPhone | atomic: False | process: True | single session: False | low effort: True | cleanup: False | breakdown: False | still vague: False
Install printer drivers | atomic: False | process: True | single session: False | low effort: True | cleanup: False | breakdown: False | still vague: False
Restart Mum's phone | atomic: True | process: False | single session: True | low effort: True | cleanup: False | breakdown: False | still vague: False
Open Cardwise app on Mum's phone | atomic: True | process: False | single session: True | low effort: True | cleanup: False | breakdown: False | still vague: False
Call dentist office | atomic: True | process: False | single session: True | low effort: True | cleanup: False | breakdown: False | still vague: False
Email school about bread order | atomic: True | process: False | single session: True | low effort: True | cleanup: False | breakdown: False | still vague: False
Create first draft label in Canva | atomic: False | process: True | single session: True | low effort: True | cleanup: False | breakdown: False | still vague: False
Design new label for 50% Whole Wheat Sourdough Tin Loaf | atomic: False | process: True | single session: False | low effort: False | cleanup: False | breakdown: True | still vague: False
Prepare school bread order | atomic: False | process: True | single session: False | low effort: False | cleanup: False | breakdown: True | still vague: False
Plan summer trip | atomic: False | process: True | single session: False | low effort: False | cleanup: False | breakdown: True | still vague: False
Organize pantry | atomic: False | process: True | single session: False | low effort: False | cleanup: False | breakdown: True | still vague: False
Research new packaging options | atomic: False | process: False | single session: False | low effort: False | cleanup: False | breakdown: True | still vague: False
Email guy about thing | atomic: False | process: False | single session: False | low effort: True | cleanup: True | breakdown: False | still vague: True
Packaging labels | atomic: False | process: False | single session: False | low effort: False | cleanup: False | breakdown: False | still vague: False

Expected:
- Setup/install/restart/open/call/email/first draft examples: breakdown=False and still vague=False
- Design/prepare/plan/organize/research examples: breakdown=True
- Email guy / Packaging labels: still vague=True
Using synced block: 34c1facc-c5ab-80cc-b68a-fe0229f8749b
Extracted 0 brain dump item(s)
Inbox empty → no-op.
Found 100 open unfinished tasks

--- Processing clarification selections ---
Matches: 0

Possible matches (manual review): 0

Duplicate inbox items: 0

New tasks to create: 0
Controlled production limit: processing 0 of 0 new item(s)

--- RUN MODE ---
DRY_RUN: False
MAX_ITEMS_PER_RUN: 5
ARCHIVE_PROCESSED_ITEMS: True
Created 0 task(s)
Archived 0 processed item(s)
Focused Quick Wins: 5/9

--- Focus Now update ---
Current Focus Now tasks: 5/5
Focus Now already full → no updates needed.
Setup new earbuds for iPhone | atomic: False | process: True | single session: False | low effort: True | cleanup: False | breakdown: False | still vague: False
Install printer drivers | atomic: False | process: True | single session: False | low effort: True | cleanup: False | breakdown: False | still vague: False
Restart Mum's phone | atomic: True | process: False | single session: True | low effort: True | cleanup: False | breakdown: False | still vague: False
Open Cardwise app on Mum's phone | atomic: True | process: False | single session: True | low effort: True | cleanup: False | breakdown: False | still vague: False
Call dentist office | atomic: True | process: False | single session: True | low effort: True | cleanup: False | breakdown: False | still vague: False
Email school about bread order | atomic: True | process: False | single session: True | low effort: True | cleanup: False | breakdown: False | still vague: False
Create first draft label in Canva | atomic: False | process: True | single session: True | low effort: True | cleanup: False | breakdown: False | still vague: False
Design new label for 50% Whole Wheat Sourdough Tin Loaf | atomic: False | process: True | single session: False | low effort: False | cleanup: False | breakdown: True | still vague: False
Prepare school bread order | atomic: False | process: True | single session: False | low effort: False | cleanup: False | breakdown: True | still vague: False
Plan summer trip | atomic: False | process: True | single session: False | low effort: False | cleanup: False | breakdown: True | still vague: False
Organize pantry | atomic: False | process: True | single session: False | low effort: False | cleanup: False | breakdown: True | still vague: False
Research new packaging options | atomic: False | process: False | single session: False | low effort: False | cleanup: False | breakdown: True | still vague: False
Email guy about thing | atomic: False | process: False | single session: False | low effort: True | cleanup: True | breakdown: False | still vague: True
Packaging labels | atomic: False | process: False | single session: False | low effort: False | cleanup: False | breakdown: False | still vague: False

Expected:
- Setup/install/restart/open/call/email/first draft examples: breakdown=False and still vague=False
- Design/prepare/plan/organize/research examples: breakdown=True
- Email guy / Packaging labels: still vague=True
Using synced block: 34c1facc-c5ab-80cc-b68a-fe0229f8749b
Extracted 0 brain dump item(s)
Inbox empty → no-op.
Found 100 open unfinished tasks

--- Processing clarification selections ---
Matches: 0

Possible matches (manual review): 0

Duplicate inbox items: 0

New tasks to create: 0
Controlled production limit: processing 0 of 0 new item(s)

--- RUN MODE ---
DRY_RUN: False
MAX_ITEMS_PER_RUN: 5
ARCHIVE_PROCESSED_ITEMS: True
Created 0 task(s)
Archived 0 processed item(s)
Focused Quick Wins: 5/9

--- Focus Now update ---
Current Focus Now tasks: 5/5
Focus Now already full → no updates needed.
Setup new earbuds for iPhone | atomic: False | process: True | single session: False | low effort: True | cleanup: False | breakdown: False | still vague: False
Install printer drivers | atomic: False | process: True | single session: False | low effort: True | cleanup: False | breakdown: False | still vague: False
Restart Mum's phone | atomic: True | process: False | single session: True | low effort: True | cleanup: False | breakdown: False | still vague: False
Open Cardwise app on Mum's phone | atomic: True | process: False | single session: True | low effort: True | cleanup: False | breakdown: False | still vague: False
Call dentist office | atomic: True | process: False | single session: True | low effort: True | cleanup: False | breakdown: False | still vague: False
Email school about bread order | atomic: True | process: False | single session: True | low effort: True | cleanup: False | breakdown: False | still vague: False
Create first draft label in Canva | atomic: False | process: True | single session: True | low effort: True | cleanup: False | breakdown: False | still vague: False
Design new label for 50% Whole Wheat Sourdough Tin Loaf | atomic: False | process: True | single session: False | low effort: False | cleanup: False | breakdown: True | still vague: False
Prepare school bread order | atomic: False | process: True | single session: False | low effort: False | cleanup: False | breakdown: True | still vague: False
Plan summer trip | atomic: False | process: True | single session: False | low effort: False | cleanup: False | breakdown: True | still vague: False
Organize pantry | atomic: False | process: True | single session: False | low effort: False | cleanup: False | breakdown: True | still vague: False
Research new packaging options | atomic: False | process: False | single session: False | low effort: False | cleanup: False | breakdown: True | still vague: False
Email guy about thing | atomic: False | process: False | single session: False | low effort: True | cleanup: True | breakdown: False | still vague: True
Packaging labels | atomic: False | process: False | single session: False | low effort: False | cleanup: False | breakdown: False | still vague: False

Expected:
- Setup/install/restart/open/call/email/first draft examples: breakdown=False and still vague=False
- Design/prepare/plan/organize/research examples: breakdown=True
- Email guy / Packaging labels: still vague=True
Using synced block: 34c1facc-c5ab-80cc-b68a-fe0229f8749b
Extracted 0 brain dump item(s)
Inbox empty → no-op.
Found 100 open unfinished tasks

--- Processing clarification selections ---
Matches: 0

Possible matches (manual review): 0

Duplicate inbox items: 0

New tasks to create: 0
Controlled production limit: processing 0 of 0 new item(s)

--- RUN MODE ---
DRY_RUN: False
MAX_ITEMS_PER_RUN: 5
ARCHIVE_PROCESSED_ITEMS: True
Created 0 task(s)
Archived 0 processed item(s)
Focused Quick Wins: 5/9

--- Focus Now update ---
Current Focus Now tasks: 5/5
Focus Now already full → no updates needed.
Setup new earbuds for iPhone | atomic: False | process: True | single session: False | low effort: True | cleanup: False | breakdown: False | still vague: False
Install printer drivers | atomic: False | process: True | single session: False | low effort: True | cleanup: False | breakdown: False | still vague: False
Restart Mum's phone | atomic: True | process: False | single session: True | low effort: True | cleanup: False | breakdown: False | still vague: False
Open Cardwise app on Mum's phone | atomic: True | process: False | single session: True | low effort: True | cleanup: False | breakdown: False | still vague: False
Call dentist office | atomic: True | process: False | single session: True | low effort: True | cleanup: False | breakdown: False | still vague: False
Email school about bread order | atomic: True | process: False | single session: True | low effort: True | cleanup: False | breakdown: False | still vague: False
Create first draft label in Canva | atomic: False | process: True | single session: True | low effort: True | cleanup: False | breakdown: False | still vague: False
Design new label for 50% Whole Wheat Sourdough Tin Loaf | atomic: False | process: True | single session: False | low effort: False | cleanup: False | breakdown: True | still vague: False
Prepare school bread order | atomic: False | process: True | single session: False | low effort: False | cleanup: False | breakdown: True | still vague: False
Plan summer trip | atomic: False | process: True | single session: False | low effort: False | cleanup: False | breakdown: True | still vague: False
Organize pantry | atomic: False | process: True | single session: False | low effort: False | cleanup: False | breakdown: True | still vague: False
Research new packaging options | atomic: False | process: False | single session: False | low effort: False | cleanup: False | breakdown: True | still vague: False
Email guy about thing | atomic: False | process: False | single session: False | low effort: True | cleanup: True | breakdown: False | still vague: True
Packaging labels | atomic: False | process: False | single session: False | low effort: False | cleanup: False | breakdown: False | still vague: False

Expected:
- Setup/install/restart/open/call/email/first draft examples: breakdown=False and still vague=False
- Design/prepare/plan/organize/research examples: breakdown=True
- Email guy / Packaging labels: still vague=True
Using synced block: 34c1facc-c5ab-80cc-b68a-fe0229f8749b
Extracted 0 brain dump item(s)
Inbox empty → no-op.
Found 100 open unfinished tasks

--- Processing clarification selections ---
Matches: 0

Possible matches (manual review): 0

Duplicate inbox items: 0

New tasks to create: 0
Controlled production limit: processing 0 of 0 new item(s)

--- RUN MODE ---
DRY_RUN: False
MAX_ITEMS_PER_RUN: 5
ARCHIVE_PROCESSED_ITEMS: True
Created 0 task(s)
Archived 0 processed item(s)
Focused Quick Wins: 5/9

--- Focus Now update ---
Current Focus Now tasks: 5/5
Focus Now already full → no updates needed.
Setup new earbuds for iPhone | atomic: False | process: True | single session: False | low effort: True | cleanup: False | breakdown: False | still vague: False
Install printer drivers | atomic: False | process: True | single session: False | low effort: True | cleanup: False | breakdown: False | still vague: False
Restart Mum's phone | atomic: True | process: False | single session: True | low effort: True | cleanup: False | breakdown: False | still vague: False
Open Cardwise app on Mum's phone | atomic: True | process: False | single session: True | low effort: True | cleanup: False | breakdown: False | still vague: False
Call dentist office | atomic: True | process: False | single session: True | low effort: True | cleanup: False | breakdown: False | still vague: False
Email school about bread order | atomic: True | process: False | single session: True | low effort: True | cleanup: False | breakdown: False | still vague: False
Create first draft label in Canva | atomic: False | process: True | single session: True | low effort: True | cleanup: False | breakdown: False | still vague: False
Design new label for 50% Whole Wheat Sourdough Tin Loaf | atomic: False | process: True | single session: False | low effort: False | cleanup: False | breakdown: True | still vague: False
Prepare school bread order | atomic: False | process: True | single session: False | low effort: False | cleanup: False | breakdown: True | still vague: False
Plan summer trip | atomic: False | process: True | single session: False | low effort: False | cleanup: False | breakdown: True | still vague: False
Organize pantry | atomic: False | process: True | single session: False | low effort: False | cleanup: False | breakdown: True | still vague: False
Research new packaging options | atomic: False | process: False | single session: False | low effort: False | cleanup: False | breakdown: True | still vague: False
Email guy about thing | atomic: False | process: False | single session: False | low effort: True | cleanup: True | breakdown: False | still vague: True
Packaging labels | atomic: False | process: False | single session: False | low effort: False | cleanup: False | breakdown: False | still vague: False

Expected:
- Setup/install/restart/open/call/email/first draft examples: breakdown=False and still vague=False
- Design/prepare/plan/organize/research examples: breakdown=True
- Email guy / Packaging labels: still vague=True
Using synced block: 34c1facc-c5ab-80cc-b68a-fe0229f8749b
Extracted 0 brain dump item(s)
Inbox empty → no-op.
Found 100 open unfinished tasks

--- Processing clarification selections ---
Matches: 0

Possible matches (manual review): 0

Duplicate inbox items: 0

New tasks to create: 0
Controlled production limit: processing 0 of 0 new item(s)

--- RUN MODE ---
DRY_RUN: False
MAX_ITEMS_PER_RUN: 5
ARCHIVE_PROCESSED_ITEMS: True
Created 0 task(s)
Archived 0 processed item(s)
Focused Quick Wins: 5/9

--- Focus Now update ---
Current Focus Now tasks: 5/5
Focus Now already full → no updates needed.
Setup new earbuds for iPhone | atomic: False | process: True | single session: False | low effort: True | cleanup: False | breakdown: False | still vague: False
Install printer drivers | atomic: False | process: True | single session: False | low effort: True | cleanup: False | breakdown: False | still vague: False
Restart Mum's phone | atomic: True | process: False | single session: True | low effort: True | cleanup: False | breakdown: False | still vague: False
Open Cardwise app on Mum's phone | atomic: True | process: False | single session: True | low effort: True | cleanup: False | breakdown: False | still vague: False
Call dentist office | atomic: True | process: False | single session: True | low effort: True | cleanup: False | breakdown: False | still vague: False
Email school about bread order | atomic: True | process: False | single session: True | low effort: True | cleanup: False | breakdown: False | still vague: False
Create first draft label in Canva | atomic: False | process: True | single session: True | low effort: True | cleanup: False | breakdown: False | still vague: False
Design new label for 50% Whole Wheat Sourdough Tin Loaf | atomic: False | process: True | single session: False | low effort: False | cleanup: False | breakdown: True | still vague: False
Prepare school bread order | atomic: False | process: True | single session: False | low effort: False | cleanup: False | breakdown: True | still vague: False
Plan summer trip | atomic: False | process: True | single session: False | low effort: False | cleanup: False | breakdown: True | still vague: False
Organize pantry | atomic: False | process: True | single session: False | low effort: False | cleanup: False | breakdown: True | still vague: False
Research new packaging options | atomic: False | process: False | single session: False | low effort: False | cleanup: False | breakdown: True | still vague: False
Email guy about thing | atomic: False | process: False | single session: False | low effort: True | cleanup: True | breakdown: False | still vague: True
Packaging labels | atomic: False | process: False | single session: False | low effort: False | cleanup: False | breakdown: False | still vague: False

Expected:
- Setup/install/restart/open/call/email/first draft examples: breakdown=False and still vague=False
- Design/prepare/plan/organize/research examples: breakdown=True
- Email guy / Packaging labels: still vague=True
Using synced block: 34c1facc-c5ab-80cc-b68a-fe0229f8749b
Extracted 1 brain dump item(s)
Found 100 open unfinished tasks

--- Processing clarification selections ---
Matches: 0

Possible matches (manual review): 0

Duplicate inbox items: 0

New tasks to create: 1
+ Grocery list (JDI)
Controlled production limit: processing 1 of 1 new item(s)

--- RUN MODE ---
DRY_RUN: False
MAX_ITEMS_PER_RUN: 5
ARCHIVE_PROCESSED_ITEMS: True

PROCESSING: Grocery list (JDI)
Created: Grocery list
Updated metadata: Grocery list → {'Effort': {'select': {'name': 'Small Effort'}}, 'Duration': {'select': {'name': '15 min'}}}
Archived item: Grocery list (JDI)
Removed original block: 3571facc-c5ab-8052-9e16-fd82c49ecf3f
Created 1 task(s)
Archived 1 processed item(s)
Focused Quick Wins: 5/9

--- Focus Now update ---
Current Focus Now tasks: 5/5
Focus Now already full → no updates needed.
Removed original block: 3561facc-c5ab-8165-b48b-ea95414dfe78
Trimmed 1 old archive run(s)
Setup new earbuds for iPhone | atomic: False | process: True | single session: False | low effort: True | cleanup: False | breakdown: False | still vague: False
Install printer drivers | atomic: False | process: True | single session: False | low effort: True | cleanup: False | breakdown: False | still vague: False
Restart Mum's phone | atomic: True | process: False | single session: True | low effort: True | cleanup: False | breakdown: False | still vague: False
Open Cardwise app on Mum's phone | atomic: True | process: False | single session: True | low effort: True | cleanup: False | breakdown: False | still vague: False
Call dentist office | atomic: True | process: False | single session: True | low effort: True | cleanup: False | breakdown: False | still vague: False
Email school about bread order | atomic: True | process: False | single session: True | low effort: True | cleanup: False | breakdown: False | still vague: False
Create first draft label in Canva | atomic: False | process: True | single session: True | low effort: True | cleanup: False | breakdown: False | still vague: False
Design new label for 50% Whole Wheat Sourdough Tin Loaf | atomic: False | process: True | single session: False | low effort: False | cleanup: False | breakdown: True | still vague: False
Prepare school bread order | atomic: False | process: True | single session: False | low effort: False | cleanup: False | breakdown: True | still vague: False
Plan summer trip | atomic: False | process: True | single session: False | low effort: False | cleanup: False | breakdown: True | still vague: False
Organize pantry | atomic: False | process: True | single session: False | low effort: False | cleanup: False | breakdown: True | still vague: False
Research new packaging options | atomic: False | process: False | single session: False | low effort: False | cleanup: False | breakdown: True | still vague: False
Email guy about thing | atomic: False | process: False | single session: False | low effort: True | cleanup: True | breakdown: False | still vague: True
Packaging labels | atomic: False | process: False | single session: False | low effort: False | cleanup: False | breakdown: False | still vague: False

Expected:
- Setup/install/restart/open/call/email/first draft examples: breakdown=False and still vague=False
- Design/prepare/plan/organize/research examples: breakdown=True
- Email guy / Packaging labels: still vague=True
Using synced block: 34c1facc-c5ab-80cc-b68a-fe0229f8749b
Extracted 0 brain dump item(s)
Inbox empty → no-op.
Found 100 open unfinished tasks

--- Processing clarification selections ---
Matches: 0

Possible matches (manual review): 0

Duplicate inbox items: 0

New tasks to create: 0
Controlled production limit: processing 0 of 0 new item(s)

--- RUN MODE ---
DRY_RUN: False
MAX_ITEMS_PER_RUN: 5
ARCHIVE_PROCESSED_ITEMS: True
Created 0 task(s)
Archived 0 processed item(s)
Focused Quick Wins: 5/9

--- Focus Now update ---
Current Focus Now tasks: 5/5
Focus Now already full → no updates needed.
Setup new earbuds for iPhone | atomic: False | process: True | single session: False | low effort: True | cleanup: False | breakdown: False | still vague: False
Install printer drivers | atomic: False | process: True | single session: False | low effort: True | cleanup: False | breakdown: False | still vague: False
Restart Mum's phone | atomic: True | process: False | single session: True | low effort: True | cleanup: False | breakdown: False | still vague: False
Open Cardwise app on Mum's phone | atomic: True | process: False | single session: True | low effort: True | cleanup: False | breakdown: False | still vague: False
Call dentist office | atomic: True | process: False | single session: True | low effort: True | cleanup: False | breakdown: False | still vague: False
Email school about bread order | atomic: True | process: False | single session: True | low effort: True | cleanup: False | breakdown: False | still vague: False
Create first draft label in Canva | atomic: False | process: True | single session: True | low effort: True | cleanup: False | breakdown: False | still vague: False
Design new label for 50% Whole Wheat Sourdough Tin Loaf | atomic: False | process: True | single session: False | low effort: False | cleanup: False | breakdown: True | still vague: False
Prepare school bread order | atomic: False | process: True | single session: False | low effort: False | cleanup: False | breakdown: True | still vague: False
Plan summer trip | atomic: False | process: True | single session: False | low effort: False | cleanup: False | breakdown: True | still vague: False
Organize pantry | atomic: False | process: True | single session: False | low effort: False | cleanup: False | breakdown: True | still vague: False
Research new packaging options | atomic: False | process: False | single session: False | low effort: False | cleanup: False | breakdown: True | still vague: False
Email guy about thing | atomic: False | process: False | single session: False | low effort: True | cleanup: True | breakdown: False | still vague: True
Packaging labels | atomic: False | process: False | single session: False | low effort: False | cleanup: False | breakdown: False | still vague: False

Expected:
- Setup/install/restart/open/call/email/first draft examples: breakdown=False and still vague=False
- Design/prepare/plan/organize/research examples: breakdown=True
- Email guy / Packaging labels: still vague=True
Using synced block: 34c1facc-c5ab-80cc-b68a-fe0229f8749b
Extracted 0 brain dump item(s)
Inbox empty → no-op.
Found 100 open unfinished tasks

--- Processing clarification selections ---
Matches: 0

Possible matches (manual review): 0

Duplicate inbox items: 0

New tasks to create: 0
Controlled production limit: processing 0 of 0 new item(s)

--- RUN MODE ---
DRY_RUN: False
MAX_ITEMS_PER_RUN: 5
ARCHIVE_PROCESSED_ITEMS: True
Created 0 task(s)
Archived 0 processed item(s)
Focused Quick Wins: 5/9

--- Focus Now update ---
Current Focus Now tasks: 5/5
Focus Now already full → no updates needed.
Setup new earbuds for iPhone | atomic: False | process: True | single session: False | low effort: True | cleanup: False | breakdown: False | still vague: False
Install printer drivers | atomic: False | process: True | single session: False | low effort: True | cleanup: False | breakdown: False | still vague: False
Restart Mum's phone | atomic: True | process: False | single session: True | low effort: True | cleanup: False | breakdown: False | still vague: False
Open Cardwise app on Mum's phone | atomic: True | process: False | single session: True | low effort: True | cleanup: False | breakdown: False | still vague: False
Call dentist office | atomic: True | process: False | single session: True | low effort: True | cleanup: False | breakdown: False | still vague: False
Email school about bread order | atomic: True | process: False | single session: True | low effort: True | cleanup: False | breakdown: False | still vague: False
Create first draft label in Canva | atomic: False | process: True | single session: True | low effort: True | cleanup: False | breakdown: False | still vague: False
Design new label for 50% Whole Wheat Sourdough Tin Loaf | atomic: False | process: True | single session: False | low effort: False | cleanup: False | breakdown: True | still vague: False
Prepare school bread order | atomic: False | process: True | single session: False | low effort: False | cleanup: False | breakdown: True | still vague: False
Plan summer trip | atomic: False | process: True | single session: False | low effort: False | cleanup: False | breakdown: True | still vague: False
Organize pantry | atomic: False | process: True | single session: False | low effort: False | cleanup: False | breakdown: True | still vague: False
Research new packaging options | atomic: False | process: False | single session: False | low effort: False | cleanup: False | breakdown: True | still vague: False
Email guy about thing | atomic: False | process: False | single session: False | low effort: True | cleanup: True | breakdown: False | still vague: True
Packaging labels | atomic: False | process: False | single session: False | low effort: False | cleanup: False | breakdown: False | still vague: False

Expected:
- Setup/install/restart/open/call/email/first draft examples: breakdown=False and still vague=False
- Design/prepare/plan/organize/research examples: breakdown=True
- Email guy / Packaging labels: still vague=True
Using synced block: 34c1facc-c5ab-80cc-b68a-fe0229f8749b
Extracted 0 brain dump item(s)
Inbox empty → no-op.
Found 100 open unfinished tasks

--- Processing clarification selections ---
Matches: 0

Possible matches (manual review): 0

Duplicate inbox items: 0

New tasks to create: 0
Controlled production limit: processing 0 of 0 new item(s)

--- RUN MODE ---
DRY_RUN: False
MAX_ITEMS_PER_RUN: 5
ARCHIVE_PROCESSED_ITEMS: True
Created 0 task(s)
Archived 0 processed item(s)
Focused Quick Wins: 5/9

--- Focus Now update ---
Current Focus Now tasks: 5/5
Focus Now already full → no updates needed.
Setup new earbuds for iPhone | atomic: False | process: True | single session: False | low effort: True | cleanup: False | breakdown: False | still vague: False
Install printer drivers | atomic: False | process: True | single session: False | low effort: True | cleanup: False | breakdown: False | still vague: False
Restart Mum's phone | atomic: True | process: False | single session: True | low effort: True | cleanup: False | breakdown: False | still vague: False
Open Cardwise app on Mum's phone | atomic: True | process: False | single session: True | low effort: True | cleanup: False | breakdown: False | still vague: False
Call dentist office | atomic: True | process: False | single session: True | low effort: True | cleanup: False | breakdown: False | still vague: False
Email school about bread order | atomic: True | process: False | single session: True | low effort: True | cleanup: False | breakdown: False | still vague: False
Create first draft label in Canva | atomic: False | process: True | single session: True | low effort: True | cleanup: False | breakdown: False | still vague: False
Design new label for 50% Whole Wheat Sourdough Tin Loaf | atomic: False | process: True | single session: False | low effort: False | cleanup: False | breakdown: True | still vague: False
Prepare school bread order | atomic: False | process: True | single session: False | low effort: False | cleanup: False | breakdown: True | still vague: False
Plan summer trip | atomic: False | process: True | single session: False | low effort: False | cleanup: False | breakdown: True | still vague: False
Organize pantry | atomic: False | process: True | single session: False | low effort: False | cleanup: False | breakdown: True | still vague: False
Research new packaging options | atomic: False | process: False | single session: False | low effort: False | cleanup: False | breakdown: True | still vague: False
Email guy about thing | atomic: False | process: False | single session: False | low effort: True | cleanup: True | breakdown: False | still vague: True
Packaging labels | atomic: False | process: False | single session: False | low effort: False | cleanup: False | breakdown: False | still vague: False

Expected:
- Setup/install/restart/open/call/email/first draft examples: breakdown=False and still vague=False
- Design/prepare/plan/organize/research examples: breakdown=True
- Email guy / Packaging labels: still vague=True
Using synced block: 34c1facc-c5ab-80cc-b68a-fe0229f8749b
Extracted 0 brain dump item(s)
Inbox empty → no-op.
Found 100 open unfinished tasks

--- Processing clarification selections ---
Matches: 0

Possible matches (manual review): 0

Duplicate inbox items: 0

New tasks to create: 0
Controlled production limit: processing 0 of 0 new item(s)

--- RUN MODE ---
DRY_RUN: False
MAX_ITEMS_PER_RUN: 5
ARCHIVE_PROCESSED_ITEMS: True
Created 0 task(s)
Archived 0 processed item(s)
Focused Quick Wins: 5/9

--- Focus Now update ---
Current Focus Now tasks: 5/5
Focus Now already full → no updates needed.
Setup new earbuds for iPhone | atomic: False | process: True | single session: False | low effort: True | cleanup: False | breakdown: False | still vague: False
Install printer drivers | atomic: False | process: True | single session: False | low effort: True | cleanup: False | breakdown: False | still vague: False
Restart Mum's phone | atomic: True | process: False | single session: True | low effort: True | cleanup: False | breakdown: False | still vague: False
Open Cardwise app on Mum's phone | atomic: True | process: False | single session: True | low effort: True | cleanup: False | breakdown: False | still vague: False
Call dentist office | atomic: True | process: False | single session: True | low effort: True | cleanup: False | breakdown: False | still vague: False
Email school about bread order | atomic: True | process: False | single session: True | low effort: True | cleanup: False | breakdown: False | still vague: False
Create first draft label in Canva | atomic: False | process: True | single session: True | low effort: True | cleanup: False | breakdown: False | still vague: False
Design new label for 50% Whole Wheat Sourdough Tin Loaf | atomic: False | process: True | single session: False | low effort: False | cleanup: False | breakdown: True | still vague: False
Prepare school bread order | atomic: False | process: True | single session: False | low effort: False | cleanup: False | breakdown: True | still vague: False
Plan summer trip | atomic: False | process: True | single session: False | low effort: False | cleanup: False | breakdown: True | still vague: False
Organize pantry | atomic: False | process: True | single session: False | low effort: False | cleanup: False | breakdown: True | still vague: False
Research new packaging options | atomic: False | process: False | single session: False | low effort: False | cleanup: False | breakdown: True | still vague: False
Email guy about thing | atomic: False | process: False | single session: False | low effort: True | cleanup: True | breakdown: False | still vague: True
Packaging labels | atomic: False | process: False | single session: False | low effort: False | cleanup: False | breakdown: False | still vague: False

Expected:
- Setup/install/restart/open/call/email/first draft examples: breakdown=False and still vague=False
- Design/prepare/plan/organize/research examples: breakdown=True
- Email guy / Packaging labels: still vague=True
Using synced block: 34c1facc-c5ab-80cc-b68a-fe0229f8749b
Extracted 0 brain dump item(s)
Inbox empty → no-op.
Found 100 open unfinished tasks

--- Processing clarification selections ---
Matches: 0

Possible matches (manual review): 0

Duplicate inbox items: 0

New tasks to create: 0
Controlled production limit: processing 0 of 0 new item(s)

--- RUN MODE ---
DRY_RUN: False
MAX_ITEMS_PER_RUN: 5
ARCHIVE_PROCESSED_ITEMS: True
Created 0 task(s)
Archived 0 processed item(s)
Focused Quick Wins: 5/9

--- Focus Now update ---
Current Focus Now tasks: 5/5
Focus Now already full → no updates needed.
Setup new earbuds for iPhone | atomic: False | process: True | single session: False | low effort: True | cleanup: False | breakdown: False | still vague: False
Install printer drivers | atomic: False | process: True | single session: False | low effort: True | cleanup: False | breakdown: False | still vague: False
Restart Mum's phone | atomic: True | process: False | single session: True | low effort: True | cleanup: False | breakdown: False | still vague: False
Open Cardwise app on Mum's phone | atomic: True | process: False | single session: True | low effort: True | cleanup: False | breakdown: False | still vague: False
Call dentist office | atomic: True | process: False | single session: True | low effort: True | cleanup: False | breakdown: False | still vague: False
Email school about bread order | atomic: True | process: False | single session: True | low effort: True | cleanup: False | breakdown: False | still vague: False
Create first draft label in Canva | atomic: False | process: True | single session: True | low effort: True | cleanup: False | breakdown: False | still vague: False
Design new label for 50% Whole Wheat Sourdough Tin Loaf | atomic: False | process: True | single session: False | low effort: False | cleanup: False | breakdown: True | still vague: False
Prepare school bread order | atomic: False | process: True | single session: False | low effort: False | cleanup: False | breakdown: True | still vague: False
Plan summer trip | atomic: False | process: True | single session: False | low effort: False | cleanup: False | breakdown: True | still vague: False
Organize pantry | atomic: False | process: True | single session: False | low effort: False | cleanup: False | breakdown: True | still vague: False
Research new packaging options | atomic: False | process: False | single session: False | low effort: False | cleanup: False | breakdown: True | still vague: False
Email guy about thing | atomic: False | process: False | single session: False | low effort: True | cleanup: True | breakdown: False | still vague: True
Packaging labels | atomic: False | process: False | single session: False | low effort: False | cleanup: False | breakdown: False | still vague: False

Expected:
- Setup/install/restart/open/call/email/first draft examples: breakdown=False and still vague=False
- Design/prepare/plan/organize/research examples: breakdown=True
- Email guy / Packaging labels: still vague=True
Using synced block: 34c1facc-c5ab-80cc-b68a-fe0229f8749b
Extracted 0 brain dump item(s)
Inbox empty → no-op.
Found 100 open unfinished tasks

--- Processing clarification selections ---
Matches: 0

Possible matches (manual review): 0

Duplicate inbox items: 0

New tasks to create: 0
Controlled production limit: processing 0 of 0 new item(s)

--- RUN MODE ---
DRY_RUN: False
MAX_ITEMS_PER_RUN: 5
ARCHIVE_PROCESSED_ITEMS: True
Created 0 task(s)
Archived 0 processed item(s)
Focused Quick Wins: 5/9

--- Focus Now update ---
Current Focus Now tasks: 5/5
Focus Now already full → no updates needed.
Setup new earbuds for iPhone | atomic: False | process: True | single session: False | low effort: True | cleanup: False | breakdown: False | still vague: False
Install printer drivers | atomic: False | process: True | single session: False | low effort: True | cleanup: False | breakdown: False | still vague: False
Restart Mum's phone | atomic: True | process: False | single session: True | low effort: True | cleanup: False | breakdown: False | still vague: False
Open Cardwise app on Mum's phone | atomic: True | process: False | single session: True | low effort: True | cleanup: False | breakdown: False | still vague: False
Call dentist office | atomic: True | process: False | single session: True | low effort: True | cleanup: False | breakdown: False | still vague: False
Email school about bread order | atomic: True | process: False | single session: True | low effort: True | cleanup: False | breakdown: False | still vague: False
Create first draft label in Canva | atomic: False | process: True | single session: True | low effort: True | cleanup: False | breakdown: False | still vague: False
Design new label for 50% Whole Wheat Sourdough Tin Loaf | atomic: False | process: True | single session: False | low effort: False | cleanup: False | breakdown: True | still vague: False
Prepare school bread order | atomic: False | process: True | single session: False | low effort: False | cleanup: False | breakdown: True | still vague: False
Plan summer trip | atomic: False | process: True | single session: False | low effort: False | cleanup: False | breakdown: True | still vague: False
Organize pantry | atomic: False | process: True | single session: False | low effort: False | cleanup: False | breakdown: True | still vague: False
Research new packaging options | atomic: False | process: False | single session: False | low effort: False | cleanup: False | breakdown: True | still vague: False
Email guy about thing | atomic: False | process: False | single session: False | low effort: True | cleanup: True | breakdown: False | still vague: True
Packaging labels | atomic: False | process: False | single session: False | low effort: False | cleanup: False | breakdown: False | still vague: False

Expected:
- Setup/install/restart/open/call/email/first draft examples: breakdown=False and still vague=False
- Design/prepare/plan/organize/research examples: breakdown=True
- Email guy / Packaging labels: still vague=True
Using synced block: 34c1facc-c5ab-80cc-b68a-fe0229f8749b
Extracted 0 brain dump item(s)
Inbox empty → no-op.
Found 100 open unfinished tasks

--- Processing clarification selections ---
Matches: 0

Possible matches (manual review): 0

Duplicate inbox items: 0

New tasks to create: 0
Controlled production limit: processing 0 of 0 new item(s)

--- RUN MODE ---
DRY_RUN: False
MAX_ITEMS_PER_RUN: 5
ARCHIVE_PROCESSED_ITEMS: True
Created 0 task(s)
Archived 0 processed item(s)
Focused Quick Wins: 5/9

--- Focus Now update ---
Current Focus Now tasks: 5/5
Focus Now already full → no updates needed.
Setup new earbuds for iPhone | atomic: False | process: True | single session: False | low effort: True | cleanup: False | breakdown: False | still vague: False
Install printer drivers | atomic: False | process: True | single session: False | low effort: True | cleanup: False | breakdown: False | still vague: False
Restart Mum's phone | atomic: True | process: False | single session: True | low effort: True | cleanup: False | breakdown: False | still vague: False
Open Cardwise app on Mum's phone | atomic: True | process: False | single session: True | low effort: True | cleanup: False | breakdown: False | still vague: False
Call dentist office | atomic: True | process: False | single session: True | low effort: True | cleanup: False | breakdown: False | still vague: False
Email school about bread order | atomic: True | process: False | single session: True | low effort: True | cleanup: False | breakdown: False | still vague: False
Create first draft label in Canva | atomic: False | process: True | single session: True | low effort: True | cleanup: False | breakdown: False | still vague: False
Design new label for 50% Whole Wheat Sourdough Tin Loaf | atomic: False | process: True | single session: False | low effort: False | cleanup: False | breakdown: True | still vague: False
Prepare school bread order | atomic: False | process: True | single session: False | low effort: False | cleanup: False | breakdown: True | still vague: False
Plan summer trip | atomic: False | process: True | single session: False | low effort: False | cleanup: False | breakdown: True | still vague: False
Organize pantry | atomic: False | process: True | single session: False | low effort: False | cleanup: False | breakdown: True | still vague: False
Research new packaging options | atomic: False | process: False | single session: False | low effort: False | cleanup: False | breakdown: True | still vague: False
Email guy about thing | atomic: False | process: False | single session: False | low effort: True | cleanup: True | breakdown: False | still vague: True
Packaging labels | atomic: False | process: False | single session: False | low effort: False | cleanup: False | breakdown: False | still vague: False

Expected:
- Setup/install/restart/open/call/email/first draft examples: breakdown=False and still vague=False
- Design/prepare/plan/organize/research examples: breakdown=True
- Email guy / Packaging labels: still vague=True
Using synced block: 34c1facc-c5ab-80cc-b68a-fe0229f8749b
Extracted 0 brain dump item(s)
Inbox empty → no-op.
Found 100 open unfinished tasks

--- Processing clarification selections ---
Matches: 0

Possible matches (manual review): 0

Duplicate inbox items: 0

New tasks to create: 0
Controlled production limit: processing 0 of 0 new item(s)

--- RUN MODE ---
DRY_RUN: False
MAX_ITEMS_PER_RUN: 5
ARCHIVE_PROCESSED_ITEMS: True
Created 0 task(s)
Archived 0 processed item(s)
Focused Quick Wins: 5/9

--- Focus Now update ---
Current Focus Now tasks: 5/5
Focus Now already full → no updates needed.
Setup new earbuds for iPhone | atomic: False | process: True | single session: False | low effort: True | cleanup: False | breakdown: False | still vague: False
Install printer drivers | atomic: False | process: True | single session: False | low effort: True | cleanup: False | breakdown: False | still vague: False
Restart Mum's phone | atomic: True | process: False | single session: True | low effort: True | cleanup: False | breakdown: False | still vague: False
Open Cardwise app on Mum's phone | atomic: True | process: False | single session: True | low effort: True | cleanup: False | breakdown: False | still vague: False
Call dentist office | atomic: True | process: False | single session: True | low effort: True | cleanup: False | breakdown: False | still vague: False
Email school about bread order | atomic: True | process: False | single session: True | low effort: True | cleanup: False | breakdown: False | still vague: False
Create first draft label in Canva | atomic: False | process: True | single session: True | low effort: True | cleanup: False | breakdown: False | still vague: False
Design new label for 50% Whole Wheat Sourdough Tin Loaf | atomic: False | process: True | single session: False | low effort: False | cleanup: False | breakdown: True | still vague: False
Prepare school bread order | atomic: False | process: True | single session: False | low effort: False | cleanup: False | breakdown: True | still vague: False
Plan summer trip | atomic: False | process: True | single session: False | low effort: False | cleanup: False | breakdown: True | still vague: False
Organize pantry | atomic: False | process: True | single session: False | low effort: False | cleanup: False | breakdown: True | still vague: False
Research new packaging options | atomic: False | process: False | single session: False | low effort: False | cleanup: False | breakdown: True | still vague: False
Email guy about thing | atomic: False | process: False | single session: False | low effort: True | cleanup: True | breakdown: False | still vague: True
Packaging labels | atomic: False | process: False | single session: False | low effort: False | cleanup: False | breakdown: False | still vague: False

Expected:
- Setup/install/restart/open/call/email/first draft examples: breakdown=False and still vague=False
- Design/prepare/plan/organize/research examples: breakdown=True
- Email guy / Packaging labels: still vague=True
Using synced block: 34c1facc-c5ab-80cc-b68a-fe0229f8749b
Extracted 0 brain dump item(s)
Inbox empty → no-op.
Found 100 open unfinished tasks

--- Processing clarification selections ---
Matches: 0

Possible matches (manual review): 0

Duplicate inbox items: 0

New tasks to create: 0
Controlled production limit: processing 0 of 0 new item(s)

--- RUN MODE ---
DRY_RUN: False
MAX_ITEMS_PER_RUN: 5
ARCHIVE_PROCESSED_ITEMS: True
Created 0 task(s)
Archived 0 processed item(s)
Focused Quick Wins: 5/9

--- Focus Now update ---
Current Focus Now tasks: 5/5
Focus Now already full → no updates needed.
Setup new earbuds for iPhone | atomic: False | process: True | single session: False | low effort: True | cleanup: False | breakdown: False | still vague: False
Install printer drivers | atomic: False | process: True | single session: False | low effort: True | cleanup: False | breakdown: False | still vague: False
Restart Mum's phone | atomic: True | process: False | single session: True | low effort: True | cleanup: False | breakdown: False | still vague: False
Open Cardwise app on Mum's phone | atomic: True | process: False | single session: True | low effort: True | cleanup: False | breakdown: False | still vague: False
Call dentist office | atomic: True | process: False | single session: True | low effort: True | cleanup: False | breakdown: False | still vague: False
Email school about bread order | atomic: True | process: False | single session: True | low effort: True | cleanup: False | breakdown: False | still vague: False
Create first draft label in Canva | atomic: False | process: True | single session: True | low effort: True | cleanup: False | breakdown: False | still vague: False
Design new label for 50% Whole Wheat Sourdough Tin Loaf | atomic: False | process: True | single session: False | low effort: False | cleanup: False | breakdown: True | still vague: False
Prepare school bread order | atomic: False | process: True | single session: False | low effort: False | cleanup: False | breakdown: True | still vague: False
Plan summer trip | atomic: False | process: True | single session: False | low effort: False | cleanup: False | breakdown: True | still vague: False
Organize pantry | atomic: False | process: True | single session: False | low effort: False | cleanup: False | breakdown: True | still vague: False
Research new packaging options | atomic: False | process: False | single session: False | low effort: False | cleanup: False | breakdown: True | still vague: False
Email guy about thing | atomic: False | process: False | single session: False | low effort: True | cleanup: True | breakdown: False | still vague: True
Packaging labels | atomic: False | process: False | single session: False | low effort: False | cleanup: False | breakdown: False | still vague: False

Expected:
- Setup/install/restart/open/call/email/first draft examples: breakdown=False and still vague=False
- Design/prepare/plan/organize/research examples: breakdown=True
- Email guy / Packaging labels: still vague=True
Using synced block: 34c1facc-c5ab-80cc-b68a-fe0229f8749b
Extracted 0 brain dump item(s)
Inbox empty → no-op.
Found 100 open unfinished tasks

--- Processing clarification selections ---
Matches: 0

Possible matches (manual review): 0

Duplicate inbox items: 0

New tasks to create: 0
Controlled production limit: processing 0 of 0 new item(s)

--- RUN MODE ---
DRY_RUN: False
MAX_ITEMS_PER_RUN: 5
ARCHIVE_PROCESSED_ITEMS: True
Created 0 task(s)
Archived 0 processed item(s)
Focused Quick Wins: 5/9

--- Focus Now update ---
Current Focus Now tasks: 5/5
Focus Now already full → no updates needed.
Setup new earbuds for iPhone | atomic: False | process: True | single session: False | low effort: True | cleanup: False | breakdown: False | still vague: False
Install printer drivers | atomic: False | process: True | single session: False | low effort: True | cleanup: False | breakdown: False | still vague: False
Restart Mum's phone | atomic: True | process: False | single session: True | low effort: True | cleanup: False | breakdown: False | still vague: False
Open Cardwise app on Mum's phone | atomic: True | process: False | single session: True | low effort: True | cleanup: False | breakdown: False | still vague: False
Call dentist office | atomic: True | process: False | single session: True | low effort: True | cleanup: False | breakdown: False | still vague: False
Email school about bread order | atomic: True | process: False | single session: True | low effort: True | cleanup: False | breakdown: False | still vague: False
Create first draft label in Canva | atomic: False | process: True | single session: True | low effort: True | cleanup: False | breakdown: False | still vague: False
Design new label for 50% Whole Wheat Sourdough Tin Loaf | atomic: False | process: True | single session: False | low effort: False | cleanup: False | breakdown: True | still vague: False
Prepare school bread order | atomic: False | process: True | single session: False | low effort: False | cleanup: False | breakdown: True | still vague: False
Plan summer trip | atomic: False | process: True | single session: False | low effort: False | cleanup: False | breakdown: True | still vague: False
Organize pantry | atomic: False | process: True | single session: False | low effort: False | cleanup: False | breakdown: True | still vague: False
Research new packaging options | atomic: False | process: False | single session: False | low effort: False | cleanup: False | breakdown: True | still vague: False
Email guy about thing | atomic: False | process: False | single session: False | low effort: True | cleanup: True | breakdown: False | still vague: True
Packaging labels | atomic: False | process: False | single session: False | low effort: False | cleanup: False | breakdown: False | still vague: False

Expected:
- Setup/install/restart/open/call/email/first draft examples: breakdown=False and still vague=False
- Design/prepare/plan/organize/research examples: breakdown=True
- Email guy / Packaging labels: still vague=True
Using synced block: 34c1facc-c5ab-80cc-b68a-fe0229f8749b
Extracted 0 brain dump item(s)
Inbox empty → no-op.
Found 100 open unfinished tasks

--- Processing clarification selections ---
Matches: 0

Possible matches (manual review): 0

Duplicate inbox items: 0

New tasks to create: 0
Controlled production limit: processing 0 of 0 new item(s)

--- RUN MODE ---
DRY_RUN: False
MAX_ITEMS_PER_RUN: 5
ARCHIVE_PROCESSED_ITEMS: True
Created 0 task(s)
Archived 0 processed item(s)
Focused Quick Wins: 5/9

--- Focus Now update ---
Current Focus Now tasks: 5/5
Focus Now already full → no updates needed.
Setup new earbuds for iPhone | atomic: False | process: True | single session: False | low effort: True | cleanup: False | breakdown: False | still vague: False
Install printer drivers | atomic: False | process: True | single session: False | low effort: True | cleanup: False | breakdown: False | still vague: False
Restart Mum's phone | atomic: True | process: False | single session: True | low effort: True | cleanup: False | breakdown: False | still vague: False
Open Cardwise app on Mum's phone | atomic: True | process: False | single session: True | low effort: True | cleanup: False | breakdown: False | still vague: False
Call dentist office | atomic: True | process: False | single session: True | low effort: True | cleanup: False | breakdown: False | still vague: False
Email school about bread order | atomic: True | process: False | single session: True | low effort: True | cleanup: False | breakdown: False | still vague: False
Create first draft label in Canva | atomic: False | process: True | single session: True | low effort: True | cleanup: False | breakdown: False | still vague: False
Design new label for 50% Whole Wheat Sourdough Tin Loaf | atomic: False | process: True | single session: False | low effort: False | cleanup: False | breakdown: True | still vague: False
Prepare school bread order | atomic: False | process: True | single session: False | low effort: False | cleanup: False | breakdown: True | still vague: False
Plan summer trip | atomic: False | process: True | single session: False | low effort: False | cleanup: False | breakdown: True | still vague: False
Organize pantry | atomic: False | process: True | single session: False | low effort: False | cleanup: False | breakdown: True | still vague: False
Research new packaging options | atomic: False | process: False | single session: False | low effort: False | cleanup: False | breakdown: True | still vague: False
Email guy about thing | atomic: False | process: False | single session: False | low effort: True | cleanup: True | breakdown: False | still vague: True
Packaging labels | atomic: False | process: False | single session: False | low effort: False | cleanup: False | breakdown: False | still vague: False

Expected:
- Setup/install/restart/open/call/email/first draft examples: breakdown=False and still vague=False
- Design/prepare/plan/organize/research examples: breakdown=True
- Email guy / Packaging labels: still vague=True
Using synced block: 34c1facc-c5ab-80cc-b68a-fe0229f8749b
Extracted 0 brain dump item(s)
Inbox empty → no-op.
Found 100 open unfinished tasks

--- Processing clarification selections ---
Matches: 0

Possible matches (manual review): 0

Duplicate inbox items: 0

New tasks to create: 0
Controlled production limit: processing 0 of 0 new item(s)

--- RUN MODE ---
DRY_RUN: False
MAX_ITEMS_PER_RUN: 5
ARCHIVE_PROCESSED_ITEMS: True
Created 0 task(s)
Archived 0 processed item(s)
Focused Quick Wins: 5/9

--- Focus Now update ---
Current Focus Now tasks: 5/5
Focus Now already full → no updates needed.
Setup new earbuds for iPhone | atomic: False | process: True | single session: False | low effort: True | cleanup: False | breakdown: False | still vague: False
Install printer drivers | atomic: False | process: True | single session: False | low effort: True | cleanup: False | breakdown: False | still vague: False
Restart Mum's phone | atomic: True | process: False | single session: True | low effort: True | cleanup: False | breakdown: False | still vague: False
Open Cardwise app on Mum's phone | atomic: True | process: False | single session: True | low effort: True | cleanup: False | breakdown: False | still vague: False
Call dentist office | atomic: True | process: False | single session: True | low effort: True | cleanup: False | breakdown: False | still vague: False
Email school about bread order | atomic: True | process: False | single session: True | low effort: True | cleanup: False | breakdown: False | still vague: False
Create first draft label in Canva | atomic: False | process: True | single session: True | low effort: True | cleanup: False | breakdown: False | still vague: False
Design new label for 50% Whole Wheat Sourdough Tin Loaf | atomic: False | process: True | single session: False | low effort: False | cleanup: False | breakdown: True | still vague: False
Prepare school bread order | atomic: False | process: True | single session: False | low effort: False | cleanup: False | breakdown: True | still vague: False
Plan summer trip | atomic: False | process: True | single session: False | low effort: False | cleanup: False | breakdown: True | still vague: False
Organize pantry | atomic: False | process: True | single session: False | low effort: False | cleanup: False | breakdown: True | still vague: False
Research new packaging options | atomic: False | process: False | single session: False | low effort: False | cleanup: False | breakdown: True | still vague: False
Email guy about thing | atomic: False | process: False | single session: False | low effort: True | cleanup: True | breakdown: False | still vague: True
Packaging labels | atomic: False | process: False | single session: False | low effort: False | cleanup: False | breakdown: False | still vague: False

Expected:
- Setup/install/restart/open/call/email/first draft examples: breakdown=False and still vague=False
- Design/prepare/plan/organize/research examples: breakdown=True
- Email guy / Packaging labels: still vague=True
Using synced block: 34c1facc-c5ab-80cc-b68a-fe0229f8749b
Extracted 0 brain dump item(s)
Inbox empty → no-op.
Found 100 open unfinished tasks

--- Processing clarification selections ---
Matches: 0

Possible matches (manual review): 0

Duplicate inbox items: 0

New tasks to create: 0
Controlled production limit: processing 0 of 0 new item(s)

--- RUN MODE ---
DRY_RUN: False
MAX_ITEMS_PER_RUN: 5
ARCHIVE_PROCESSED_ITEMS: True
Created 0 task(s)
Archived 0 processed item(s)
Focused Quick Wins: 5/9

--- Focus Now update ---
Current Focus Now tasks: 5/5
Focus Now already full → no updates needed.
Setup new earbuds for iPhone | atomic: False | process: True | single session: False | low effort: True | cleanup: False | breakdown: False | still vague: False
Install printer drivers | atomic: False | process: True | single session: False | low effort: True | cleanup: False | breakdown: False | still vague: False
Restart Mum's phone | atomic: True | process: False | single session: True | low effort: True | cleanup: False | breakdown: False | still vague: False
Open Cardwise app on Mum's phone | atomic: True | process: False | single session: True | low effort: True | cleanup: False | breakdown: False | still vague: False
Call dentist office | atomic: True | process: False | single session: True | low effort: True | cleanup: False | breakdown: False | still vague: False
Email school about bread order | atomic: True | process: False | single session: True | low effort: True | cleanup: False | breakdown: False | still vague: False
Create first draft label in Canva | atomic: False | process: True | single session: True | low effort: True | cleanup: False | breakdown: False | still vague: False
Design new label for 50% Whole Wheat Sourdough Tin Loaf | atomic: False | process: True | single session: False | low effort: False | cleanup: False | breakdown: True | still vague: False
Prepare school bread order | atomic: False | process: True | single session: False | low effort: False | cleanup: False | breakdown: True | still vague: False
Plan summer trip | atomic: False | process: True | single session: False | low effort: False | cleanup: False | breakdown: True | still vague: False
Organize pantry | atomic: False | process: True | single session: False | low effort: False | cleanup: False | breakdown: True | still vague: False
Research new packaging options | atomic: False | process: False | single session: False | low effort: False | cleanup: False | breakdown: True | still vague: False
Email guy about thing | atomic: False | process: False | single session: False | low effort: True | cleanup: True | breakdown: False | still vague: True
Packaging labels | atomic: False | process: False | single session: False | low effort: False | cleanup: False | breakdown: False | still vague: False

Expected:
- Setup/install/restart/open/call/email/first draft examples: breakdown=False and still vague=False
- Design/prepare/plan/organize/research examples: breakdown=True
- Email guy / Packaging labels: still vague=True
Using synced block: 34c1facc-c5ab-80cc-b68a-fe0229f8749b
Extracted 0 brain dump item(s)
Inbox empty → no-op.
Found 100 open unfinished tasks

--- Processing clarification selections ---
Matches: 0

Possible matches (manual review): 0

Duplicate inbox items: 0

New tasks to create: 0
Controlled production limit: processing 0 of 0 new item(s)

--- RUN MODE ---
DRY_RUN: False
MAX_ITEMS_PER_RUN: 5
ARCHIVE_PROCESSED_ITEMS: True
Created 0 task(s)
Archived 0 processed item(s)
Focused Quick Wins: 5/9

--- Focus Now update ---
Current Focus Now tasks: 5/5
Focus Now already full → no updates needed.
Setup new earbuds for iPhone | atomic: False | process: True | single session: False | low effort: True | cleanup: False | breakdown: False | still vague: False
Install printer drivers | atomic: False | process: True | single session: False | low effort: True | cleanup: False | breakdown: False | still vague: False
Restart Mum's phone | atomic: True | process: False | single session: True | low effort: True | cleanup: False | breakdown: False | still vague: False
Open Cardwise app on Mum's phone | atomic: True | process: False | single session: True | low effort: True | cleanup: False | breakdown: False | still vague: False
Call dentist office | atomic: True | process: False | single session: True | low effort: True | cleanup: False | breakdown: False | still vague: False
Email school about bread order | atomic: True | process: False | single session: True | low effort: True | cleanup: False | breakdown: False | still vague: False
Create first draft label in Canva | atomic: False | process: True | single session: True | low effort: True | cleanup: False | breakdown: False | still vague: False
Design new label for 50% Whole Wheat Sourdough Tin Loaf | atomic: False | process: True | single session: False | low effort: False | cleanup: False | breakdown: True | still vague: False
Prepare school bread order | atomic: False | process: True | single session: False | low effort: False | cleanup: False | breakdown: True | still vague: False
Plan summer trip | atomic: False | process: True | single session: False | low effort: False | cleanup: False | breakdown: True | still vague: False
Organize pantry | atomic: False | process: True | single session: False | low effort: False | cleanup: False | breakdown: True | still vague: False
Research new packaging options | atomic: False | process: False | single session: False | low effort: False | cleanup: False | breakdown: True | still vague: False
Email guy about thing | atomic: False | process: False | single session: False | low effort: True | cleanup: True | breakdown: False | still vague: True
Packaging labels | atomic: False | process: False | single session: False | low effort: False | cleanup: False | breakdown: False | still vague: False

Expected:
- Setup/install/restart/open/call/email/first draft examples: breakdown=False and still vague=False
- Design/prepare/plan/organize/research examples: breakdown=True
- Email guy / Packaging labels: still vague=True
Using synced block: 34c1facc-c5ab-80cc-b68a-fe0229f8749b
Extracted 0 brain dump item(s)
Inbox empty → no-op.
Found 100 open unfinished tasks

--- Processing clarification selections ---
Matches: 0

Possible matches (manual review): 0

Duplicate inbox items: 0

New tasks to create: 0
Controlled production limit: processing 0 of 0 new item(s)

--- RUN MODE ---
DRY_RUN: False
MAX_ITEMS_PER_RUN: 5
ARCHIVE_PROCESSED_ITEMS: True
Created 0 task(s)
Archived 0 processed item(s)
Focused Quick Wins: 5/9

--- Focus Now update ---
Current Focus Now tasks: 5/5
Focus Now already full → no updates needed.
Setup new earbuds for iPhone | atomic: False | process: True | single session: False | low effort: True | cleanup: False | breakdown: False | still vague: False
Install printer drivers | atomic: False | process: True | single session: False | low effort: True | cleanup: False | breakdown: False | still vague: False
Restart Mum's phone | atomic: True | process: False | single session: True | low effort: True | cleanup: False | breakdown: False | still vague: False
Open Cardwise app on Mum's phone | atomic: True | process: False | single session: True | low effort: True | cleanup: False | breakdown: False | still vague: False
Call dentist office | atomic: True | process: False | single session: True | low effort: True | cleanup: False | breakdown: False | still vague: False
Email school about bread order | atomic: True | process: False | single session: True | low effort: True | cleanup: False | breakdown: False | still vague: False
Create first draft label in Canva | atomic: False | process: True | single session: True | low effort: True | cleanup: False | breakdown: False | still vague: False
Design new label for 50% Whole Wheat Sourdough Tin Loaf | atomic: False | process: True | single session: False | low effort: False | cleanup: False | breakdown: True | still vague: False
Prepare school bread order | atomic: False | process: True | single session: False | low effort: False | cleanup: False | breakdown: True | still vague: False
Plan summer trip | atomic: False | process: True | single session: False | low effort: False | cleanup: False | breakdown: True | still vague: False
Organize pantry | atomic: False | process: True | single session: False | low effort: False | cleanup: False | breakdown: True | still vague: False
Research new packaging options | atomic: False | process: False | single session: False | low effort: False | cleanup: False | breakdown: True | still vague: False
Email guy about thing | atomic: False | process: False | single session: False | low effort: True | cleanup: True | breakdown: False | still vague: True
Packaging labels | atomic: False | process: False | single session: False | low effort: False | cleanup: False | breakdown: False | still vague: False

Expected:
- Setup/install/restart/open/call/email/first draft examples: breakdown=False and still vague=False
- Design/prepare/plan/organize/research examples: breakdown=True
- Email guy / Packaging labels: still vague=True
Using synced block: 34c1facc-c5ab-80cc-b68a-fe0229f8749b
Extracted 0 brain dump item(s)
Inbox empty → no-op.
Found 100 open unfinished tasks

--- Processing clarification selections ---
Matches: 0

Possible matches (manual review): 0

Duplicate inbox items: 0

New tasks to create: 0
Controlled production limit: processing 0 of 0 new item(s)

--- RUN MODE ---
DRY_RUN: False
MAX_ITEMS_PER_RUN: 5
ARCHIVE_PROCESSED_ITEMS: True
Created 0 task(s)
Archived 0 processed item(s)
Focused Quick Wins: 5/9

--- Focus Now update ---
Current Focus Now tasks: 5/5
Focus Now already full → no updates needed.
Setup new earbuds for iPhone | atomic: False | process: True | single session: False | low effort: True | cleanup: False | breakdown: False | still vague: False
Install printer drivers | atomic: False | process: True | single session: False | low effort: True | cleanup: False | breakdown: False | still vague: False
Restart Mum's phone | atomic: True | process: False | single session: True | low effort: True | cleanup: False | breakdown: False | still vague: False
Open Cardwise app on Mum's phone | atomic: True | process: False | single session: True | low effort: True | cleanup: False | breakdown: False | still vague: False
Call dentist office | atomic: True | process: False | single session: True | low effort: True | cleanup: False | breakdown: False | still vague: False
Email school about bread order | atomic: True | process: False | single session: True | low effort: True | cleanup: False | breakdown: False | still vague: False
Create first draft label in Canva | atomic: False | process: True | single session: True | low effort: True | cleanup: False | breakdown: False | still vague: False
Design new label for 50% Whole Wheat Sourdough Tin Loaf | atomic: False | process: True | single session: False | low effort: False | cleanup: False | breakdown: True | still vague: False
Prepare school bread order | atomic: False | process: True | single session: False | low effort: False | cleanup: False | breakdown: True | still vague: False
Plan summer trip | atomic: False | process: True | single session: False | low effort: False | cleanup: False | breakdown: True | still vague: False
Organize pantry | atomic: False | process: True | single session: False | low effort: False | cleanup: False | breakdown: True | still vague: False
Research new packaging options | atomic: False | process: False | single session: False | low effort: False | cleanup: False | breakdown: True | still vague: False
Email guy about thing | atomic: False | process: False | single session: False | low effort: True | cleanup: True | breakdown: False | still vague: True
Packaging labels | atomic: False | process: False | single session: False | low effort: False | cleanup: False | breakdown: False | still vague: False

Expected:
- Setup/install/restart/open/call/email/first draft examples: breakdown=False and still vague=False
- Design/prepare/plan/organize/research examples: breakdown=True
- Email guy / Packaging labels: still vague=True
Using synced block: 34c1facc-c5ab-80cc-b68a-fe0229f8749b
Extracted 0 brain dump item(s)
Inbox empty → no-op.
Found 100 open unfinished tasks

--- Processing clarification selections ---
Matches: 0

Possible matches (manual review): 0

Duplicate inbox items: 0

New tasks to create: 0
Controlled production limit: processing 0 of 0 new item(s)

--- RUN MODE ---
DRY_RUN: False
MAX_ITEMS_PER_RUN: 5
ARCHIVE_PROCESSED_ITEMS: True
Created 0 task(s)
Archived 0 processed item(s)
Focused Quick Wins: 5/9

--- Focus Now update ---
Current Focus Now tasks: 5/5
Focus Now already full → no updates needed.
Setup new earbuds for iPhone | atomic: False | process: True | single session: False | low effort: True | cleanup: False | breakdown: False | still vague: False
Install printer drivers | atomic: False | process: True | single session: False | low effort: True | cleanup: False | breakdown: False | still vague: False
Restart Mum's phone | atomic: True | process: False | single session: True | low effort: True | cleanup: False | breakdown: False | still vague: False
Open Cardwise app on Mum's phone | atomic: True | process: False | single session: True | low effort: True | cleanup: False | breakdown: False | still vague: False
Call dentist office | atomic: True | process: False | single session: True | low effort: True | cleanup: False | breakdown: False | still vague: False
Email school about bread order | atomic: True | process: False | single session: True | low effort: True | cleanup: False | breakdown: False | still vague: False
Create first draft label in Canva | atomic: False | process: True | single session: True | low effort: True | cleanup: False | breakdown: False | still vague: False
Design new label for 50% Whole Wheat Sourdough Tin Loaf | atomic: False | process: True | single session: False | low effort: False | cleanup: False | breakdown: True | still vague: False
Prepare school bread order | atomic: False | process: True | single session: False | low effort: False | cleanup: False | breakdown: True | still vague: False
Plan summer trip | atomic: False | process: True | single session: False | low effort: False | cleanup: False | breakdown: True | still vague: False
Organize pantry | atomic: False | process: True | single session: False | low effort: False | cleanup: False | breakdown: True | still vague: False
Research new packaging options | atomic: False | process: False | single session: False | low effort: False | cleanup: False | breakdown: True | still vague: False
Email guy about thing | atomic: False | process: False | single session: False | low effort: True | cleanup: True | breakdown: False | still vague: True
Packaging labels | atomic: False | process: False | single session: False | low effort: False | cleanup: False | breakdown: False | still vague: False

Expected:
- Setup/install/restart/open/call/email/first draft examples: breakdown=False and still vague=False
- Design/prepare/plan/organize/research examples: breakdown=True
- Email guy / Packaging labels: still vague=True
Using synced block: 34c1facc-c5ab-80cc-b68a-fe0229f8749b
Extracted 0 brain dump item(s)
Inbox empty → no-op.
Found 100 open unfinished tasks

--- Processing clarification selections ---
Matches: 0

Possible matches (manual review): 0

Duplicate inbox items: 0

New tasks to create: 0
Controlled production limit: processing 0 of 0 new item(s)

--- RUN MODE ---
DRY_RUN: False
MAX_ITEMS_PER_RUN: 5
ARCHIVE_PROCESSED_ITEMS: True
Created 0 task(s)
Archived 0 processed item(s)
Focused Quick Wins: 5/9

--- Focus Now update ---
Current Focus Now tasks: 5/5
Focus Now already full → no updates needed.
Test runner ready. Set TEST_MODE = True, then run_tests_from_top() after the notebook has loaded.
Using synced block: 34c1facc-c5ab-80cc-b68a-fe0229f8749b
Extracted 6 brain dump item(s)
Found 100 open unfinished tasks

--- Processing clarification selections ---
Matches: 1
✓ Print recipes for weekly bakes (JDI) (score: 1.00)

Possible matches (manual review): 0

Duplicate inbox items: 0

New tasks to create: 5
+ Grocery list (JDI)
+ Run ChapGPT to generate inventory list for weekly bakes (JDI)
+ Empty dishwasher (JDI)
+ Shower (JD)
+ Use Starbucks rewards that are expiring
Updated JDI on existing task: Print recipes for weekly bakes
Controlled production limit: processing 5 of 5 new item(s)

--- RUN MODE ---
DRY_RUN: False
MAX_ITEMS_PER_RUN: 5
ARCHIVE_PROCESSED_ITEMS: True

PROCESSING: Grocery list (JDI)
Action rewrite: Grocery list
→ Create grocery list
AI soft rewriting: Create grocery list
→ Create a grocery list
Created: Create a grocery list
Updated metadata: Create a grocery list → {'Effort': {'select': {'name': 'Small Effort'}}, 'Duration': {'select': {'name': '15 min'}}}
Archived item: Grocery list (JDI)
Removed original block: 3571facc-c5ab-80a6-aee0-c0af965a6b82

PROCESSING: Run ChapGPT to generate inventory list for weekly bakes (JDI)
Created: Run ChapGPT to generate inventory list for weekly bakes
Updated metadata: Run ChapGPT to generate inventory list for weekly bakes → {'Effort': {'select': {'name': 'Small Effort'}}, 'Duration': {'select': {'name': '15 min'}}}
Archived item: Run ChapGPT to generate inventory list for weekly bakes (JDI)
Removed original block: 3571facc-c5ab-806e-9f29-fde4202b38cc

PROCESSING: Empty dishwasher (JDI)
AI soft rewriting: Empty dishwasher
→ no soft rewrite needed
Created: Empty dishwasher
Updated metadata: Empty dishwasher → {'Effort': {'select': {'name': 'Small Effort'}}, 'Duration': {'select': {'name': '15 min'}}}
Archived item: Empty dishwasher (JDI)
Removed original block: 3571facc-c5ab-8031-9c84-f03d296e31af

PROCESSING: Shower (JD)
AI rewriting: Shower JD
→ Shower JD
→ Too vague or missing action verb, forcing clarify step
Created: Clarify next action: Shower JD
Added clarification blocks
Archived item: Shower (JD)
Removed original block: 3571facc-c5ab-8021-b67e-ed70f9bc70a4

PROCESSING: Use Starbucks rewards that are expiring
AI rewriting: Use Starbucks rewards that are expiring
→ Use expiring Starbucks rewards
→ Too vague or missing action verb, forcing clarify step
Created: Clarify next action: Use Starbucks rewards that are expiring
Updated metadata: Clarify next action: Use Starbucks rewards that are expiring → {'Effort': {'select': {'name': 'Small Effort'}}, 'Duration': {'select': {'name': '15 min'}}}
Added clarification blocks
Archived item: Use Starbucks rewards that are expiring
Removed original block: 3571facc-c5ab-80c9-8011-cf2fc81be91d
Archived item: Print recipes for weekly bakes (JDI)
Removed original block: 3571facc-c5ab-8076-88ad-ff7e69a23aca
Created 5 task(s)
Archived 6 processed item(s)
Focused Quick Wins: 5/9

--- Focus Now update ---
Current Focus Now tasks: 5/5
Focus Now already full → no updates needed.
Removed original block: 3561facc-c5ab-8121-9aa7-f6045f7f2a36
Trimmed 1 old archive run(s)
Test runner ready. Set TEST_MODE = True, then run_tests_from_top() after the notebook has loaded.
Using synced block: 34c1facc-c5ab-80cc-b68a-fe0229f8749b
Extracted 4 brain dump item(s)
Found 100 open unfinished tasks

--- Processing clarification selections ---
Clarification resolved → Visit nearby Starbucks to redeem rewards
Updated task → Visit nearby Starbucks to redeem rewards
Cleared clarification blocks
Clarification resolved → Shower (JDI)
Updated task → Shower (JDI)
Cleared clarification blocks
Matches: 1
✓ Schedule furnace maintenance (score: 1.00)

Possible matches (manual review): 0

Duplicate inbox items: 0

New tasks to create: 3
+ Buy tickets for Ottawa Titans baseball game TODAY
+ Package bread for Nola (JDI)
+ Change furnace filter (JDI)
Matched existing task: Schedule furnace maintenance
Updated metadata: Schedule furnace maintenance → {'Effort': {'select': {'name': 'Small Effort'}}, 'Duration': {'select': {'name': '30 min'}}}
Updated Quick Win: Schedule furnace maintenance → True
Controlled production limit: processing 3 of 3 new item(s)

--- RUN MODE ---
DRY_RUN: False
MAX_ITEMS_PER_RUN: 5
ARCHIVE_PROCESSED_ITEMS: True

PROCESSING: Buy tickets for Ottawa Titans baseball game TODAY
Created: Buy tickets for Ottawa Titans baseball game TODAY
Updated metadata: Buy tickets for Ottawa Titans baseball game TODAY → {'Effort': {'select': {'name': 'Small Effort'}}, 'Duration': {'select': {'name': '15 min'}}}
Updated Quick Win: Buy tickets for Ottawa Titans baseball game TODAY → True
Archived item: Buy tickets for Ottawa Titans baseball game TODAY
Removed original block: 3571facc-c5ab-8043-93b9-e69521b9a7c4

PROCESSING: Package bread for Nola (JDI)
AI soft rewriting: Package bread for Nola
→ no soft rewrite needed
Created: Package bread for Nola
Updated metadata: Package bread for Nola → {'Effort': {'select': {'name': 'Small Effort'}}, 'Duration': {'select': {'name': '15 min'}}}
Archived item: Package bread for Nola (JDI)
Removed original block: 3571facc-c5ab-80d3-bcf6-e49504d95d36

PROCESSING: Change furnace filter (JDI)
AI rewriting: Change furnace filter
→ Change furnace filter
→ Too vague or missing action verb, forcing clarify step
Created: Clarify next action: Change furnace filter
Updated metadata: Clarify next action: Change furnace filter → {'Effort': {'select': {'name': 'Small Effort'}}, 'Duration': {'select': {'name': '15 min'}}}
Added clarification blocks
Archived item: Change furnace filter (JDI)
Removed original block: 3571facc-c5ab-80d4-95f7-ca276d824514
Archived item: Schedule furnace maintenance
Removed original block: 3571facc-c5ab-807d-b924-dccfc4b11d7c
Created 3 task(s)
Archived 4 processed item(s)
Updated Focus: Schedule furnace maintenance → True
Updated Focus: Check flights to Italy → False
Focused Quick Wins: 5/11

--- Focus Now update ---
Current Focus Now tasks: 5/5
Focus Now already full → no updates needed.
Removed original block: 3571facc-c5ab-813c-a765-e5833f29571f
Trimmed 1 old archive run(s)
Test runner ready. Set TEST_MODE = True, then run_tests_from_top() after the notebook has loaded.
Using synced block: 34c1facc-c5ab-80cc-b68a-fe0229f8749b
Extracted 0 brain dump item(s)
Inbox empty → no-op.
Found 100 open unfinished tasks

--- Processing clarification selections ---
Matches: 0

Possible matches (manual review): 0

Duplicate inbox items: 0

New tasks to create: 0
Controlled production limit: processing 0 of 0 new item(s)

--- RUN MODE ---
DRY_RUN: False
MAX_ITEMS_PER_RUN: 5
ARCHIVE_PROCESSED_ITEMS: True
Created 0 task(s)
Archived 0 processed item(s)
Focused Quick Wins: 5/11

--- Focus Now update ---
Current Focus Now tasks: 5/5
Focus Now already full → no updates needed.
Test runner ready. Set TEST_MODE = True, then run_tests_from_top() after the notebook has loaded.
Using synced block: 34c1facc-c5ab-80cc-b68a-fe0229f8749b
Extracted 0 brain dump item(s)
Inbox empty → no-op.
Found 100 open unfinished tasks

--- Processing clarification selections ---
Clarification resolved → Shower (JDI)
Updated task → Shower (JDI)
Cleared clarification blocks
Matches: 0

Possible matches (manual review): 0

Duplicate inbox items: 0

New tasks to create: 0
Controlled production limit: processing 0 of 0 new item(s)

--- RUN MODE ---
DRY_RUN: False
MAX_ITEMS_PER_RUN: 5
ARCHIVE_PROCESSED_ITEMS: True
Created 0 task(s)
Archived 0 processed item(s)
Focused Quick Wins: 5/16

--- Focus Now update ---
Current Focus Now tasks: 5/5
Focus Now already full → no updates needed.
Test runner ready. Set TEST_MODE = True, then run_tests_from_top() after the notebook has loaded.
Using synced block: 34c1facc-c5ab-80cc-b68a-fe0229f8749b
Extracted 0 brain dump item(s)
Inbox empty → no-op.
Found 100 open unfinished tasks

--- Processing clarification selections ---
Matches: 0

Possible matches (manual review): 0

Duplicate inbox items: 0

New tasks to create: 0
Controlled production limit: processing 0 of 0 new item(s)

--- RUN MODE ---
DRY_RUN: False
MAX_ITEMS_PER_RUN: 5
ARCHIVE_PROCESSED_ITEMS: True
Created 0 task(s)
Archived 0 processed item(s)
Focused Quick Wins: 5/16

--- Focus Now update ---
Current Focus Now tasks: 5/5
Focus Now already full → no updates needed.
Test runner ready. Set TEST_MODE = True, then run_tests_from_top() after the notebook has loaded.
Using synced block: 34c1facc-c5ab-80cc-b68a-fe0229f8749b
Extracted 0 brain dump item(s)
Inbox empty → no-op.
Found 100 open unfinished tasks

--- Processing clarification selections ---
Matches: 0

Possible matches (manual review): 0

Duplicate inbox items: 0

New tasks to create: 0
Controlled production limit: processing 0 of 0 new item(s)

--- RUN MODE ---
DRY_RUN: False
MAX_ITEMS_PER_RUN: 5
ARCHIVE_PROCESSED_ITEMS: True
Created 0 task(s)
Archived 0 processed item(s)
Focused Quick Wins: 5/16

--- Focus Now update ---
Current Focus Now tasks: 5/5
Focus Now already full → no updates needed.
Test runner ready. Set TEST_MODE = True, then run_tests_from_top() after the notebook has loaded.
Structural helper order tests passed
Using synced block: 34c1facc-c5ab-80cc-b68a-fe0229f8749b
Extracted 1 brain dump item(s)
Found 100 open unfinished tasks

--- Processing clarification selections ---
Matches: 0

Possible matches (manual review): 0

Duplicate inbox items: 0

New tasks to create: 1
+ Order coffee from Good Oswald TODAY
Controlled production limit: processing 1 of 1 new item(s)

--- RUN MODE ---
DRY_RUN: False
MAX_ITEMS_PER_RUN: 5
ARCHIVE_PROCESSED_ITEMS: True

PROCESSING: Order coffee from Good Oswald TODAY
AI soft rewriting: Order coffee from Good Oswald
→ no soft rewrite needed
Created: Order coffee from Good Oswald
Updated metadata: Order coffee from Good Oswald → {'Effort': {'select': {'name': 'Small Effort'}}, 'Duration': {'select': {'name': '15 min'}}}
Updated Quick Win: Order coffee from Good Oswald → True
Archived item: Order coffee from Good Oswald TODAY
Removed original block: 3571facc-c5ab-8078-bca0-ec96adb1f341
Created 1 task(s)
Archived 1 processed item(s)
Focused Quick Wins: 5/12

--- Focus Now update ---
Current Focus Now tasks: 5/5
Focus Now already full → no updates needed.
Removed original block: 3571facc-c5ab-8146-a807-c7b43690604f
Trimmed 1 old archive run(s)
Test runner ready. Set TEST_MODE = True, then run_tests_from_top() after the notebook has loaded.
Structural helper order tests passed
Using synced block: 34c1facc-c5ab-80cc-b68a-fe0229f8749b
Extracted 0 brain dump item(s)
Inbox empty → no-op.
Found 100 open unfinished tasks

--- Processing clarification selections ---
Matches: 0

Possible matches (manual review): 0

Duplicate inbox items: 0

New tasks to create: 0
Controlled production limit: processing 0 of 0 new item(s)

--- RUN MODE ---
DRY_RUN: False
MAX_ITEMS_PER_RUN: 5
ARCHIVE_PROCESSED_ITEMS: True
Created 0 task(s)
Archived 0 processed item(s)
Focused Quick Wins: 5/12

--- Focus Now update ---
Current Focus Now tasks: 5/5
Focus Now already full → no updates needed.
/usr/local/Cellar/python@3.14/3.14.2/Frameworks/Python.framework/Versions/3.14/Resources/Python.app/Contents/MacOS/Python: can't open file '/Users/John/LocalProjects/aios/AIOS.py': [Errno 2] No such file or directory
/usr/local/Cellar/python@3.14/3.14.2/Frameworks/Python.framework/Versions/3.14/Resources/Python.app/Contents/MacOS/Python: can't open file '/Users/John/LocalProjects/aios/AIOS.py': [Errno 2] No such file or directory
Test runner ready. Set TEST_MODE = True, then run_tests_from_top() after the notebook has loaded.
Structural helper order tests passed
Using synced block: 34c1facc-c5ab-80cc-b68a-fe0229f8749b
Extracted notes for: Ask ChatGPT to implementation parent / child awareness in AIOS
  - if a Brain Dump parent has multiple actionable children, optionally create subtasks automatically
Extracted notes for: Ask ChatGPT to implement Incremental append mode in AIOS
  - if a duplicate task already exists, append new notes to existing task instead of creating another task
Extracted notes for: Ask ChatGPT to implement “Context extraction” in AIOS
  - auto-detect links, phone numbers, dates, locations from notes
  - optionally populate task properties
Extracted 3 brain dump item(s)
Found 100 open unfinished tasks

--- Processing clarification selections ---
Matches: 0

Possible matches (manual review): 0

Duplicate inbox items: 0

New tasks to create: 3
+ Ask ChatGPT to implementation parent / child awareness in AIOS
+ Ask ChatGPT to implement Incremental append mode in AIOS
+ Ask ChatGPT to implement “Context extraction” in AIOS
Controlled production limit: processing 3 of 3 new item(s)

--- RUN MODE ---
DRY_RUN: False
MAX_ITEMS_PER_RUN: 5
ARCHIVE_PROCESSED_ITEMS: True

PROCESSING: Ask ChatGPT to implementation parent / child awareness in AIOS
Created: Ask ChatGPT to implementation parent / child awareness in AIOS
Updated metadata: Ask ChatGPT to implementation parent / child awareness in AIOS → {'Effort': {'select': {'name': 'Small Effort'}}}
Updated Quick Win: Ask ChatGPT to implementation parent / child awareness in AIOS → True
Added 1 note(s) to task page
Archived item: Ask ChatGPT to implementation parent / child awareness in AIOS
Removed original block: 3581facc-c5ab-8021-b70e-d383edbfa2f8

PROCESSING: Ask ChatGPT to implement Incremental append mode in AIOS
Created: Ask ChatGPT to implement Incremental append mode in AIOS
Updated metadata: Ask ChatGPT to implement Incremental append mode in AIOS → {'Effort': {'select': {'name': 'Small Effort'}}, 'Duration': {'select': {'name': '60 min'}}}
Updated Quick Win: Ask ChatGPT to implement Incremental append mode in AIOS → True
Added 1 note(s) to task page
Archived item: Ask ChatGPT to implement Incremental append mode in AIOS
Removed original block: 3581facc-c5ab-802c-9989-eb198d34a795

PROCESSING: Ask ChatGPT to implement “Context extraction” in AIOS
Created: Ask ChatGPT to implement “Context extraction” in AIOS
Updated metadata: Ask ChatGPT to implement “Context extraction” in AIOS → {'Effort': {'select': {'name': 'Small Effort'}}}
Updated Quick Win: Ask ChatGPT to implement “Context extraction” in AIOS → True
Added 2 note(s) to task page
Archived item: Ask ChatGPT to implement “Context extraction” in AIOS
Removed original block: 3581facc-c5ab-8054-9ff5-ef8de0200541
Created 3 task(s)
Archived 3 processed item(s)
Traceback (most recent call last):
  File "/Users/John/LocalProjects/aios/run_aios.py", line 5992, in <module>
    run_project_candidate_detector()
    ~~~~~~~~~~~~~~~~~~~~~~~~~~~~~~^^
  File "/Users/John/LocalProjects/aios/run_aios.py", line 5933, in run_project_candidate_detector
    if TEST_MODE or DRY_RUN or not RUN_PROJECT_CANDIDATE_DETECTOR:
                                   ^^^^^^^^^^^^^^^^^^^^^^^^^^^^^^
NameError: name 'RUN_PROJECT_CANDIDATE_DETECTOR' is not defined
Test runner ready. Set TEST_MODE = True, then run_tests_from_top() after the notebook has loaded.
Structural helper order tests passed
Using synced block: 34c1facc-c5ab-80cc-b68a-fe0229f8749b
Extracted notes for: Prepare school bread order
  - Confirm pickup timing
  - Check allergy requirements
Extracted 3 brain dump item(s)
Found 100 open unfinished tasks

--- Processing clarification selections ---
Matches: 0

Possible matches (manual review): 0

Duplicate inbox items: 0

New tasks to create: 3
+ Prepare school bread order
+ Email school about bread order
+ Slice bread for school breakfast program
Controlled production limit: processing 3 of 3 new item(s)

--- RUN MODE ---
DRY_RUN: False
MAX_ITEMS_PER_RUN: 5
ARCHIVE_PROCESSED_ITEMS: True

PROCESSING: Prepare school bread order
AI soft rewriting: Prepare school bread order
→ no soft rewrite needed
Breaking down: Prepare school bread order

--- BREAKDOWN ---
Parent: Prepare school bread order
 - Confirm the types and quantities of bread needed for the school order
 - Verify the delivery date and time for the bread order
 - Contact the bakery to place the bread order based on confirmed details
 - Arrange for payment or purchase authorization for the bread order
 - Coordinate delivery or pickup logistics for the school bread order
Created: Prepare school bread order
Updated metadata: Prepare school bread order → {'Effort': {'select': {'name': 'Medium Effort'}}, 'Duration': {'select': {'name': '60 min'}}}
Created: Confirm the types and quantities of bread needed for the school order
Updated metadata: Confirm the types and quantities of bread needed for the school order → {'Effort': {'select': {'name': 'Small Effort'}}, 'Duration': {'select': {'name': '15 min'}}}
Updated Quick Win: Confirm the types and quantities of bread needed for the school order → True
Created: Verify the delivery date and time for the bread order
Updated metadata: Verify the delivery date and time for the bread order → {'Effort': {'select': {'name': 'Small Effort'}}, 'Duration': {'select': {'name': '15 min'}}}
Created: Contact the bakery to place the bread order based on confirmed details
Updated metadata: Contact the bakery to place the bread order based on confirmed details → {'Effort': {'select': {'name': 'Small Effort'}}, 'Duration': {'select': {'name': '15 min'}}}
Created: Arrange for payment or purchase authorization for the bread order
Updated metadata: Arrange for payment or purchase authorization for the bread order → {'Duration': {'select': {'name': '15 min'}}}
Updated Quick Win: Arrange for payment or purchase authorization for the bread order → True
Created: Coordinate delivery or pickup logistics for the school bread order
Updated metadata: Coordinate delivery or pickup logistics for the school bread order → {'Effort': {'select': {'name': 'Small Effort'}}, 'Duration': {'select': {'name': '30 min'}}}
Added 2 note(s) to task page
Archived item: Prepare school bread order
Removed original block: 3581facc-c5ab-80d7-b6da-dc90f957a80d

PROCESSING: Email school about bread order
AI soft rewriting: Email school about bread order
→ no soft rewrite needed
Created: Email school about bread order
Updated metadata: Email school about bread order → {'Duration': {'select': {'name': '15 min'}}}
Updated Quick Win: Email school about bread order → True
Archived item: Email school about bread order
Removed original block: 3581facc-c5ab-808c-9a91-c3080b05156d

PROCESSING: Slice bread for school breakfast program
Created: Slice bread for school breakfast program
Updated metadata: Slice bread for school breakfast program → {'Effort': {'select': {'name': 'Small Effort'}}, 'Duration': {'select': {'name': '15 min'}}}
Updated Quick Win: Slice bread for school breakfast program → True
Archived item: Slice bread for school breakfast program
Removed original block: 3581facc-c5ab-8057-81b3-f54a8ead950f
Created 8 task(s)
Archived 3 processed item(s)
Traceback (most recent call last):
  File "/Users/John/LocalProjects/aios/run_aios.py", line 5994, in <module>
    run_project_candidate_detector()
    ~~~~~~~~~~~~~~~~~~~~~~~~~~~~~~^^
  File "/Users/John/LocalProjects/aios/run_aios.py", line 5944, in run_project_candidate_detector
    open_tasks = get_open_tasks_for_project_candidate_scan()
  File "/Users/John/LocalProjects/aios/run_aios.py", line 5753, in get_open_tasks_for_project_candidate_scan
    page_size=PROJECT_CANDIDATE_SCAN_LIMIT,
              ^^^^^^^^^^^^^^^^^^^^^^^^^^^^
NameError: name 'PROJECT_CANDIDATE_SCAN_LIMIT' is not defined
Test runner ready. Set TEST_MODE = True, then run_tests_from_top() after the notebook has loaded.
Structural helper order tests passed
Using synced block: 34c1facc-c5ab-80cc-b68a-fe0229f8749b
Extracted 6 brain dump item(s)
Found 100 open unfinished tasks

--- Processing clarification selections ---
Matches: 0

Possible matches (manual review): 1
~ Complete mise en place for Super Seed Bread today → possible match: Complete mise en place for Buttermilk Multi-Seed Bread (score: 0.85)
Added possible duplicate review blocks: Complete mise en place for Super Seed Bread today

Duplicate inbox items: 0

Non-task notes routed: 0

Non-task ideas routed: 0

New tasks to create: 5
+ Refill jar of black sesame seeds – just do it
+ Refill jar of brown sesame seeds – just do it
+ Mix soaker for seed bread tonight
+ Mix levain for seed bread tonight
+ Ask ChatGPT to add feature to AIOS for deferring tasks
Controlled production limit: processing 5 of 5 new item(s)

--- RUN MODE ---
DRY_RUN: False
MAX_ITEMS_PER_RUN: 5
ARCHIVE_PROCESSED_ITEMS: True

PROCESSING: Refill jar of black sesame seeds – just do it
AI rewriting: Refill jar of black sesame seeds
→ Refill jar with black sesame seeds
→ Too vague or missing action verb, forcing clarify step
→ Task decision override: keep; using original title
Created: Refill jar of black sesame seeds
Updated metadata: Refill jar of black sesame seeds → {'Effort': {'select': {'name': 'Small Effort'}}, 'Duration': {'select': {'name': '15 min'}}}
Archived item: Refill jar of black sesame seeds – just do it
Removed original block: 3581facc-c5ab-8164-827c-d8f783a91f28

PROCESSING: Refill jar of brown sesame seeds – just do it
AI rewriting: Refill jar of brown sesame seeds
→ Refill jar with brown sesame seeds
→ Too vague or missing action verb, forcing clarify step
→ Task decision override: keep; using original title
Created: Refill jar of brown sesame seeds
Updated metadata: Refill jar of brown sesame seeds → {'Effort': {'select': {'name': 'Small Effort'}}, 'Duration': {'select': {'name': '15 min'}}}
Archived item: Refill jar of brown sesame seeds – just do it
Removed original block: 3581facc-c5ab-8109-9f30-fccf7e2f0abf

PROCESSING: Mix soaker for seed bread tonight
AI soft rewriting: Mix soaker for seed bread
→ no soft rewrite needed
Created: Mix soaker for seed bread
Updated metadata: Mix soaker for seed bread → {'Effort': {'select': {'name': 'Small Effort'}}, 'Duration': {'select': {'name': '15 min'}}}
Updated Quick Win: Mix soaker for seed bread → True
Archived item: Mix soaker for seed bread tonight
Removed original block: 3581facc-c5ab-8147-b48a-dc172ab6b28b

PROCESSING: Mix levain for seed bread tonight
AI soft rewriting: Mix levain for seed bread
→ no soft rewrite needed
Created: Mix levain for seed bread
Updated metadata: Mix levain for seed bread → {'Effort': {'select': {'name': 'Small Effort'}}, 'Duration': {'select': {'name': '15 min'}}}
Updated Quick Win: Mix levain for seed bread → True
Archived item: Mix levain for seed bread tonight
Removed original block: 3581facc-c5ab-81dc-820e-d6339edb19bd

PROCESSING: Ask ChatGPT to add feature to AIOS for deferring tasks
Created: Ask ChatGPT to add feature to AIOS for deferring tasks
Updated metadata: Ask ChatGPT to add feature to AIOS for deferring tasks → {'Effort': {'select': {'name': 'Small Effort'}}, 'Duration': {'select': {'name': '15 min'}}}
Updated Quick Win: Ask ChatGPT to add feature to AIOS for deferring tasks → True
Archived item: Ask ChatGPT to add feature to AIOS for deferring tasks
Removed original block: 3581facc-c5ab-8024-b478-cb155b648071
Created 5 task(s)
Archived 5 processed item(s)

--- Project candidate detector ---
Reviewing 5 newly created top-level task(s).

--- PROJECT CANDIDATE ---
Seed task: Refill jar of black sesame seeds
Suggested project: Bakery Operations and Supplies
Confidence: 0.80
Reason: The tasks all involve refilling jars of various seeds, which relates to maintaining bakery ingredients inventory and supplies. Although they involve different seeds, they contribute to the same operational domain of managing bakery ingredients and supplies.
Related tasks:
 - Refill jar of brown sesame seeds
 - Refill flax seed jar
 - Refill container of hard red berries

--- PROJECT CANDIDATE ---
Seed task: Refill jar of brown sesame seeds
Suggested project: Bakery Operations and Supplies
Confidence: 0.80
Reason: All the tasks involve refilling jars of different seeds and a container related to bakery ingredients, which pertains to maintaining supplies necessary for bakery operations.
Related tasks:
 - Refill jar of black sesame seeds
 - Refill flax seed jar
 - Refill container of hard red berries

--- PROJECT CANDIDATE ---
Seed task: Mix soaker for seed bread
Suggested project: Weekly Bakery Production
Confidence: 0.80
Reason: Tasks involve preparing components (soaker, levain, starter) and mise en place for seed breads, which are operational activities supporting the same bread production cycle. Related tasks also include ingredient gathering and portioning for baking, fitting the scope of weekly production work rather than separate categories.
Related tasks:
 - Mix levain for seed bread
 - Bulk up starter for Super Seed Bread levain
 - Complete mise en place for Buttermilk Multi-Seed Bread
   - Gather all ingredients needed for Buttermilk Multi-Seed Bread (subtask of Complete mise en place for Buttermilk Multi-Seed Bread)
   - Measure and prepare each ingredient according to the recipe (subtask of Complete mise en place for Buttermilk Multi-Seed Bread)
   - Portion seeds and nuts required for the bread topping and dough (subtask of Complete mise en place for Buttermilk Multi-Seed Bread)
   - Arrange utensils and baking equipment for the bread preparation (subtask of Complete mise en place for Buttermilk Multi-Seed Bread)

--- PROJECT CANDIDATE ---
Seed task: Mix levain for seed bread
Suggested project: Weekly Bakery Production
Confidence: 0.80
Reason: All tasks involve preparation steps related to baking seed bread and other bread types likely part of a weekly baking cycle, including levain mixing, soaker mixing, mise en place, starter bulk-up, ingredient gathering, portioning, and related prep activities. These are operational activities supporting the same production outcome rather than separate projects.
Related tasks:
 - Mix soaker for seed bread
 - Complete mise en place for Buttermilk Multi-Seed Bread
   - Gather all ingredients needed for Buttermilk Multi-Seed Bread (subtask of Complete mise en place for Buttermilk Multi-Seed Bread)
   - Measure and prepare each ingredient according to the recipe (subtask of Complete mise en place for Buttermilk Multi-Seed Bread)
   - Portion seeds and nuts required for the bread topping and dough (subtask of Complete mise en place for Buttermilk Multi-Seed Bread)
   - Arrange utensils and baking equipment for the bread preparation (subtask of Complete mise en place for Buttermilk Multi-Seed Bread)
 - Bulk up starter for Super Seed Bread levain
 - Take inventory for weekly bake plan
 - Feed rye starter

--- PROJECT CANDIDATE ---
Seed task: Ask ChatGPT to add feature to AIOS for deferring tasks
Suggested project: AIOS Feature Development
Confidence: 0.90
Reason: All tasks involve adding features or improving the AIOS system, indicating a shared project focused on AIOS software enhancements and modularization.
Related tasks:
 - Ask ChatGPT to add feature for completion / outcome review pass in AIOS
 - Ask ChatGPT to break the AIOS code into modules
 - Ask ChatGPT to group related tasks in AIOS into projects
 - Ask ChatGPT to implement “Context extraction” in AIOS
 - Ask ChatGPT to implementation parent / child awareness in AIOS
 - Ask ChatGPT to implement Incremental append mode in AIOS
 - Review current features of AIOS
 - Convert task names to sentence case in AIOS
Updated Focus: Check beneficiaries on pensions → True
Focused Quick Wins: 5/28
Cleared Do for deferred task: Sort bakery ingredients by type and expiration date

--- Focus Now update ---
Current Focus Now tasks: 4/5
Deferred Focus Now tasks removed: 1
Adding 1 task(s) to Focus Now:
Set Do = Today: Prepare ingredients and final Khorasan focaccia for the photo shoot
Removed original block: 3581facc-c5ab-812a-ac3f-f9f8d5fd2a67
Trimmed 1 old archive run(s)

--- Run summary ---
Started:  2026-05-06 14:45:46
Finished: 2026-05-06 14:47:36
Elapsed:  110.0s
Inbox — Extracted: 6, New: 5, Processed: 5, Left for later: 0
Matching — Exact/high matches: 0, Possible matches: 1, Duplicate inbox items: 0
Tasks — Created: 5, Breakdown parents: 0, Breakdown subtasks: 0, Clarification tasks: 0
Updates — Matched items: 0, Metadata: 5, Quick Win: 3, Focus checkbox: 1, Focus Now added: 1
Archive / review — Archived items: 5, Clarification blocks added: 0, Possible duplicate blocks added: 1, Archive runs trimmed: 1
AI log — Entries: 11, Errors: 0
Task notes added: 0
Non-task notes routed: 0
Non-task ideas routed: 0
Project candidates detected: 5
Errors: 0
2026-05-06 14:47:36 — Run complete — Created: 5, Updated: 10, Archived: 5, Errors: 0
Test runner ready. Set TEST_MODE = True, then run_tests_from_top() after the notebook has loaded.
Structural helper order tests passed
Using synced block: 34c1facc-c5ab-80cc-b68a-fe0229f8749b
Extracted 2 brain dump item(s)
Found 100 open unfinished tasks

--- Processing clarification selections ---
Matches: 0

Possible matches (manual review): 0

Duplicate inbox items: 0

Non-task notes routed: 0

Non-task ideas routed: 0

New tasks to create: 2
+ Refill container of bench flour (JDI)
+ Make salad for dinner (JDI)
Controlled production limit: processing 2 of 2 new item(s)

--- RUN MODE ---
DRY_RUN: False
MAX_ITEMS_PER_RUN: 5
ARCHIVE_PROCESSED_ITEMS: True

PROCESSING: Refill container of bench flour (JDI)
AI soft rewriting: Refill container of bench flour
→ no soft rewrite needed
Created: Refill container of bench flour
Updated metadata: Refill container of bench flour → {'Effort': {'select': {'name': 'Small Effort'}}, 'Duration': {'select': {'name': '15 min'}}}
Archived item: Refill container of bench flour (JDI)
Removed original block: 3581facc-c5ab-804b-9369-e856f4350214

PROCESSING: Make salad for dinner (JDI)
AI soft rewriting: Make salad for dinner
→ no soft rewrite needed
Created: Make salad for dinner
Updated metadata: Make salad for dinner → {'Effort': {'select': {'name': 'Small Effort'}}, 'Duration': {'select': {'name': '30 min'}}}
Archived item: Make salad for dinner (JDI)
Removed original block: 3581facc-c5ab-806a-8087-e4d35aeca649
Created 2 task(s)
Archived 2 processed item(s)

--- Project candidate detector ---
Reviewing 2 newly created top-level task(s).
Project candidate suppressed: Refill container of bench flour → Tasks do not share a strong operational outcome.
Project candidate detector: no review-worthy candidates found.
Focused Quick Wins: 5/28

--- Focus Now update ---
Current Focus Now tasks: 5/5
Focus Now already full → no updates needed.
Removed original block: 3581facc-c5ab-8141-b9d8-ffa897218cb4
Trimmed 1 old archive run(s)

--- Run summary ---
Started:  2026-05-06 19:29:33
Finished: 2026-05-06 19:30:11
Elapsed:  38.3s
Inbox — Extracted: 2, New: 2, Processed: 2, Left for later: 0
Matching — Exact/high matches: 0, Possible matches: 0, Duplicate inbox items: 0
Tasks — Created: 2, Breakdown parents: 0, Breakdown subtasks: 0, Clarification tasks: 0
Updates — Matched items: 0, Metadata: 2, Quick Win: 0, Focus checkbox: 0, Focus Now added: 0
Archive / review — Archived items: 2, Clarification blocks added: 0, Possible duplicate blocks added: 0, Archive runs trimmed: 1
AI log — Entries: 2, Errors: 0
Task notes added: 0
Non-task notes routed: 0
Non-task ideas routed: 0
Project candidates detected: 0
Errors: 0
2026-05-06 19:30:11 — Run complete — Created: 2, Updated: 2, Archived: 2, Errors: 0
Test runner ready. Set TEST_MODE = True, then run_tests_from_top() after the notebook has loaded.
Structural helper order tests passed
Using synced block: 34c1facc-c5ab-80cc-b68a-fe0229f8749b
Extracted 1 brain dump item(s)
Found 100 open unfinished tasks

--- Processing clarification selections ---
Matches: 0

Possible matches (manual review): 0

Duplicate inbox items: 0

Non-task notes routed: 0

Non-task ideas routed: 0

New tasks to create: 1
+ Ask ChatGPT to help evolve AIOS into a maintainable system
Controlled production limit: processing 1 of 1 new item(s)

--- RUN MODE ---
DRY_RUN: False
MAX_ITEMS_PER_RUN: 5
ARCHIVE_PROCESSED_ITEMS: True

PROCESSING: Ask ChatGPT to help evolve AIOS into a maintainable system
Created: Ask ChatGPT to help evolve AIOS into a maintainable system
Updated metadata: Ask ChatGPT to help evolve AIOS into a maintainable system → {'Effort': {'select': {'name': 'Small Effort'}}}
Updated Quick Win: Ask ChatGPT to help evolve AIOS into a maintainable system → True
Archived item: Ask ChatGPT to help evolve AIOS into a maintainable system
Removed original block: 3591facc-c5ab-80da-a784-fcbd1be1782e
Created 1 task(s)
Archived 1 processed item(s)

--- Project candidate detector ---
Reviewing 1 newly created top-level task(s).
Project candidate suppressed: Ask ChatGPT to help evolve AIOS into a maintainable system → Tasks do not share a strong operational outcome.
Project candidate detector: no review-worthy candidates found.
Focused Quick Wins: 5/27

--- Focus Now update ---
Current Focus Now tasks: 5/5
Focus Now already full → no updates needed.
Removed original block: 3581facc-c5ab-8106-aa07-dc221f852038
Trimmed 1 old archive run(s)

--- Run summary ---
Started:  2026-05-06 20:05:42
Finished: 2026-05-06 20:06:17
Elapsed:  34.6s
Inbox — Extracted: 1, New: 1, Processed: 1, Left for later: 0
Matching — Exact/high matches: 0, Possible matches: 0, Duplicate inbox items: 0
Tasks — Created: 1, Breakdown parents: 0, Breakdown subtasks: 0, Clarification tasks: 0
Updates — Matched items: 0, Metadata: 1, Quick Win: 1, Focus checkbox: 0, Focus Now added: 0
Archive / review — Archived items: 1, Clarification blocks added: 0, Possible duplicate blocks added: 0, Archive runs trimmed: 1
AI log — Entries: 1, Errors: 0
Task notes added: 0
Non-task notes routed: 0
Non-task ideas routed: 0
Project candidates detected: 0
Errors: 0
2026-05-06 20:06:17 — Run complete — Created: 1, Updated: 2, Archived: 1, Errors: 0
Test runner ready. Set TEST_MODE = True, then run_tests_from_top() after the notebook has loaded.
Structural helper order tests passed
Using synced block: 34c1facc-c5ab-80cc-b68a-fe0229f8749b
Extracted 1 brain dump item(s)
Found 100 open unfinished tasks

--- Processing clarification selections ---
Matches: 0

Possible matches (manual review): 0

Duplicate inbox items: 0

Non-task notes routed: 0

Non-task ideas routed: 0

New tasks to create: 1
+ Ask ChatGPT to help evolve AIOS into a maintainable system
Controlled production limit: processing 1 of 1 new item(s)

--- RUN MODE ---
DRY_RUN: False
MAX_ITEMS_PER_RUN: 5
ARCHIVE_PROCESSED_ITEMS: True

PROCESSING: Ask ChatGPT to help evolve AIOS into a maintainable system
Created: Ask ChatGPT to help evolve AIOS into a maintainable system
Updated metadata: Ask ChatGPT to help evolve AIOS into a maintainable system → {'Effort': {'select': {'name': 'Small Effort'}}}
Updated Quick Win: Ask ChatGPT to help evolve AIOS into a maintainable system → True
Archived item: Ask ChatGPT to help evolve AIOS into a maintainable system
Removed original block: 3591facc-c5ab-80f4-a57d-df672b898cdd
Created 1 task(s)
Archived 1 processed item(s)

--- Project candidate detector ---
Reviewing 1 newly created top-level task(s).

--- PROJECT CANDIDATE ---
Seed task: Ask ChatGPT to help evolve AIOS into a maintainable system
Suggested project: AIOS System Maintainability
Confidence: 0.90
Reason: All tasks focus on improving, organizing, or extending the AIOS system with an emphasis on maintainability and feature development, aligning with a durable operational domain for system evolution and upkeep.
Related tasks:
 - Ask ChatGPT to add feature to AIOS for deferring tasks
 - Ask ChatGPT to break the AIOS code into modules
 - Ask ChatGPT to group related tasks in AIOS into projects
 - Ask ChatGPT to implement “Context extraction” in AIOS
 - Review current features of AIOS
 - Write a brief description of the AIOS system
 - Ask ChatGPT to implement Incremental append mode in AIOS
 - Ask ChatGPT to add feature for completion / outcome review pass in AIOS
Focused Quick Wins: 5/27

--- Focus Now update ---
Current Focus Now tasks: 5/5
Focus Now already full → no updates needed.
Removed original block: 3581facc-c5ab-8150-b3b5-dd0e6ad4a85f
Trimmed 1 old archive run(s)

--- Run summary ---
Started:  2026-05-06 20:29:02
Finished: 2026-05-06 20:29:29
Elapsed:  27.0s
Inbox — Extracted: 1, New: 1, Processed: 1, Left for later: 0
Matching — Exact/high matches: 0, Possible matches: 0, Duplicate inbox items: 0
Tasks — Created: 1, Breakdown parents: 0, Breakdown subtasks: 0, Clarification tasks: 0
Updates — Matched items: 0, Metadata: 1, Quick Win: 1, Focus checkbox: 0, Focus Now added: 0
Archive / review — Archived items: 1, Clarification blocks added: 0, Possible duplicate blocks added: 0, Archive runs trimmed: 1
AI log — Entries: 2, Errors: 0
Task notes added: 0
Non-task notes routed: 0
Non-task ideas routed: 0
Project candidates detected: 1
Errors: 0
2026-05-06 20:29:29 — Run complete — Created: 1, Updated: 2, Archived: 1, Errors: 0
Test runner ready. Set TEST_MODE = True, then run_tests_from_top() after the notebook has loaded.
Structural helper order tests passed
Using synced block: 34c1facc-c5ab-80cc-b68a-fe0229f8749b
Extracted 1 brain dump item(s)
Found 100 open unfinished tasks

--- Processing clarification selections ---
Matches: 0

Possible matches (manual review): 0

Duplicate inbox items: 0

Non-task notes routed: 0

Non-task ideas routed: 0

New tasks to create: 1
+ Ask ChatGPT to help evolve AIOS into a maintainable system
Controlled production limit: processing 1 of 1 new item(s)

--- RUN MODE ---
DRY_RUN: False
MAX_ITEMS_PER_RUN: 5
ARCHIVE_PROCESSED_ITEMS: True

PROCESSING: Ask ChatGPT to help evolve AIOS into a maintainable system
Created: Ask ChatGPT to help evolve AIOS into a maintainable system
Updated metadata: Ask ChatGPT to help evolve AIOS into a maintainable system → {'Effort': {'select': {'name': 'Small Effort'}}}
Updated Quick Win: Ask ChatGPT to help evolve AIOS into a maintainable system → True
Archived item: Ask ChatGPT to help evolve AIOS into a maintainable system
Removed original block: 3591facc-c5ab-80b2-9edc-eca97b51e850
Created 1 task(s)
Archived 1 processed item(s)

--- Project candidate detector ---
Reviewing 1 newly created top-level task(s).

--- PROJECT CANDIDATE ---
Seed task: Ask ChatGPT to help evolve AIOS into a maintainable system
Suggested project: AIOS System Development and Maintenance
Confidence: 0.90
Reason: All tasks focus on evolving, adding features to, structuring, reviewing, and describing the AIOS system, which represents a durable outcome of building and maintaining the AIOS software system as a whole. This is a broad operational area covering the ongoing development and maintenance of the AIOS system, not just a single feature or microtask.
Related tasks:
 - Ask ChatGPT to add feature to AIOS for deferring tasks
 - Ask ChatGPT to break the AIOS code into modules
 - Ask ChatGPT to group related tasks in AIOS into projects
 - Ask ChatGPT to implement “Context extraction” in AIOS
 - Review current features of AIOS
 - Write a brief description of the AIOS system
 - Ask ChatGPT to implement Incremental append mode in AIOS
 - Ask ChatGPT to add feature for completion / outcome review pass in AIOS
Focused Quick Wins: 5/27

--- Focus Now update ---
Current Focus Now tasks: 5/5
Focus Now already full → no updates needed.
Removed original block: 3581facc-c5ab-81e9-9ba7-d096f96d0868
Trimmed 1 old archive run(s)

--- Run summary ---
Started:  2026-05-07 05:21:07
Finished: 2026-05-07 05:21:39
Elapsed:  32.1s
Inbox — Extracted: 1, New: 1, Processed: 1, Left for later: 0
Matching — Exact/high matches: 0, Possible matches: 0, Duplicate inbox items: 0
Tasks — Created: 1, Breakdown parents: 0, Breakdown subtasks: 0, Clarification tasks: 0
Updates — Matched items: 0, Metadata: 1, Quick Win: 1, Focus checkbox: 0, Focus Now added: 0
Archive / review — Archived items: 1, Clarification blocks added: 0, Possible duplicate blocks added: 0, Archive runs trimmed: 1
AI log — Entries: 2, Errors: 0
Task notes added: 0
Non-task notes routed: 0
Non-task ideas routed: 0
Project candidates detected: 1
Errors: 0
2026-05-07 05:21:39 — Run complete — Created: 1, Updated: 2, Archived: 1, Errors: 0
Test runner ready. Set TEST_MODE = True, then run_tests_from_top() after the notebook has loaded.
Structural helper order tests passed
Using synced block: 34c1facc-c5ab-80cc-b68a-fe0229f8749b
Extracted 0 brain dump item(s)
Inbox empty → no-op.
Found 100 open unfinished tasks

--- Processing clarification selections ---
Matches: 0

Possible matches (manual review): 0

Duplicate inbox items: 0

Non-task notes routed: 0

Non-task ideas routed: 0

New tasks to create: 0
Controlled production limit: processing 0 of 0 new item(s)

--- RUN MODE ---
DRY_RUN: False
MAX_ITEMS_PER_RUN: 5
ARCHIVE_PROCESSED_ITEMS: True
Created 0 task(s)
Archived 0 processed item(s)
Project candidate detector: no newly created top-level tasks to review.
Focused Quick Wins: 5/45

--- Focus Now update ---
Current Focus Now tasks: 5/5
Focus Now already full → no updates needed.

--- Run summary ---
Started:  2026-05-08 19:56:56
Finished: 2026-05-08 19:57:01
Elapsed:  5.3s
Inbox — Extracted: 0, New: 0, Processed: 0, Left for later: 0
Matching — Exact/high matches: 0, Possible matches: 0, Duplicate inbox items: 0
Tasks — Created: 0, Breakdown parents: 0, Breakdown subtasks: 0, Clarification tasks: 0
Updates — Matched items: 0, Metadata: 0, Importance: 0, Quick Win: 0, Focus checkbox: 0, Focus Now added: 0
Archive / review — Archived items: 0, Clarification blocks added: 0, Possible duplicate blocks added: 0, Archive runs trimmed: 0
AI log — Entries: 0, Metadata entries: 0, Errors: 0
Task notes added: 0
Non-task notes routed: 0
Non-task ideas routed: 0
Project candidates detected: 0
Suggested Project updates: 0
Errors: 0
2026-05-08 19:57:01 — Run complete — Created: 0, Updated: 0, Archived: 0, Errors: 0
Test runner ready. Set TEST_MODE = True, then run_tests_from_top() after the notebook has loaded.
Structural helper order tests passed
Using synced block: 34c1facc-c5ab-80cc-b68a-fe0229f8749b
Extracted 1 brain dump item(s)
Found 100 open unfinished tasks

--- Processing clarification selections ---
Matches: 0

Possible matches (manual review): 0

Duplicate inbox items: 0

Non-task notes routed: 0

Non-task ideas routed: 0

New tasks to create: 1
+ Mill flour for workshop today
Controlled production limit: processing 1 of 1 new item(s)

--- RUN MODE ---
DRY_RUN: False
MAX_ITEMS_PER_RUN: 5
ARCHIVE_PROCESSED_ITEMS: True

PROCESSING: Mill flour for workshop today
AI soft rewriting: Mill flour for workshop
→ no soft rewrite needed
Created: Mill flour for workshop
Importance: Mill flour for workshop → High Importance
Importance AI log written: Mill flour for workshop → Importance
Updated metadata: Mill flour for workshop → {'Effort': {'select': {'name': 'Small Effort'}}, 'Duration': {'select': {'name': '15 min'}}}
Updated Quick Win: Mill flour for workshop → True
Archived item: Mill flour for workshop today
Removed original block: 35b1facc-c5ab-80d3-a493-c2d540b611fb
Created 1 task(s)
Archived 1 processed item(s)
Loaded active projects: 0/4

--- Project candidate detector ---
Reviewing 1 newly created top-level task(s).

--- PROJECT CANDIDATE ---
Seed task: Mill flour for workshop
Suggested project: Workshops and Teaching
Confidence: 0.95
Reason: All tasks relate to preparation, communication, and follow-up activities associated with workshops, indicating an ongoing responsibility for managing and executing bakery-related educational events.
Related tasks:
 - Print handouts for workshop
 - Write summary of bread workshop
 - Put dough cloths in workshop bin
 - Text Gaby with new workshop dates
 - Reply to email from Jennifer Coyle about workshop follow up
 - Send welcome email to bread workshop participants
 - Write summary of pizza workshop
 - Move olive oil container from workshop supplies to bakery
Set Suggested Project: Mill flour for workshop → Workshops and Teaching
Project relation write-back skipped for Workshops and Teaching: No project candidate or no active projects.
Updated Focus: Pay Mastercard bill → True
Focused Quick Wins: 5/48

--- Focus Now update ---
Current Focus Now tasks: 5/5
Focus Now already full → no updates needed.
Removed original block: 35a1facc-c5ab-8171-bcc3-e68ad9819e76
Trimmed 1 old archive run(s)

--- Run summary ---
Started:  2026-05-09 08:07:07
Finished: 2026-05-09 08:07:41
Elapsed:  34.7s
Inbox — Extracted: 1, New: 1, Processed: 1, Left for later: 0
Matching — Exact/high matches: 0, Possible matches: 0, Duplicate inbox items: 0
Tasks — Created: 1, Breakdown parents: 0, Breakdown subtasks: 0, Clarification tasks: 0
Updates — Matched items: 0, Metadata: 1, Importance: 1, Quick Win: 1, Focus checkbox: 1, Focus Now added: 0
Archive / review — Archived items: 1, Clarification blocks added: 0, Possible duplicate blocks added: 0, Archive runs trimmed: 1
AI log — Entries: 3, Metadata entries: 1, Errors: 0
Task notes added: 0
Non-task notes routed: 0
Non-task ideas routed: 0
Project candidates detected: 1
Errors: 0
2026-05-09 08:07:41 — Run complete — Created: 1, Updated: 3, Archived: 1, Errors: 0
