Found 1 reminder(s) in Apple Reminders.
Using direct synced Brain Dump block: 34c1faccc5ab80ccb68afe0229f8749b
Importing: Rye flour is better
Imported: Rye flour is better

Imported 1 reminder(s) into Notion Brain Dump.
Found 1 reminder(s) in Apple Reminders.
Using direct synced Brain Dump block: 34c1faccc5ab80ccb68afe0229f8749b
Importing: Charge devices
Imported: Charge devices

Imported 1 reminder(s) into Notion Brain Dump.
No incomplete Brain Dump reminders found.
No incomplete Brain Dump reminders found.
No incomplete Brain Dump reminders found.
No incomplete Brain Dump reminders found.
Found 1 reminder(s) in Apple Reminders.
Using direct synced Brain Dump block: 34c1faccc5ab80ccb68afe0229f8749b
Importing: This is a test of a new task
Imported: This is a test of a new task

Imported 1 reminder(s) into Notion Brain Dump.
Found 1 reminder(s) in Apple Reminders.
Using direct synced Brain Dump block: 34c1faccc5ab80ccb68afe0229f8749b
Importing: Testing testing
Imported: Testing testing

Imported 1 reminder(s) into Notion Brain Dump.
Found 1 reminder(s) in Apple Reminders.
Using direct synced Brain Dump block: 34c1faccc5ab80ccb68afe0229f8749b
Importing: Confirm phone call with doctor
Imported: Confirm phone call with doctor

Imported 1 reminder(s) into Notion Brain Dump.
Found 3 reminder(s) in Apple Reminders.
Using direct synced Brain Dump block: 34c1faccc5ab80ccb68afe0229f8749b
Importing: Feed sourdough starter parentheses cap GDI
Imported: Feed sourdough starter parentheses cap GDI
Importing: Feed sourdough starter (GDI)
Imported: Feed sourdough starter (GDI)
Importing: Feed sourdough starter (JDI)
Imported: Feed sourdough starter (JDI)

Imported 3 reminder(s) into Notion Brain Dump.
Found 3 reminder(s) in Apple Reminders.
Using direct synced Brain Dump block: 34c1faccc5ab80ccb68afe0229f8749b
Importing: Feed sourdough starter – just do it
Imported: Feed sourdough starter – just do it
Importing: Post recipe sheets in Bakery – just do it
Imported: Post recipe sheets in Bakery – just do it
Importing: Prepare ingredients for supersede soaker – just do it
Imported: Prepare ingredients for supersede soaker – just do it

Imported 3 reminder(s) into Notion Brain Dump.
Found 2 reminder(s) in Apple Reminders.
Using direct synced Brain Dump block: 34c1faccc5ab80ccb68afe0229f8749b
Importing: Find cover for Brad Lamb LAM me – just do it
Imported: Find cover for Brad Lamb LAM me – just do it
Importing: Find cover for bread lame – just do it
Imported: Find cover for bread lame – just do it

Imported 2 reminder(s) into Notion Brain Dump.
No incomplete Brain Dump reminders found.
Found 4 reminder(s) in Apple Reminders.
Using direct synced Brain Dump block: 34c1faccc5ab80ccb68afe0229f8749b
Importing: Feed rice starter – just do it
Imported: Feed rice starter – just do it
Importing: Feed rye starter – just do it
Imported: Feed rye starter – just do it
Importing: Store green samples with workshop supplies – just do it
Imported: Store green samples with workshop supplies – just do it
Importing: Too many seed and inclusion breads in this rotation
Imported: Too many seed and inclusion breads in this rotation

Imported 4 reminder(s) into Notion Brain Dump.
Found 1 reminder(s) in Apple Reminders.
Using direct synced Brain Dump block: 34c1faccc5ab80ccb68afe0229f8749b
Importing: Buy soft box light for food photos
Imported: Buy soft box light for food photos

Imported 1 reminder(s) into Notion Brain Dump.
No incomplete Brain Dump reminders found.
No incomplete Brain Dump reminders found.
No incomplete Brain Dump reminders found.
Found 2 reminder(s) in Apple Reminders.
Using direct synced Brain Dump block: 34c1faccc5ab80ccb68afe0229f8749b
Importing: Brainstorm list of enhancements for a iOS
Imported: Brainstorm list of enhancements for a iOS
Importing: Mill flour for seed bread – just do it
Imported: Mill flour for seed bread – just do it

Imported 2 reminder(s) into Notion Brain Dump.
No incomplete Brain Dump reminders found.
No incomplete Brain Dump reminders found.
No incomplete Brain Dump reminders found.
No incomplete Brain Dump reminders found.
No incomplete Brain Dump reminders found.
No incomplete Brain Dump reminders found.
No incomplete Brain Dump reminders found.
No incomplete Brain Dump reminders found.
No incomplete Brain Dump reminders found.
No incomplete Brain Dump reminders found.
No incomplete Brain Dump reminders found.
No incomplete Brain Dump reminders found.
No incomplete Brain Dump reminders found.
No incomplete Brain Dump reminders found.
No incomplete Brain Dump reminders found.
No incomplete Brain Dump reminders found.
No incomplete Brain Dump reminders found.
No incomplete Brain Dump reminders found.
No incomplete Brain Dump reminders found.
No incomplete Brain Dump reminders found.
Found 2 reminder(s) in Apple Reminders.
Using direct synced Brain Dump block: 34c1faccc5ab80ccb68afe0229f8749b
Importing: Refill container of rye berries – just do it
Imported: Refill container of rye berries – just do it
Importing: Vacuum Bakery floor – just do it
Imported: Vacuum Bakery floor – just do it

Imported 2 reminder(s) into Notion Brain Dump.
Found 1 reminder(s) in Apple Reminders.
Using direct synced Brain Dump block: 34c1faccc5ab80ccb68afe0229f8749b
Importing: Take rye berries to basement – just do it
Imported: Take rye berries to basement – just do it

Imported 1 reminder(s) into Notion Brain Dump.
Found 1 reminder(s) in Apple Reminders.
Using direct synced Brain Dump block: 34c1faccc5ab80ccb68afe0229f8749b
Importing: Refill container of hard red berries – just do it
Imported: Refill container of hard red berries – just do it

Imported 1 reminder(s) into Notion Brain Dump.
No incomplete Brain Dump reminders found.
No incomplete Brain Dump reminders found.
No incomplete Brain Dump reminders found.
No incomplete Brain Dump reminders found.
No incomplete Brain Dump reminders found.
No incomplete Brain Dump reminders found.
No incomplete Brain Dump reminders found.
No incomplete Brain Dump reminders found.
No incomplete Brain Dump reminders found.
No incomplete Brain Dump reminders found.
No incomplete Brain Dump reminders found.
Found 3 reminder(s) in Apple Reminders.
Using direct synced Brain Dump block: 34c1faccc5ab80ccb68afe0229f8749b
Importing: Refill jar of black sesame seeds – just do it
Imported: Refill jar of black sesame seeds – just do it
Importing: Refill jar of brown sesame seeds – just do it
Imported: Refill jar of brown sesame seeds – just do it
Importing: Complete meson +4 sesame seed bread today
Imported: Complete meson +4 sesame seed bread today

Imported 3 reminder(s) into Notion Brain Dump.
No incomplete Brain Dump reminders found.
No incomplete Brain Dump reminders found.
No incomplete Brain Dump reminders found.
No incomplete Brain Dump reminders found.
No incomplete Brain Dump reminders found.
Found 2 reminder(s) in Apple Reminders.
Using direct synced Brain Dump block: 34c1faccc5ab80ccb68afe0229f8749b
Importing: Mix soaker for seed bread tonight
Imported: Mix soaker for seed bread tonight
Importing: Mix levain for seed bread tonight
Imported: Mix levain for seed bread tonight

Imported 2 reminder(s) into Notion Brain Dump.
No incomplete Brain Dump reminders found.
No incomplete Brain Dump reminders found.
No incomplete Brain Dump reminders found.
No incomplete Brain Dump reminders found.
No incomplete Brain Dump reminders found.
No incomplete Brain Dump reminders found.
No incomplete Brain Dump reminders found.
No incomplete Brain Dump reminders found.
No incomplete Brain Dump reminders found.
No incomplete Brain Dump reminders found.
Found 2 reminder(s) in Apple Reminders.
Using direct synced Brain Dump block: 34c1faccc5ab80ccb68afe0229f8749b
Importing: Wake croutons for dinner Dash
Imported: Wake croutons for dinner Dash
Importing: Make croutons for dinner – just do it
Imported: Make croutons for dinner – just do it

Imported 2 reminder(s) into Notion Brain Dump.
No incomplete Brain Dump reminders found.
No incomplete Brain Dump reminders found.
Found 1 reminder(s) in Apple Reminders.
Using direct synced Brain Dump block: 34c1faccc5ab80ccb68afe0229f8749b
Importing: Take pesto sauce out of the freezer – just do it
Imported: Take pesto sauce out of the freezer – just do it

Imported 1 reminder(s) into Notion Brain Dump.
Found 1 reminder(s) in Apple Reminders.
Using direct synced Brain Dump block: 34c1faccc5ab80ccb68afe0229f8749b
Importing: Toast seeds for buttermilk multi seed bread – just do it
Imported: Toast seeds for buttermilk multi seed bread – just do it

Imported 1 reminder(s) into Notion Brain Dump.
No incomplete Brain Dump reminders found.
No incomplete Brain Dump reminders found.
No incomplete Brain Dump reminders found.
No incomplete Brain Dump reminders found.
No incomplete Brain Dump reminders found.
No incomplete Brain Dump reminders found.
No incomplete Brain Dump reminders found.
No incomplete Brain Dump reminders found.
No incomplete Brain Dump reminders found.
No incomplete Brain Dump reminders found.
No incomplete Brain Dump reminders found.
No incomplete Brain Dump reminders found.
No incomplete Brain Dump reminders found.
No incomplete Brain Dump reminders found.
No incomplete Brain Dump reminders found.
No incomplete Brain Dump reminders found.
No incomplete Brain Dump reminders found.
No incomplete Brain Dump reminders found.
No incomplete Brain Dump reminders found.
No incomplete Brain Dump reminders found.
No incomplete Brain Dump reminders found.
No incomplete Brain Dump reminders found.
No incomplete Brain Dump reminders found.
No incomplete Brain Dump reminders found.
Found 1 reminder(s) in Apple Reminders.
Using direct synced Brain Dump block: 34c1faccc5ab80ccb68afe0229f8749b
Importing: Refill bench flower – just do it
Imported: Refill bench flower – just do it

Imported 1 reminder(s) into Notion Brain Dump.
No incomplete Brain Dump reminders found.
No incomplete Brain Dump reminders found.
No incomplete Brain Dump reminders found.
No incomplete Brain Dump reminders found.
No incomplete Brain Dump reminders found.
No incomplete Brain Dump reminders found.
No incomplete Brain Dump reminders found.
No incomplete Brain Dump reminders found.
No incomplete Brain Dump reminders found.
No incomplete Brain Dump reminders found.
No incomplete Brain Dump reminders found.
No incomplete Brain Dump reminders found.
No incomplete Brain Dump reminders found.
No incomplete Brain Dump reminders found.
No incomplete Brain Dump reminders found.
No incomplete Brain Dump reminders found.
No incomplete Brain Dump reminders found.
No incomplete Brain Dump reminders found.
No incomplete Brain Dump reminders found.
No incomplete Brain Dump reminders found.
No incomplete Brain Dump reminders found.
No incomplete Brain Dump reminders found.
No incomplete Brain Dump reminders found.
No incomplete Brain Dump reminders found.
No incomplete Brain Dump reminders found.
No incomplete Brain Dump reminders found.
No incomplete Brain Dump reminders found.
No incomplete Brain Dump reminders found.
No incomplete Brain Dump reminders found.
No incomplete Brain Dump reminders found.
No incomplete Brain Dump reminders found.
No incomplete Brain Dump reminders found.
No incomplete Brain Dump reminders found.
No incomplete Brain Dump reminders found.
No incomplete Brain Dump reminders found.
No incomplete Brain Dump reminders found.
No incomplete Brain Dump reminders found.
No incomplete Brain Dump reminders found.
Found 2 reminder(s) in Apple Reminders.
Using direct synced Brain Dump block: 34c1faccc5ab80ccb68afe0229f8749b
Importing: Feed sourdough starter – just do it
Imported: Feed sourdough starter – just do it
Importing: Order bread for Tammy and Steve – just do it
Imported: Order bread for Tammy and Steve – just do it

Imported 2 reminder(s) into Notion Brain Dump.
No incomplete Brain Dump reminders found.
No incomplete Brain Dump reminders found.
No incomplete Brain Dump reminders found.
No incomplete Brain Dump reminders found.
No incomplete Brain Dump reminders found.
No incomplete Brain Dump reminders found.
No incomplete Brain Dump reminders found.
No incomplete Brain Dump reminders found.
No incomplete Brain Dump reminders found.
No incomplete Brain Dump reminders found.
No incomplete Brain Dump reminders found.
No incomplete Brain Dump reminders found.
No incomplete Brain Dump reminders found.
No incomplete Brain Dump reminders found.
No incomplete Brain Dump reminders found.
No incomplete Brain Dump reminders found.
No incomplete Brain Dump reminders found.
No incomplete Brain Dump reminders found.
No incomplete Brain Dump reminders found.
No incomplete Brain Dump reminders found.
No incomplete Brain Dump reminders found.
No incomplete Brain Dump reminders found.
No incomplete Brain Dump reminders found.
No incomplete Brain Dump reminders found.
No incomplete Brain Dump reminders found.
No incomplete Brain Dump reminders found.
No incomplete Brain Dump reminders found.
No incomplete Brain Dump reminders found.
No incomplete Brain Dump reminders found.
No incomplete Brain Dump reminders found.
No incomplete Brain Dump reminders found.
No incomplete Brain Dump reminders found.
No incomplete Brain Dump reminders found.
No incomplete Brain Dump reminders found.
No incomplete Brain Dump reminders found.
No incomplete Brain Dump reminders found.
No incomplete Brain Dump reminders found.
Found 1 reminder(s) in Apple Reminders.
Using direct synced Brain Dump block: 34c1faccc5ab80ccb68afe0229f8749b
Importing: Change furnace filter – just do it
Imported: Change furnace filter – just do it

Imported 1 reminder(s) into Notion Brain Dump.
No incomplete Brain Dump reminders found.
No incomplete Brain Dump reminders found.
No incomplete Brain Dump reminders found.
No incomplete Brain Dump reminders found.
No incomplete Brain Dump reminders found.
No incomplete Brain Dump reminders found.
No incomplete Brain Dump reminders found.
No incomplete Brain Dump reminders found.
Found 4 reminder(s) in Apple Reminders.
Using direct synced Brain Dump block: 34c1faccc5ab80ccb68afe0229f8749b
Importing: Make notes on seed bread bake today
Imported: Make notes on seed bread bake today
Importing: Make notes on buttermilk multiseed bake today
Imported: Make notes on buttermilk multiseed bake today
Importing: Move Benetton's two shelves under the bread oven
Imported: Move Benetton's two shelves under the bread oven
Importing: Organize my desk
Imported: Organize my desk

Imported 4 reminder(s) into Notion Brain Dump.
No incomplete Brain Dump reminders found.
Found 2 reminder(s) in Apple Reminders.
Using direct synced Brain Dump block: 34c1faccc5ab80ccb68afe0229f8749b
Importing: Toast walnuts for cranberry walnut bread today
Imported: Toast walnuts for cranberry walnut bread today
Importing: Print handouts for work shop – just do it
Imported: Print handouts for work shop – just do it

Imported 2 reminder(s) into Notion Brain Dump.
No incomplete Brain Dump reminders found.
No incomplete Brain Dump reminders found.
No incomplete Brain Dump reminders found.
No incomplete Brain Dump reminders found.
No incomplete Brain Dump reminders found.
No incomplete Brain Dump reminders found.
No incomplete Brain Dump reminders found.
No incomplete Brain Dump reminders found.
No incomplete Brain Dump reminders found.
No incomplete Brain Dump reminders found.
No incomplete Brain Dump reminders found.
No incomplete Brain Dump reminders found.
No incomplete Brain Dump reminders found.
No incomplete Brain Dump reminders found.
No incomplete Brain Dump reminders found.
No incomplete Brain Dump reminders found.
No incomplete Brain Dump reminders found.
No incomplete Brain Dump reminders found.
No incomplete Brain Dump reminders found.
No incomplete Brain Dump reminders found.
No incomplete Brain Dump reminders found.
No incomplete Brain Dump reminders found.
No incomplete Brain Dump reminders found.
No incomplete Brain Dump reminders found.
No incomplete Brain Dump reminders found.
No incomplete Brain Dump reminders found.
No incomplete Brain Dump reminders found.
No incomplete Brain Dump reminders found.
No incomplete Brain Dump reminders found.
No incomplete Brain Dump reminders found.
No incomplete Brain Dump reminders found.
No incomplete Brain Dump reminders found.
No incomplete Brain Dump reminders found.
No incomplete Brain Dump reminders found.
No incomplete Brain Dump reminders found.
No incomplete Brain Dump reminders found.
No incomplete Brain Dump reminders found.
No incomplete Brain Dump reminders found.
No incomplete Brain Dump reminders found.
No incomplete Brain Dump reminders found.
No incomplete Brain Dump reminders found.
No incomplete Brain Dump reminders found.
No incomplete Brain Dump reminders found.
No incomplete Brain Dump reminders found.
No incomplete Brain Dump reminders found.
No incomplete Brain Dump reminders found.
No incomplete Brain Dump reminders found.
No incomplete Brain Dump reminders found.
Found 1 reminder(s) in Apple Reminders.
Using direct synced Brain Dump block: 34c1faccc5ab80ccb68afe0229f8749b
Importing: Chopped walnuts for cranberry walnut bread – just do it
Imported: Chopped walnuts for cranberry walnut bread – just do it

Imported 1 reminder(s) into Notion Brain Dump.
No incomplete Brain Dump reminders found.
No incomplete Brain Dump reminders found.
No incomplete Brain Dump reminders found.
No incomplete Brain Dump reminders found.
No incomplete Brain Dump reminders found.
No incomplete Brain Dump reminders found.
No incomplete Brain Dump reminders found.
No incomplete Brain Dump reminders found.
No incomplete Brain Dump reminders found.
No incomplete Brain Dump reminders found.
No incomplete Brain Dump reminders found.
No incomplete Brain Dump reminders found.
No incomplete Brain Dump reminders found.
No incomplete Brain Dump reminders found.
No incomplete Brain Dump reminders found.
No incomplete Brain Dump reminders found.
No incomplete Brain Dump reminders found.
No incomplete Brain Dump reminders found.
No incomplete Brain Dump reminders found.
No incomplete Brain Dump reminders found.
No incomplete Brain Dump reminders found.
No incomplete Brain Dump reminders found.
No incomplete Brain Dump reminders found.
No incomplete Brain Dump reminders found.
Found 1 reminder(s) in Apple Reminders.
Using direct synced Brain Dump block: 34c1faccc5ab80ccb68afe0229f8749b
Importing: Refill stapler just do it
Imported: Refill stapler just do it

Imported 1 reminder(s) into Notion Brain Dump.
No incomplete Brain Dump reminders found.
No incomplete Brain Dump reminders found.
No incomplete Brain Dump reminders found.
No incomplete Brain Dump reminders found.
No incomplete Brain Dump reminders found.
No incomplete Brain Dump reminders found.
No incomplete Brain Dump reminders found.
No incomplete Brain Dump reminders found.
No incomplete Brain Dump reminders found.
No incomplete Brain Dump reminders found.
No incomplete Brain Dump reminders found.
No incomplete Brain Dump reminders found.
No incomplete Brain Dump reminders found.
No incomplete Brain Dump reminders found.
No incomplete Brain Dump reminders found.
No incomplete Brain Dump reminders found.
No incomplete Brain Dump reminders found.
No incomplete Brain Dump reminders found.
No incomplete Brain Dump reminders found.
No incomplete Brain Dump reminders found.
No incomplete Brain Dump reminders found.
No incomplete Brain Dump reminders found.
No incomplete Brain Dump reminders found.
No incomplete Brain Dump reminders found.
No incomplete Brain Dump reminders found.
No incomplete Brain Dump reminders found.
No incomplete Brain Dump reminders found.
No incomplete Brain Dump reminders found.
No incomplete Brain Dump reminders found.
No incomplete Brain Dump reminders found.
No incomplete Brain Dump reminders found.
No incomplete Brain Dump reminders found.
No incomplete Brain Dump reminders found.
No incomplete Brain Dump reminders found.
No incomplete Brain Dump reminders found.
No incomplete Brain Dump reminders found.
No incomplete Brain Dump reminders found.
No incomplete Brain Dump reminders found.
No incomplete Brain Dump reminders found.
No incomplete Brain Dump reminders found.
No incomplete Brain Dump reminders found.
No incomplete Brain Dump reminders found.
No incomplete Brain Dump reminders found.
No incomplete Brain Dump reminders found.
No incomplete Brain Dump reminders found.
No incomplete Brain Dump reminders found.
No incomplete Brain Dump reminders found.
No incomplete Brain Dump reminders found.
No incomplete Brain Dump reminders found.
No incomplete Brain Dump reminders found.
No incomplete Brain Dump reminders found.
No incomplete Brain Dump reminders found.
No incomplete Brain Dump reminders found.
No incomplete Brain Dump reminders found.
No incomplete Brain Dump reminders found.
No incomplete Brain Dump reminders found.
No incomplete Brain Dump reminders found.
No incomplete Brain Dump reminders found.
No incomplete Brain Dump reminders found.
No incomplete Brain Dump reminders found.
No incomplete Brain Dump reminders found.
No incomplete Brain Dump reminders found.
No incomplete Brain Dump reminders found.
No incomplete Brain Dump reminders found.
No incomplete Brain Dump reminders found.
No incomplete Brain Dump reminders found.
No incomplete Brain Dump reminders found.
No incomplete Brain Dump reminders found.
No incomplete Brain Dump reminders found.
No incomplete Brain Dump reminders found.
No incomplete Brain Dump reminders found.
No incomplete Brain Dump reminders found.
No incomplete Brain Dump reminders found.
No incomplete Brain Dump reminders found.
No incomplete Brain Dump reminders found.
No incomplete Brain Dump reminders found.
No incomplete Brain Dump reminders found.
No incomplete Brain Dump reminders found.
No incomplete Brain Dump reminders found.
No incomplete Brain Dump reminders found.
No incomplete Brain Dump reminders found.
No incomplete Brain Dump reminders found.
No incomplete Brain Dump reminders found.
No incomplete Brain Dump reminders found.
No incomplete Brain Dump reminders found.
No incomplete Brain Dump reminders found.
No incomplete Brain Dump reminders found.
No incomplete Brain Dump reminders found.
No incomplete Brain Dump reminders found.
No incomplete Brain Dump reminders found.
No incomplete Brain Dump reminders found.
No incomplete Brain Dump reminders found.
No incomplete Brain Dump reminders found.
No incomplete Brain Dump reminders found.
No incomplete Brain Dump reminders found.
No incomplete Brain Dump reminders found.
No incomplete Brain Dump reminders found.
No incomplete Brain Dump reminders found.
No incomplete Brain Dump reminders found.
No incomplete Brain Dump reminders found.
No incomplete Brain Dump reminders found.
No incomplete Brain Dump reminders found.
No incomplete Brain Dump reminders found.
No incomplete Brain Dump reminders found.
No incomplete Brain Dump reminders found.
No incomplete Brain Dump reminders found.
No incomplete Brain Dump reminders found.
No incomplete Brain Dump reminders found.
No incomplete Brain Dump reminders found.
No incomplete Brain Dump reminders found.
No incomplete Brain Dump reminders found.
No incomplete Brain Dump reminders found.
No incomplete Brain Dump reminders found.
No incomplete Brain Dump reminders found.
Found 1 reminder(s) in Apple Reminders.
Using direct synced Brain Dump block: 34c1faccc5ab80ccb68afe0229f8749b
Importing: Take out garbage today
Imported: Take out garbage today

Imported 1 reminder(s) into Notion Brain Dump.
No incomplete Brain Dump reminders found.
No incomplete Brain Dump reminders found.
No incomplete Brain Dump reminders found.
Found 1 reminder(s) in Apple Reminders.
Using direct synced Brain Dump block: 34c1faccc5ab80ccb68afe0229f8749b
Importing: Text Gabby to remind her to invoice me for green and flour
Imported: Text Gabby to remind her to invoice me for green and flour

Imported 1 reminder(s) into Notion Brain Dump.
No incomplete Brain Dump reminders found.
No incomplete Brain Dump reminders found.
No incomplete Brain Dump reminders found.
No incomplete Brain Dump reminders found.
No incomplete Brain Dump reminders found.
No incomplete Brain Dump reminders found.
No incomplete Brain Dump reminders found.
Found 1 reminder(s) in Apple Reminders.
Using direct synced Brain Dump block: 34c1faccc5ab80ccb68afe0229f8749b
Importing: Refill olive oil container – just do it
Imported: Refill olive oil container – just do it

Imported 1 reminder(s) into Notion Brain Dump.
No incomplete Brain Dump reminders found.
No incomplete Brain Dump reminders found.
No incomplete Brain Dump reminders found.
No incomplete Brain Dump reminders found.
No incomplete Brain Dump reminders found.
No incomplete Brain Dump reminders found.
No incomplete Brain Dump reminders found.
No incomplete Brain Dump reminders found.
No incomplete Brain Dump reminders found.
No incomplete Brain Dump reminders found.
No incomplete Brain Dump reminders found.
No incomplete Brain Dump reminders found.
No incomplete Brain Dump reminders found.
No incomplete Brain Dump reminders found.
No incomplete Brain Dump reminders found.
No incomplete Brain Dump reminders found.
No incomplete Brain Dump reminders found.
No incomplete Brain Dump reminders found.
No incomplete Brain Dump reminders found.
No incomplete Brain Dump reminders found.
No incomplete Brain Dump reminders found.
No incomplete Brain Dump reminders found.
No incomplete Brain Dump reminders found.
No incomplete Brain Dump reminders found.
No incomplete Brain Dump reminders found.
No incomplete Brain Dump reminders found.
No incomplete Brain Dump reminders found.
No incomplete Brain Dump reminders found.
No incomplete Brain Dump reminders found.
No incomplete Brain Dump reminders found.
No incomplete Brain Dump reminders found.
No incomplete Brain Dump reminders found.
No incomplete Brain Dump reminders found.
No incomplete Brain Dump reminders found.
No incomplete Brain Dump reminders found.
No incomplete Brain Dump reminders found.
No incomplete Brain Dump reminders found.
No incomplete Brain Dump reminders found.
No incomplete Brain Dump reminders found.
No incomplete Brain Dump reminders found.
No incomplete Brain Dump reminders found.
Found 1 reminder(s) in Apple Reminders.
Using direct synced Brain Dump block: 34c1faccc5ab80ccb68afe0229f8749b
Importing: Send welcome email to Fred workshop participants on Sunday
Imported: Send welcome email to Fred workshop participants on Sunday

Imported 1 reminder(s) into Notion Brain Dump.
No incomplete Brain Dump reminders found.
No incomplete Brain Dump reminders found.
No incomplete Brain Dump reminders found.
No incomplete Brain Dump reminders found.
Found 1 reminder(s) in Apple Reminders.
Using direct synced Brain Dump block: 34c1faccc5ab80ccb68afe0229f8749b
Importing: Fill car with gas tomorrow
Imported: Fill car with gas tomorrow

Imported 1 reminder(s) into Notion Brain Dump.
No incomplete Brain Dump reminders found.
No incomplete Brain Dump reminders found.
No incomplete Brain Dump reminders found.
No incomplete Brain Dump reminders found.
No incomplete Brain Dump reminders found.
No incomplete Brain Dump reminders found.
No incomplete Brain Dump reminders found.
No incomplete Brain Dump reminders found.
No incomplete Brain Dump reminders found.
No incomplete Brain Dump reminders found.
No incomplete Brain Dump reminders found.
No incomplete Brain Dump reminders found.
No incomplete Brain Dump reminders found.
No incomplete Brain Dump reminders found.
No incomplete Brain Dump reminders found.
No incomplete Brain Dump reminders found.
No incomplete Brain Dump reminders found.
No incomplete Brain Dump reminders found.
No incomplete Brain Dump reminders found.
No incomplete Brain Dump reminders found.
No incomplete Brain Dump reminders found.
No incomplete Brain Dump reminders found.
No incomplete Brain Dump reminders found.
No incomplete Brain Dump reminders found.
No incomplete Brain Dump reminders found.
No incomplete Brain Dump reminders found.
No incomplete Brain Dump reminders found.
No incomplete Brain Dump reminders found.
No incomplete Brain Dump reminders found.
No incomplete Brain Dump reminders found.
No incomplete Brain Dump reminders found.
No incomplete Brain Dump reminders found.
No incomplete Brain Dump reminders found.
No incomplete Brain Dump reminders found.
No incomplete Brain Dump reminders found.
No incomplete Brain Dump reminders found.
No incomplete Brain Dump reminders found.
No incomplete Brain Dump reminders found.
No incomplete Brain Dump reminders found.
No incomplete Brain Dump reminders found.
No incomplete Brain Dump reminders found.
No incomplete Brain Dump reminders found.
No incomplete Brain Dump reminders found.
No incomplete Brain Dump reminders found.
No incomplete Brain Dump reminders found.
No incomplete Brain Dump reminders found.
No incomplete Brain Dump reminders found.
No incomplete Brain Dump reminders found.
No incomplete Brain Dump reminders found.
No incomplete Brain Dump reminders found.
No incomplete Brain Dump reminders found.
No incomplete Brain Dump reminders found.
No incomplete Brain Dump reminders found.
No incomplete Brain Dump reminders found.
No incomplete Brain Dump reminders found.
No incomplete Brain Dump reminders found.
No incomplete Brain Dump reminders found.
No incomplete Brain Dump reminders found.
No incomplete Brain Dump reminders found.
No incomplete Brain Dump reminders found.
No incomplete Brain Dump reminders found.
No incomplete Brain Dump reminders found.
No incomplete Brain Dump reminders found.
No incomplete Brain Dump reminders found.
No incomplete Brain Dump reminders found.
No incomplete Brain Dump reminders found.
No incomplete Brain Dump reminders found.
No incomplete Brain Dump reminders found.
No incomplete Brain Dump reminders found.
No incomplete Brain Dump reminders found.
No incomplete Brain Dump reminders found.
No incomplete Brain Dump reminders found.
No incomplete Brain Dump reminders found.
No incomplete Brain Dump reminders found.
No incomplete Brain Dump reminders found.
No incomplete Brain Dump reminders found.
No incomplete Brain Dump reminders found.
No incomplete Brain Dump reminders found.
No incomplete Brain Dump reminders found.
No incomplete Brain Dump reminders found.
No incomplete Brain Dump reminders found.
No incomplete Brain Dump reminders found.
No incomplete Brain Dump reminders found.
No incomplete Brain Dump reminders found.
No incomplete Brain Dump reminders found.
No incomplete Brain Dump reminders found.
No incomplete Brain Dump reminders found.
No incomplete Brain Dump reminders found.
No incomplete Brain Dump reminders found.
No incomplete Brain Dump reminders found.
No incomplete Brain Dump reminders found.
No incomplete Brain Dump reminders found.
No incomplete Brain Dump reminders found.
Found 2 reminder(s) in Apple Reminders.
Using direct synced Brain Dump block: 34c1faccc5ab80ccb68afe0229f8749b
Importing: Poste bread menu in the app tomorrow dentist chair just do it
Imported: Poste bread menu in the app tomorrow dentist chair just do it
Importing: Poste bread menu in the app tomorrow – just do it
Imported: Poste bread menu in the app tomorrow – just do it

Imported 2 reminder(s) into Notion Brain Dump.
No incomplete Brain Dump reminders found.
No incomplete Brain Dump reminders found.
No incomplete Brain Dump reminders found.
No incomplete Brain Dump reminders found.
No incomplete Brain Dump reminders found.
No incomplete Brain Dump reminders found.
No incomplete Brain Dump reminders found.
No incomplete Brain Dump reminders found.
No incomplete Brain Dump reminders found.
No incomplete Brain Dump reminders found.
No incomplete Brain Dump reminders found.
No incomplete Brain Dump reminders found.
No incomplete Brain Dump reminders found.
No incomplete Brain Dump reminders found.
No incomplete Brain Dump reminders found.
No incomplete Brain Dump reminders found.
No incomplete Brain Dump reminders found.
No incomplete Brain Dump reminders found.
No incomplete Brain Dump reminders found.
No incomplete Brain Dump reminders found.
No incomplete Brain Dump reminders found.
No incomplete Brain Dump reminders found.
No incomplete Brain Dump reminders found.
No incomplete Brain Dump reminders found.
No incomplete Brain Dump reminders found.
No incomplete Brain Dump reminders found.
No incomplete Brain Dump reminders found.
No incomplete Brain Dump reminders found.
No incomplete Brain Dump reminders found.
No incomplete Brain Dump reminders found.
No incomplete Brain Dump reminders found.
No incomplete Brain Dump reminders found.
No incomplete Brain Dump reminders found.
No incomplete Brain Dump reminders found.
No incomplete Brain Dump reminders found.
No incomplete Brain Dump reminders found.
No incomplete Brain Dump reminders found.
No incomplete Brain Dump reminders found.
No incomplete Brain Dump reminders found.
No incomplete Brain Dump reminders found.
No incomplete Brain Dump reminders found.
No incomplete Brain Dump reminders found.
No incomplete Brain Dump reminders found.
No incomplete Brain Dump reminders found.
No incomplete Brain Dump reminders found.
No incomplete Brain Dump reminders found.
No incomplete Brain Dump reminders found.
No incomplete Brain Dump reminders found.
No incomplete Brain Dump reminders found.
No incomplete Brain Dump reminders found.
No incomplete Brain Dump reminders found.
No incomplete Brain Dump reminders found.
No incomplete Brain Dump reminders found.
No incomplete Brain Dump reminders found.
No incomplete Brain Dump reminders found.
No incomplete Brain Dump reminders found.
No incomplete Brain Dump reminders found.
No incomplete Brain Dump reminders found.
No incomplete Brain Dump reminders found.
No incomplete Brain Dump reminders found.
No incomplete Brain Dump reminders found.
No incomplete Brain Dump reminders found.
No incomplete Brain Dump reminders found.
No incomplete Brain Dump reminders found.
No incomplete Brain Dump reminders found.
No incomplete Brain Dump reminders found.
No incomplete Brain Dump reminders found.
No incomplete Brain Dump reminders found.
No incomplete Brain Dump reminders found.
No incomplete Brain Dump reminders found.
No incomplete Brain Dump reminders found.
No incomplete Brain Dump reminders found.
No incomplete Brain Dump reminders found.
No incomplete Brain Dump reminders found.
No incomplete Brain Dump reminders found.
No incomplete Brain Dump reminders found.
No incomplete Brain Dump reminders found.
No incomplete Brain Dump reminders found.
No incomplete Brain Dump reminders found.
No incomplete Brain Dump reminders found.
No incomplete Brain Dump reminders found.
No incomplete Brain Dump reminders found.
No incomplete Brain Dump reminders found.
No incomplete Brain Dump reminders found.
No incomplete Brain Dump reminders found.
No incomplete Brain Dump reminders found.
No incomplete Brain Dump reminders found.
No incomplete Brain Dump reminders found.
No incomplete Brain Dump reminders found.
No incomplete Brain Dump reminders found.
No incomplete Brain Dump reminders found.
No incomplete Brain Dump reminders found.
No incomplete Brain Dump reminders found.
No incomplete Brain Dump reminders found.
No incomplete Brain Dump reminders found.
No incomplete Brain Dump reminders found.
No incomplete Brain Dump reminders found.
No incomplete Brain Dump reminders found.
No incomplete Brain Dump reminders found.
No incomplete Brain Dump reminders found.
No incomplete Brain Dump reminders found.
No incomplete Brain Dump reminders found.
No incomplete Brain Dump reminders found.
No incomplete Brain Dump reminders found.
No incomplete Brain Dump reminders found.
No incomplete Brain Dump reminders found.
No incomplete Brain Dump reminders found.
No incomplete Brain Dump reminders found.
No incomplete Brain Dump reminders found.
No incomplete Brain Dump reminders found.
No incomplete Brain Dump reminders found.
No incomplete Brain Dump reminders found.
No incomplete Brain Dump reminders found.
No incomplete Brain Dump reminders found.
No incomplete Brain Dump reminders found.
No incomplete Brain Dump reminders found.
No incomplete Brain Dump reminders found.
No incomplete Brain Dump reminders found.
No incomplete Brain Dump reminders found.
No incomplete Brain Dump reminders found.
No incomplete Brain Dump reminders found.
No incomplete Brain Dump reminders found.
No incomplete Brain Dump reminders found.
No incomplete Brain Dump reminders found.
No incomplete Brain Dump reminders found.
No incomplete Brain Dump reminders found.
No incomplete Brain Dump reminders found.
No incomplete Brain Dump reminders found.
No incomplete Brain Dump reminders found.
No incomplete Brain Dump reminders found.
No incomplete Brain Dump reminders found.
No incomplete Brain Dump reminders found.
No incomplete Brain Dump reminders found.
No incomplete Brain Dump reminders found.
No incomplete Brain Dump reminders found.
No incomplete Brain Dump reminders found.
No incomplete Brain Dump reminders found.
No incomplete Brain Dump reminders found.
No incomplete Brain Dump reminders found.
No incomplete Brain Dump reminders found.
No incomplete Brain Dump reminders found.
No incomplete Brain Dump reminders found.
No incomplete Brain Dump reminders found.
No incomplete Brain Dump reminders found.
No incomplete Brain Dump reminders found.
No incomplete Brain Dump reminders found.
No incomplete Brain Dump reminders found.
No incomplete Brain Dump reminders found.
No incomplete Brain Dump reminders found.
No incomplete Brain Dump reminders found.
No incomplete Brain Dump reminders found.
No incomplete Brain Dump reminders found.
No incomplete Brain Dump reminders found.
No incomplete Brain Dump reminders found.
No incomplete Brain Dump reminders found.
No incomplete Brain Dump reminders found.
No incomplete Brain Dump reminders found.
No incomplete Brain Dump reminders found.
No incomplete Brain Dump reminders found.
No incomplete Brain Dump reminders found.
No incomplete Brain Dump reminders found.
No incomplete Brain Dump reminders found.
No incomplete Brain Dump reminders found.
No incomplete Brain Dump reminders found.
No incomplete Brain Dump reminders found.
No incomplete Brain Dump reminders found.
No incomplete Brain Dump reminders found.
No incomplete Brain Dump reminders found.
No incomplete Brain Dump reminders found.
No incomplete Brain Dump reminders found.
No incomplete Brain Dump reminders found.
No incomplete Brain Dump reminders found.
No incomplete Brain Dump reminders found.
No incomplete Brain Dump reminders found.
No incomplete Brain Dump reminders found.
No incomplete Brain Dump reminders found.
No incomplete Brain Dump reminders found.
No incomplete Brain Dump reminders found.
No incomplete Brain Dump reminders found.
No incomplete Brain Dump reminders found.
No incomplete Brain Dump reminders found.
No incomplete Brain Dump reminders found.
Found 1 reminder(s) in Apple Reminders.
Using direct synced Brain Dump block: 34c1faccc5ab80ccb68afe0229f8749b
Importing: Empty compost bin JDI today
Imported: Empty compost bin JDI today

Imported 1 reminder(s) into Notion Brain Dump.
No incomplete Brain Dump reminders found.
No incomplete Brain Dump reminders found.
No incomplete Brain Dump reminders found.
No incomplete Brain Dump reminders found.
No incomplete Brain Dump reminders found.
No incomplete Brain Dump reminders found.
No incomplete Brain Dump reminders found.
No incomplete Brain Dump reminders found.
No incomplete Brain Dump reminders found.
No incomplete Brain Dump reminders found.
No incomplete Brain Dump reminders found.
No incomplete Brain Dump reminders found.
No incomplete Brain Dump reminders found.
No incomplete Brain Dump reminders found.
No incomplete Brain Dump reminders found.
No incomplete Brain Dump reminders found.
No incomplete Brain Dump reminders found.
No incomplete Brain Dump reminders found.
No incomplete Brain Dump reminders found.
No incomplete Brain Dump reminders found.
No incomplete Brain Dump reminders found.
No incomplete Brain Dump reminders found.
No incomplete Brain Dump reminders found.
No incomplete Brain Dump reminders found.
No incomplete Brain Dump reminders found.
No incomplete Brain Dump reminders found.
No incomplete Brain Dump reminders found.
No incomplete Brain Dump reminders found.
No incomplete Brain Dump reminders found.
No incomplete Brain Dump reminders found.
No incomplete Brain Dump reminders found.
No incomplete Brain Dump reminders found.
No incomplete Brain Dump reminders found.
No incomplete Brain Dump reminders found.
No incomplete Brain Dump reminders found.
No incomplete Brain Dump reminders found.
No incomplete Brain Dump reminders found.
No incomplete Brain Dump reminders found.
No incomplete Brain Dump reminders found.
No incomplete Brain Dump reminders found.
No incomplete Brain Dump reminders found.
No incomplete Brain Dump reminders found.
No incomplete Brain Dump reminders found.
No incomplete Brain Dump reminders found.
No incomplete Brain Dump reminders found.
No incomplete Brain Dump reminders found.
No incomplete Brain Dump reminders found.
No incomplete Brain Dump reminders found.
No incomplete Brain Dump reminders found.
No incomplete Brain Dump reminders found.
No incomplete Brain Dump reminders found.
No incomplete Brain Dump reminders found.
No incomplete Brain Dump reminders found.
No incomplete Brain Dump reminders found.
No incomplete Brain Dump reminders found.
No incomplete Brain Dump reminders found.
No incomplete Brain Dump reminders found.
No incomplete Brain Dump reminders found.
No incomplete Brain Dump reminders found.
No incomplete Brain Dump reminders found.
No incomplete Brain Dump reminders found.
No incomplete Brain Dump reminders found.
No incomplete Brain Dump reminders found.
No incomplete Brain Dump reminders found.
No incomplete Brain Dump reminders found.
No incomplete Brain Dump reminders found.
No incomplete Brain Dump reminders found.
No incomplete Brain Dump reminders found.
No incomplete Brain Dump reminders found.
No incomplete Brain Dump reminders found.
No incomplete Brain Dump reminders found.
No incomplete Brain Dump reminders found.
No incomplete Brain Dump reminders found.
No incomplete Brain Dump reminders found.
No incomplete Brain Dump reminders found.
No incomplete Brain Dump reminders found.
No incomplete Brain Dump reminders found.
No incomplete Brain Dump reminders found.
No incomplete Brain Dump reminders found.
No incomplete Brain Dump reminders found.
No incomplete Brain Dump reminders found.
No incomplete Brain Dump reminders found.
No incomplete Brain Dump reminders found.
No incomplete Brain Dump reminders found.
No incomplete Brain Dump reminders found.
No incomplete Brain Dump reminders found.
No incomplete Brain Dump reminders found.
No incomplete Brain Dump reminders found.
No incomplete Brain Dump reminders found.
No incomplete Brain Dump reminders found.
No incomplete Brain Dump reminders found.
No incomplete Brain Dump reminders found.
No incomplete Brain Dump reminders found.
No incomplete Brain Dump reminders found.
No incomplete Brain Dump reminders found.
No incomplete Brain Dump reminders found.
No incomplete Brain Dump reminders found.
No incomplete Brain Dump reminders found.
No incomplete Brain Dump reminders found.
No incomplete Brain Dump reminders found.
No incomplete Brain Dump reminders found.
No incomplete Brain Dump reminders found.
No incomplete Brain Dump reminders found.
No incomplete Brain Dump reminders found.
No incomplete Brain Dump reminders found.
No incomplete Brain Dump reminders found.
No incomplete Brain Dump reminders found.
No incomplete Brain Dump reminders found.
No incomplete Brain Dump reminders found.
No incomplete Brain Dump reminders found.
No incomplete Brain Dump reminders found.
No incomplete Brain Dump reminders found.
No incomplete Brain Dump reminders found.
No incomplete Brain Dump reminders found.
No incomplete Brain Dump reminders found.
No incomplete Brain Dump reminders found.
No incomplete Brain Dump reminders found.
No incomplete Brain Dump reminders found.
No incomplete Brain Dump reminders found.
No incomplete Brain Dump reminders found.
No incomplete Brain Dump reminders found.
No incomplete Brain Dump reminders found.
No incomplete Brain Dump reminders found.
No incomplete Brain Dump reminders found.
No incomplete Brain Dump reminders found.
No incomplete Brain Dump reminders found.
No incomplete Brain Dump reminders found.
No incomplete Brain Dump reminders found.
No incomplete Brain Dump reminders found.
No incomplete Brain Dump reminders found.
No incomplete Brain Dump reminders found.
No incomplete Brain Dump reminders found.
No incomplete Brain Dump reminders found.
No incomplete Brain Dump reminders found.
No incomplete Brain Dump reminders found.
No incomplete Brain Dump reminders found.
No incomplete Brain Dump reminders found.
No incomplete Brain Dump reminders found.
No incomplete Brain Dump reminders found.
No incomplete Brain Dump reminders found.
No incomplete Brain Dump reminders found.
No incomplete Brain Dump reminders found.
No incomplete Brain Dump reminders found.
No incomplete Brain Dump reminders found.
No incomplete Brain Dump reminders found.
No incomplete Brain Dump reminders found.
No incomplete Brain Dump reminders found.
No incomplete Brain Dump reminders found.
No incomplete Brain Dump reminders found.
No incomplete Brain Dump reminders found.
No incomplete Brain Dump reminders found.
No incomplete Brain Dump reminders found.
No incomplete Brain Dump reminders found.
No incomplete Brain Dump reminders found.
No incomplete Brain Dump reminders found.
No incomplete Brain Dump reminders found.
No incomplete Brain Dump reminders found.
No incomplete Brain Dump reminders found.
No incomplete Brain Dump reminders found.
No incomplete Brain Dump reminders found.
No incomplete Brain Dump reminders found.
No incomplete Brain Dump reminders found.
No incomplete Brain Dump reminders found.
No incomplete Brain Dump reminders found.
No incomplete Brain Dump reminders found.
No incomplete Brain Dump reminders found.
No incomplete Brain Dump reminders found.
No incomplete Brain Dump reminders found.
No incomplete Brain Dump reminders found.
No incomplete Brain Dump reminders found.
No incomplete Brain Dump reminders found.
No incomplete Brain Dump reminders found.
No incomplete Brain Dump reminders found.
No incomplete Brain Dump reminders found.
No incomplete Brain Dump reminders found.
No incomplete Brain Dump reminders found.
No incomplete Brain Dump reminders found.
No incomplete Brain Dump reminders found.
No incomplete Brain Dump reminders found.
No incomplete Brain Dump reminders found.
No incomplete Brain Dump reminders found.
No incomplete Brain Dump reminders found.
No incomplete Brain Dump reminders found.
No incomplete Brain Dump reminders found.
No incomplete Brain Dump reminders found.
No incomplete Brain Dump reminders found.
No incomplete Brain Dump reminders found.
No incomplete Brain Dump reminders found.
No incomplete Brain Dump reminders found.
No incomplete Brain Dump reminders found.
No incomplete Brain Dump reminders found.
No incomplete Brain Dump reminders found.
No incomplete Brain Dump reminders found.
No incomplete Brain Dump reminders found.
No incomplete Brain Dump reminders found.
No incomplete Brain Dump reminders found.
No incomplete Brain Dump reminders found.
No incomplete Brain Dump reminders found.
No incomplete Brain Dump reminders found.
No incomplete Brain Dump reminders found.
No incomplete Brain Dump reminders found.
No incomplete Brain Dump reminders found.
No incomplete Brain Dump reminders found.
No incomplete Brain Dump reminders found.
No incomplete Brain Dump reminders found.
No incomplete Brain Dump reminders found.
No incomplete Brain Dump reminders found.
No incomplete Brain Dump reminders found.
No incomplete Brain Dump reminders found.
No incomplete Brain Dump reminders found.
No incomplete Brain Dump reminders found.
No incomplete Brain Dump reminders found.
Found 2 reminder(s) in Apple Reminders.
Using direct synced Brain Dump block: 34c1faccc5ab80ccb68afe0229f8749b
Importing: Empty compost bin JD I today
Imported: Empty compost bin JD I today
Importing: Take flower to basement GDI today
Imported: Take flower to basement GDI today

Imported 2 reminder(s) into Notion Brain Dump.
No incomplete Brain Dump reminders found.
No incomplete Brain Dump reminders found.
No incomplete Brain Dump reminders found.
No incomplete Brain Dump reminders found.
No incomplete Brain Dump reminders found.
No incomplete Brain Dump reminders found.
No incomplete Brain Dump reminders found.
No incomplete Brain Dump reminders found.
No incomplete Brain Dump reminders found.
No incomplete Brain Dump reminders found.
No incomplete Brain Dump reminders found.
Found 1 reminder(s) in Apple Reminders.
Using direct synced Brain Dump block: 34c1faccc5ab80ccb68afe0229f8749b
Importing: Mill flour for rug broth GDI tomorrow
Imported: Mill flour for rug broth GDI tomorrow

Imported 1 reminder(s) into Notion Brain Dump.
Found 1 reminder(s) in Apple Reminders.
Using direct synced Brain Dump block: 34c1faccc5ab80ccb68afe0229f8749b
Importing: Mill flour for Ryebread tomorrow just do it
Imported: Mill flour for Ryebread tomorrow just do it

Imported 1 reminder(s) into Notion Brain Dump.
No incomplete Brain Dump reminders found.
No incomplete Brain Dump reminders found.
No incomplete Brain Dump reminders found.
No incomplete Brain Dump reminders found.
No incomplete Brain Dump reminders found.
No incomplete Brain Dump reminders found.
No incomplete Brain Dump reminders found.
No incomplete Brain Dump reminders found.
No incomplete Brain Dump reminders found.
No incomplete Brain Dump reminders found.
No incomplete Brain Dump reminders found.
No incomplete Brain Dump reminders found.
No incomplete Brain Dump reminders found.
No incomplete Brain Dump reminders found.
No incomplete Brain Dump reminders found.
No incomplete Brain Dump reminders found.
No incomplete Brain Dump reminders found.
No incomplete Brain Dump reminders found.
No incomplete Brain Dump reminders found.
No incomplete Brain Dump reminders found.
No incomplete Brain Dump reminders found.
No incomplete Brain Dump reminders found.
No incomplete Brain Dump reminders found.
No incomplete Brain Dump reminders found.
No incomplete Brain Dump reminders found.
No incomplete Brain Dump reminders found.
No incomplete Brain Dump reminders found.
No incomplete Brain Dump reminders found.
No incomplete Brain Dump reminders found.
No incomplete Brain Dump reminders found.
No incomplete Brain Dump reminders found.
No incomplete Brain Dump reminders found.
No incomplete Brain Dump reminders found.
No incomplete Brain Dump reminders found.
No incomplete Brain Dump reminders found.
No incomplete Brain Dump reminders found.
No incomplete Brain Dump reminders found.
No incomplete Brain Dump reminders found.
No incomplete Brain Dump reminders found.
No incomplete Brain Dump reminders found.
No incomplete Brain Dump reminders found.
No incomplete Brain Dump reminders found.
No incomplete Brain Dump reminders found.
No incomplete Brain Dump reminders found.
No incomplete Brain Dump reminders found.
No incomplete Brain Dump reminders found.
No incomplete Brain Dump reminders found.
No incomplete Brain Dump reminders found.
No incomplete Brain Dump reminders found.
No incomplete Brain Dump reminders found.
No incomplete Brain Dump reminders found.
No incomplete Brain Dump reminders found.
No incomplete Brain Dump reminders found.
No incomplete Brain Dump reminders found.
No incomplete Brain Dump reminders found.
No incomplete Brain Dump reminders found.
No incomplete Brain Dump reminders found.
No incomplete Brain Dump reminders found.
No incomplete Brain Dump reminders found.
No incomplete Brain Dump reminders found.
No incomplete Brain Dump reminders found.
No incomplete Brain Dump reminders found.
No incomplete Brain Dump reminders found.
No incomplete Brain Dump reminders found.
No incomplete Brain Dump reminders found.
No incomplete Brain Dump reminders found.
No incomplete Brain Dump reminders found.
No incomplete Brain Dump reminders found.
No incomplete Brain Dump reminders found.
No incomplete Brain Dump reminders found.
No incomplete Brain Dump reminders found.
No incomplete Brain Dump reminders found.
No incomplete Brain Dump reminders found.
No incomplete Brain Dump reminders found.
No incomplete Brain Dump reminders found.
No incomplete Brain Dump reminders found.
No incomplete Brain Dump reminders found.
No incomplete Brain Dump reminders found.
No incomplete Brain Dump reminders found.
No incomplete Brain Dump reminders found.
No incomplete Brain Dump reminders found.
No incomplete Brain Dump reminders found.
No incomplete Brain Dump reminders found.
No incomplete Brain Dump reminders found.
No incomplete Brain Dump reminders found.
No incomplete Brain Dump reminders found.
No incomplete Brain Dump reminders found.
No incomplete Brain Dump reminders found.
No incomplete Brain Dump reminders found.
No incomplete Brain Dump reminders found.
No incomplete Brain Dump reminders found.
No incomplete Brain Dump reminders found.
No incomplete Brain Dump reminders found.
No incomplete Brain Dump reminders found.
No incomplete Brain Dump reminders found.
No incomplete Brain Dump reminders found.
No incomplete Brain Dump reminders found.
No incomplete Brain Dump reminders found.
No incomplete Brain Dump reminders found.
No incomplete Brain Dump reminders found.
No incomplete Brain Dump reminders found.
No incomplete Brain Dump reminders found.
No incomplete Brain Dump reminders found.
No incomplete Brain Dump reminders found.
No incomplete Brain Dump reminders found.
No incomplete Brain Dump reminders found.
No incomplete Brain Dump reminders found.
No incomplete Brain Dump reminders found.
No incomplete Brain Dump reminders found.
No incomplete Brain Dump reminders found.
No incomplete Brain Dump reminders found.
No incomplete Brain Dump reminders found.
No incomplete Brain Dump reminders found.
No incomplete Brain Dump reminders found.
No incomplete Brain Dump reminders found.
No incomplete Brain Dump reminders found.
No incomplete Brain Dump reminders found.
No incomplete Brain Dump reminders found.
No incomplete Brain Dump reminders found.
No incomplete Brain Dump reminders found.
No incomplete Brain Dump reminders found.
No incomplete Brain Dump reminders found.
No incomplete Brain Dump reminders found.
No incomplete Brain Dump reminders found.
No incomplete Brain Dump reminders found.
No incomplete Brain Dump reminders found.
No incomplete Brain Dump reminders found.
No incomplete Brain Dump reminders found.
No incomplete Brain Dump reminders found.
No incomplete Brain Dump reminders found.
No incomplete Brain Dump reminders found.
No incomplete Brain Dump reminders found.
No incomplete Brain Dump reminders found.
No incomplete Brain Dump reminders found.
No incomplete Brain Dump reminders found.
No incomplete Brain Dump reminders found.
No incomplete Brain Dump reminders found.
No incomplete Brain Dump reminders found.
No incomplete Brain Dump reminders found.
No incomplete Brain Dump reminders found.
No incomplete Brain Dump reminders found.
No incomplete Brain Dump reminders found.
No incomplete Brain Dump reminders found.
No incomplete Brain Dump reminders found.
No incomplete Brain Dump reminders found.
No incomplete Brain Dump reminders found.
No incomplete Brain Dump reminders found.
No incomplete Brain Dump reminders found.
No incomplete Brain Dump reminders found.
No incomplete Brain Dump reminders found.
No incomplete Brain Dump reminders found.
No incomplete Brain Dump reminders found.
No incomplete Brain Dump reminders found.
No incomplete Brain Dump reminders found.
No incomplete Brain Dump reminders found.
No incomplete Brain Dump reminders found.
No incomplete Brain Dump reminders found.
No incomplete Brain Dump reminders found.
No incomplete Brain Dump reminders found.
No incomplete Brain Dump reminders found.
Found 2 reminder(s) in Apple Reminders.
Using direct synced Brain Dump block: 34c1faccc5ab80ccb68afe0229f8749b
Importing: Dough that behaves like spelt but has high and somatic activity
Imported: Dough that behaves like spelt but has high and somatic activity
Importing: Schedule appointment for car service
Imported: Schedule appointment for car service

Imported 2 reminder(s) into Notion Brain Dump.
No incomplete Brain Dump reminders found.
No incomplete Brain Dump reminders found.
No incomplete Brain Dump reminders found.
No incomplete Brain Dump reminders found.
No incomplete Brain Dump reminders found.
No incomplete Brain Dump reminders found.
No incomplete Brain Dump reminders found.
No incomplete Brain Dump reminders found.
No incomplete Brain Dump reminders found.
No incomplete Brain Dump reminders found.
No incomplete Brain Dump reminders found.
No incomplete Brain Dump reminders found.
No incomplete Brain Dump reminders found.
No incomplete Brain Dump reminders found.
No incomplete Brain Dump reminders found.
No incomplete Brain Dump reminders found.
Traceback (most recent call last):
  File "/Users/John/LocalProjects/aios/sync_reminders_to_notion.py", line 268, in <module>
    main()
    ~~~~^^
  File "/Users/John/LocalProjects/aios/sync_reminders_to_notion.py", line 218, in main
    reminders = fetch_incomplete_reminders(reminders_list_name)
  File "/Users/John/LocalProjects/aios/sync_reminders_to_notion.py", line 98, in fetch_incomplete_reminders
    raw = run_applescript(script)
  File "/Users/John/LocalProjects/aios/sync_reminders_to_notion.py", line 75, in run_applescript
    raise RuntimeError(result.stderr.strip())
RuntimeError: 191:193: execution error: Reminders got an error: Can’t get item 6 of every reminder of list id "31972EF0-83BD-4E4F-A728-463A003BA168" whose completed = false. Invalid index. (-1719)
Found 7 reminder(s) in Apple Reminders.
Using direct synced Brain Dump block: 34c1faccc5ab80ccb68afe0229f8749b
Importing: Put pastry dough in the fridge just do it today
Imported: Put pastry dough in the fridge just do it today
Importing: Buy red onions for jalapeño bread today
Imported: Buy red onions for jalapeño bread today
Importing: Remind Gabby to invoice me for the grain
Imported: Remind Gabby to invoice me for the grain
Importing: Put grocery bags in my car just do it
Imported: Put grocery bags in my car just do it
Importing: Call Eric today
Imported: Call Eric today
Importing: Unpack bins from workshop today
Imported: Unpack bins from workshop today
Importing: Dice cheddar for jalapeño bread today
Imported: Dice cheddar for jalapeño bread today

Imported 7 reminder(s) into Notion Brain Dump.
Found 1 reminder(s) in Apple Reminders.
Using direct synced Brain Dump block: 34c1faccc5ab80ccb68afe0229f8749b
Importing: Make asparagus tart today
Imported: Make asparagus tart today

Imported 1 reminder(s) into Notion Brain Dump.
No incomplete Brain Dump reminders found.
No incomplete Brain Dump reminders found.
No incomplete Brain Dump reminders found.
No incomplete Brain Dump reminders found.
No incomplete Brain Dump reminders found.
No incomplete Brain Dump reminders found.
No incomplete Brain Dump reminders found.
No incomplete Brain Dump reminders found.
No incomplete Brain Dump reminders found.
No incomplete Brain Dump reminders found.
No incomplete Brain Dump reminders found.
No incomplete Brain Dump reminders found.
No incomplete Brain Dump reminders found.
No incomplete Brain Dump reminders found.
No incomplete Brain Dump reminders found.
No incomplete Brain Dump reminders found.
No incomplete Brain Dump reminders found.
No incomplete Brain Dump reminders found.
No incomplete Brain Dump reminders found.
No incomplete Brain Dump reminders found.
No incomplete Brain Dump reminders found.
No incomplete Brain Dump reminders found.
No incomplete Brain Dump reminders found.
No incomplete Brain Dump reminders found.
No incomplete Brain Dump reminders found.
No incomplete Brain Dump reminders found.
No incomplete Brain Dump reminders found.
No incomplete Brain Dump reminders found.
No incomplete Brain Dump reminders found.
No incomplete Brain Dump reminders found.
No incomplete Brain Dump reminders found.
No incomplete Brain Dump reminders found.
No incomplete Brain Dump reminders found.
No incomplete Brain Dump reminders found.
No incomplete Brain Dump reminders found.
No incomplete Brain Dump reminders found.
No incomplete Brain Dump reminders found.
No incomplete Brain Dump reminders found.
No incomplete Brain Dump reminders found.
No incomplete Brain Dump reminders found.
No incomplete Brain Dump reminders found.
No incomplete Brain Dump reminders found.
No incomplete Brain Dump reminders found.
No incomplete Brain Dump reminders found.
No incomplete Brain Dump reminders found.
No incomplete Brain Dump reminders found.
No incomplete Brain Dump reminders found.
No incomplete Brain Dump reminders found.
No incomplete Brain Dump reminders found.
No incomplete Brain Dump reminders found.
No incomplete Brain Dump reminders found.
No incomplete Brain Dump reminders found.
No incomplete Brain Dump reminders found.
No incomplete Brain Dump reminders found.
No incomplete Brain Dump reminders found.
No incomplete Brain Dump reminders found.
No incomplete Brain Dump reminders found.
No incomplete Brain Dump reminders found.
No incomplete Brain Dump reminders found.
No incomplete Brain Dump reminders found.
No incomplete Brain Dump reminders found.
No incomplete Brain Dump reminders found.
No incomplete Brain Dump reminders found.
No incomplete Brain Dump reminders found.
No incomplete Brain Dump reminders found.
No incomplete Brain Dump reminders found.
No incomplete Brain Dump reminders found.
No incomplete Brain Dump reminders found.
No incomplete Brain Dump reminders found.
No incomplete Brain Dump reminders found.
No incomplete Brain Dump reminders found.
No incomplete Brain Dump reminders found.
No incomplete Brain Dump reminders found.
No incomplete Brain Dump reminders found.
No incomplete Brain Dump reminders found.
No incomplete Brain Dump reminders found.
No incomplete Brain Dump reminders found.
No incomplete Brain Dump reminders found.
No incomplete Brain Dump reminders found.
No incomplete Brain Dump reminders found.
No incomplete Brain Dump reminders found.
No incomplete Brain Dump reminders found.
No incomplete Brain Dump reminders found.
No incomplete Brain Dump reminders found.
No incomplete Brain Dump reminders found.
No incomplete Brain Dump reminders found.
No incomplete Brain Dump reminders found.
No incomplete Brain Dump reminders found.
No incomplete Brain Dump reminders found.
No incomplete Brain Dump reminders found.
No incomplete Brain Dump reminders found.
No incomplete Brain Dump reminders found.
No incomplete Brain Dump reminders found.
No incomplete Brain Dump reminders found.
No incomplete Brain Dump reminders found.
No incomplete Brain Dump reminders found.
No incomplete Brain Dump reminders found.
No incomplete Brain Dump reminders found.
No incomplete Brain Dump reminders found.
No incomplete Brain Dump reminders found.
No incomplete Brain Dump reminders found.
No incomplete Brain Dump reminders found.
No incomplete Brain Dump reminders found.
No incomplete Brain Dump reminders found.
No incomplete Brain Dump reminders found.
No incomplete Brain Dump reminders found.
No incomplete Brain Dump reminders found.
No incomplete Brain Dump reminders found.
No incomplete Brain Dump reminders found.
No incomplete Brain Dump reminders found.
No incomplete Brain Dump reminders found.
No incomplete Brain Dump reminders found.
No incomplete Brain Dump reminders found.
No incomplete Brain Dump reminders found.
No incomplete Brain Dump reminders found.
No incomplete Brain Dump reminders found.
No incomplete Brain Dump reminders found.
No incomplete Brain Dump reminders found.
No incomplete Brain Dump reminders found.
No incomplete Brain Dump reminders found.
No incomplete Brain Dump reminders found.
No incomplete Brain Dump reminders found.
No incomplete Brain Dump reminders found.
No incomplete Brain Dump reminders found.
No incomplete Brain Dump reminders found.
No incomplete Brain Dump reminders found.
No incomplete Brain Dump reminders found.
No incomplete Brain Dump reminders found.
No incomplete Brain Dump reminders found.
No incomplete Brain Dump reminders found.
No incomplete Brain Dump reminders found.
No incomplete Brain Dump reminders found.
No incomplete Brain Dump reminders found.
No incomplete Brain Dump reminders found.
No incomplete Brain Dump reminders found.
No incomplete Brain Dump reminders found.
No incomplete Brain Dump reminders found.
No incomplete Brain Dump reminders found.
No incomplete Brain Dump reminders found.
No incomplete Brain Dump reminders found.
No incomplete Brain Dump reminders found.
No incomplete Brain Dump reminders found.
No incomplete Brain Dump reminders found.
No incomplete Brain Dump reminders found.
No incomplete Brain Dump reminders found.
No incomplete Brain Dump reminders found.
No incomplete Brain Dump reminders found.
No incomplete Brain Dump reminders found.
No incomplete Brain Dump reminders found.
No incomplete Brain Dump reminders found.
No incomplete Brain Dump reminders found.
No incomplete Brain Dump reminders found.
No incomplete Brain Dump reminders found.
No incomplete Brain Dump reminders found.
No incomplete Brain Dump reminders found.
No incomplete Brain Dump reminders found.
No incomplete Brain Dump reminders found.
No incomplete Brain Dump reminders found.
No incomplete Brain Dump reminders found.
No incomplete Brain Dump reminders found.
No incomplete Brain Dump reminders found.
No incomplete Brain Dump reminders found.
No incomplete Brain Dump reminders found.
No incomplete Brain Dump reminders found.
No incomplete Brain Dump reminders found.
No incomplete Brain Dump reminders found.
No incomplete Brain Dump reminders found.
No incomplete Brain Dump reminders found.
No incomplete Brain Dump reminders found.
No incomplete Brain Dump reminders found.
No incomplete Brain Dump reminders found.
No incomplete Brain Dump reminders found.
No incomplete Brain Dump reminders found.
No incomplete Brain Dump reminders found.
No incomplete Brain Dump reminders found.
No incomplete Brain Dump reminders found.
No incomplete Brain Dump reminders found.
No incomplete Brain Dump reminders found.
No incomplete Brain Dump reminders found.
No incomplete Brain Dump reminders found.
No incomplete Brain Dump reminders found.
No incomplete Brain Dump reminders found.
No incomplete Brain Dump reminders found.
No incomplete Brain Dump reminders found.
No incomplete Brain Dump reminders found.
No incomplete Brain Dump reminders found.
No incomplete Brain Dump reminders found.
No incomplete Brain Dump reminders found.
No incomplete Brain Dump reminders found.
No incomplete Brain Dump reminders found.
No incomplete Brain Dump reminders found.
No incomplete Brain Dump reminders found.
No incomplete Brain Dump reminders found.
No incomplete Brain Dump reminders found.
No incomplete Brain Dump reminders found.
No incomplete Brain Dump reminders found.
No incomplete Brain Dump reminders found.
No incomplete Brain Dump reminders found.
No incomplete Brain Dump reminders found.
No incomplete Brain Dump reminders found.
No incomplete Brain Dump reminders found.
No incomplete Brain Dump reminders found.
No incomplete Brain Dump reminders found.
No incomplete Brain Dump reminders found.
No incomplete Brain Dump reminders found.
No incomplete Brain Dump reminders found.
No incomplete Brain Dump reminders found.
No incomplete Brain Dump reminders found.
No incomplete Brain Dump reminders found.
No incomplete Brain Dump reminders found.
No incomplete Brain Dump reminders found.
No incomplete Brain Dump reminders found.
No incomplete Brain Dump reminders found.
No incomplete Brain Dump reminders found.
No incomplete Brain Dump reminders found.
No incomplete Brain Dump reminders found.
No incomplete Brain Dump reminders found.
No incomplete Brain Dump reminders found.
No incomplete Brain Dump reminders found.
No incomplete Brain Dump reminders found.
No incomplete Brain Dump reminders found.
No incomplete Brain Dump reminders found.
No incomplete Brain Dump reminders found.
No incomplete Brain Dump reminders found.
No incomplete Brain Dump reminders found.
No incomplete Brain Dump reminders found.
No incomplete Brain Dump reminders found.
No incomplete Brain Dump reminders found.
No incomplete Brain Dump reminders found.
No incomplete Brain Dump reminders found.
No incomplete Brain Dump reminders found.
No incomplete Brain Dump reminders found.
No incomplete Brain Dump reminders found.
No incomplete Brain Dump reminders found.
No incomplete Brain Dump reminders found.
No incomplete Brain Dump reminders found.
No incomplete Brain Dump reminders found.
No incomplete Brain Dump reminders found.
No incomplete Brain Dump reminders found.
No incomplete Brain Dump reminders found.
No incomplete Brain Dump reminders found.
No incomplete Brain Dump reminders found.
No incomplete Brain Dump reminders found.
No incomplete Brain Dump reminders found.
No incomplete Brain Dump reminders found.
No incomplete Brain Dump reminders found.
No incomplete Brain Dump reminders found.
No incomplete Brain Dump reminders found.
No incomplete Brain Dump reminders found.
No incomplete Brain Dump reminders found.
No incomplete Brain Dump reminders found.
No incomplete Brain Dump reminders found.
Traceback (most recent call last):
  File "/Users/John/LocalProjects/aios/sync_reminders_to_notion.py", line 268, in <module>
    main()
    ~~~~^^
  File "/Users/John/LocalProjects/aios/sync_reminders_to_notion.py", line 218, in main
    reminders = fetch_incomplete_reminders(reminders_list_name)
  File "/Users/John/LocalProjects/aios/sync_reminders_to_notion.py", line 98, in fetch_incomplete_reminders
    raw = run_applescript(script)
  File "/Users/John/LocalProjects/aios/sync_reminders_to_notion.py", line 75, in run_applescript
    raise RuntimeError(result.stderr.strip())
RuntimeError: 52:69: execution error: Reminders got an error: AppleEvent timed out. (-1712)
No incomplete Brain Dump reminders found.
No incomplete Brain Dump reminders found.
No incomplete Brain Dump reminders found.
No incomplete Brain Dump reminders found.
No incomplete Brain Dump reminders found.
No incomplete Brain Dump reminders found.
No incomplete Brain Dump reminders found.
No incomplete Brain Dump reminders found.
No incomplete Brain Dump reminders found.
No incomplete Brain Dump reminders found.
No incomplete Brain Dump reminders found.
No incomplete Brain Dump reminders found.
No incomplete Brain Dump reminders found.
No incomplete Brain Dump reminders found.
No incomplete Brain Dump reminders found.
No incomplete Brain Dump reminders found.
No incomplete Brain Dump reminders found.
No incomplete Brain Dump reminders found.
No incomplete Brain Dump reminders found.
No incomplete Brain Dump reminders found.
No incomplete Brain Dump reminders found.
No incomplete Brain Dump reminders found.
No incomplete Brain Dump reminders found.
No incomplete Brain Dump reminders found.
No incomplete Brain Dump reminders found.
No incomplete Brain Dump reminders found.
No incomplete Brain Dump reminders found.
No incomplete Brain Dump reminders found.
No incomplete Brain Dump reminders found.
No incomplete Brain Dump reminders found.
No incomplete Brain Dump reminders found.
No incomplete Brain Dump reminders found.
No incomplete Brain Dump reminders found.
No incomplete Brain Dump reminders found.
No incomplete Brain Dump reminders found.
No incomplete Brain Dump reminders found.
No incomplete Brain Dump reminders found.
No incomplete Brain Dump reminders found.
No incomplete Brain Dump reminders found.
No incomplete Brain Dump reminders found.
No incomplete Brain Dump reminders found.
No incomplete Brain Dump reminders found.
No incomplete Brain Dump reminders found.
No incomplete Brain Dump reminders found.
No incomplete Brain Dump reminders found.
No incomplete Brain Dump reminders found.
No incomplete Brain Dump reminders found.
No incomplete Brain Dump reminders found.
No incomplete Brain Dump reminders found.
No incomplete Brain Dump reminders found.
No incomplete Brain Dump reminders found.
No incomplete Brain Dump reminders found.
No incomplete Brain Dump reminders found.
No incomplete Brain Dump reminders found.
No incomplete Brain Dump reminders found.
No incomplete Brain Dump reminders found.
No incomplete Brain Dump reminders found.
No incomplete Brain Dump reminders found.
No incomplete Brain Dump reminders found.
No incomplete Brain Dump reminders found.
No incomplete Brain Dump reminders found.
No incomplete Brain Dump reminders found.
No incomplete Brain Dump reminders found.
No incomplete Brain Dump reminders found.
No incomplete Brain Dump reminders found.
No incomplete Brain Dump reminders found.
No incomplete Brain Dump reminders found.
No incomplete Brain Dump reminders found.
No incomplete Brain Dump reminders found.
No incomplete Brain Dump reminders found.
No incomplete Brain Dump reminders found.
No incomplete Brain Dump reminders found.
No incomplete Brain Dump reminders found.
No incomplete Brain Dump reminders found.
No incomplete Brain Dump reminders found.
No incomplete Brain Dump reminders found.
No incomplete Brain Dump reminders found.
No incomplete Brain Dump reminders found.
No incomplete Brain Dump reminders found.
No incomplete Brain Dump reminders found.
No incomplete Brain Dump reminders found.
No incomplete Brain Dump reminders found.
No incomplete Brain Dump reminders found.
No incomplete Brain Dump reminders found.
No incomplete Brain Dump reminders found.
No incomplete Brain Dump reminders found.
No incomplete Brain Dump reminders found.
No incomplete Brain Dump reminders found.
No incomplete Brain Dump reminders found.
No incomplete Brain Dump reminders found.
No incomplete Brain Dump reminders found.
No incomplete Brain Dump reminders found.
No incomplete Brain Dump reminders found.
No incomplete Brain Dump reminders found.
No incomplete Brain Dump reminders found.
No incomplete Brain Dump reminders found.
No incomplete Brain Dump reminders found.
No incomplete Brain Dump reminders found.
No incomplete Brain Dump reminders found.
No incomplete Brain Dump reminders found.
No incomplete Brain Dump reminders found.
No incomplete Brain Dump reminders found.
No incomplete Brain Dump reminders found.
No incomplete Brain Dump reminders found.
No incomplete Brain Dump reminders found.
No incomplete Brain Dump reminders found.
No incomplete Brain Dump reminders found.
No incomplete Brain Dump reminders found.
No incomplete Brain Dump reminders found.
No incomplete Brain Dump reminders found.
No incomplete Brain Dump reminders found.
No incomplete Brain Dump reminders found.
No incomplete Brain Dump reminders found.
No incomplete Brain Dump reminders found.
No incomplete Brain Dump reminders found.
No incomplete Brain Dump reminders found.
No incomplete Brain Dump reminders found.
No incomplete Brain Dump reminders found.
No incomplete Brain Dump reminders found.
No incomplete Brain Dump reminders found.
No incomplete Brain Dump reminders found.
No incomplete Brain Dump reminders found.
No incomplete Brain Dump reminders found.
No incomplete Brain Dump reminders found.
No incomplete Brain Dump reminders found.
No incomplete Brain Dump reminders found.
No incomplete Brain Dump reminders found.
No incomplete Brain Dump reminders found.
No incomplete Brain Dump reminders found.
No incomplete Brain Dump reminders found.
No incomplete Brain Dump reminders found.
No incomplete Brain Dump reminders found.
No incomplete Brain Dump reminders found.
No incomplete Brain Dump reminders found.
No incomplete Brain Dump reminders found.
No incomplete Brain Dump reminders found.
No incomplete Brain Dump reminders found.
No incomplete Brain Dump reminders found.
No incomplete Brain Dump reminders found.
No incomplete Brain Dump reminders found.
No incomplete Brain Dump reminders found.
No incomplete Brain Dump reminders found.
No incomplete Brain Dump reminders found.
No incomplete Brain Dump reminders found.
No incomplete Brain Dump reminders found.
No incomplete Brain Dump reminders found.
No incomplete Brain Dump reminders found.
No incomplete Brain Dump reminders found.
No incomplete Brain Dump reminders found.
No incomplete Brain Dump reminders found.
No incomplete Brain Dump reminders found.
No incomplete Brain Dump reminders found.
No incomplete Brain Dump reminders found.
No incomplete Brain Dump reminders found.
No incomplete Brain Dump reminders found.
No incomplete Brain Dump reminders found.
No incomplete Brain Dump reminders found.
No incomplete Brain Dump reminders found.
No incomplete Brain Dump reminders found.
No incomplete Brain Dump reminders found.
No incomplete Brain Dump reminders found.
No incomplete Brain Dump reminders found.
No incomplete Brain Dump reminders found.
No incomplete Brain Dump reminders found.
No incomplete Brain Dump reminders found.
No incomplete Brain Dump reminders found.
No incomplete Brain Dump reminders found.
No incomplete Brain Dump reminders found.
No incomplete Brain Dump reminders found.
No incomplete Brain Dump reminders found.
No incomplete Brain Dump reminders found.
No incomplete Brain Dump reminders found.
No incomplete Brain Dump reminders found.
No incomplete Brain Dump reminders found.
No incomplete Brain Dump reminders found.
No incomplete Brain Dump reminders found.
No incomplete Brain Dump reminders found.
No incomplete Brain Dump reminders found.
No incomplete Brain Dump reminders found.
No incomplete Brain Dump reminders found.
No incomplete Brain Dump reminders found.
No incomplete Brain Dump reminders found.
No incomplete Brain Dump reminders found.
No incomplete Brain Dump reminders found.
No incomplete Brain Dump reminders found.
No incomplete Brain Dump reminders found.
No incomplete Brain Dump reminders found.
No incomplete Brain Dump reminders found.
No incomplete Brain Dump reminders found.
No incomplete Brain Dump reminders found.
No incomplete Brain Dump reminders found.
No incomplete Brain Dump reminders found.
No incomplete Brain Dump reminders found.
No incomplete Brain Dump reminders found.
No incomplete Brain Dump reminders found.
No incomplete Brain Dump reminders found.
No incomplete Brain Dump reminders found.
No incomplete Brain Dump reminders found.
No incomplete Brain Dump reminders found.
No incomplete Brain Dump reminders found.
No incomplete Brain Dump reminders found.
No incomplete Brain Dump reminders found.
No incomplete Brain Dump reminders found.
No incomplete Brain Dump reminders found.
No incomplete Brain Dump reminders found.
No incomplete Brain Dump reminders found.
No incomplete Brain Dump reminders found.
No incomplete Brain Dump reminders found.
No incomplete Brain Dump reminders found.
No incomplete Brain Dump reminders found.
No incomplete Brain Dump reminders found.
No incomplete Brain Dump reminders found.
No incomplete Brain Dump reminders found.
No incomplete Brain Dump reminders found.
No incomplete Brain Dump reminders found.
No incomplete Brain Dump reminders found.
No incomplete Brain Dump reminders found.
No incomplete Brain Dump reminders found.
No incomplete Brain Dump reminders found.
No incomplete Brain Dump reminders found.
Traceback (most recent call last):
  File "/Users/John/LocalProjects/aios/sync_reminders_to_notion.py", line 268, in <module>
    main()
    ~~~~^^
  File "/Users/John/LocalProjects/aios/sync_reminders_to_notion.py", line 218, in main
    reminders = fetch_incomplete_reminders(reminders_list_name)
  File "/Users/John/LocalProjects/aios/sync_reminders_to_notion.py", line 98, in fetch_incomplete_reminders
    raw = run_applescript(script)
  File "/Users/John/LocalProjects/aios/sync_reminders_to_notion.py", line 75, in run_applescript
    raise RuntimeError(result.stderr.strip())
RuntimeError: 52:69: execution error: Reminders got an error: AppleEvent timed out. (-1712)
Traceback (most recent call last):
  File "/Users/John/LocalProjects/aios/sync_reminders_to_notion.py", line 268, in <module>
    main()
    ~~~~^^
  File "/Users/John/LocalProjects/aios/sync_reminders_to_notion.py", line 218, in main
    reminders = fetch_incomplete_reminders(reminders_list_name)
  File "/Users/John/LocalProjects/aios/sync_reminders_to_notion.py", line 98, in fetch_incomplete_reminders
    raw = run_applescript(script)
  File "/Users/John/LocalProjects/aios/sync_reminders_to_notion.py", line 75, in run_applescript
    raise RuntimeError(result.stderr.strip())
RuntimeError: 99:333: execution error: Reminders got an error: AppleEvent timed out. (-1712)
Traceback (most recent call last):
  File "/Users/John/LocalProjects/aios/sync_reminders_to_notion.py", line 268, in <module>
    main()
    ~~~~^^
  File "/Users/John/LocalProjects/aios/sync_reminders_to_notion.py", line 218, in main
    reminders = fetch_incomplete_reminders(reminders_list_name)
  File "/Users/John/LocalProjects/aios/sync_reminders_to_notion.py", line 98, in fetch_incomplete_reminders
    raw = run_applescript(script)
  File "/Users/John/LocalProjects/aios/sync_reminders_to_notion.py", line 75, in run_applescript
    raise RuntimeError(result.stderr.strip())
RuntimeError: 52:69: execution error: Reminders got an error: AppleEvent timed out. (-1712)
Traceback (most recent call last):
  File "/Users/John/LocalProjects/aios/sync_reminders_to_notion.py", line 268, in <module>
    main()
    ~~~~^^
  File "/Users/John/LocalProjects/aios/sync_reminders_to_notion.py", line 218, in main
    reminders = fetch_incomplete_reminders(reminders_list_name)
  File "/Users/John/LocalProjects/aios/sync_reminders_to_notion.py", line 98, in fetch_incomplete_reminders
    raw = run_applescript(script)
  File "/Users/John/LocalProjects/aios/sync_reminders_to_notion.py", line 75, in run_applescript
    raise RuntimeError(result.stderr.strip())
RuntimeError: 52:69: execution error: Reminders got an error: AppleEvent timed out. (-1712)
No incomplete Brain Dump reminders found.
No incomplete Brain Dump reminders found.
Traceback (most recent call last):
  File "/Users/John/LocalProjects/aios/sync_reminders_to_notion.py", line 268, in <module>
    main()
    ~~~~^^
  File "/Users/John/LocalProjects/aios/sync_reminders_to_notion.py", line 218, in main
    reminders = fetch_incomplete_reminders(reminders_list_name)
  File "/Users/John/LocalProjects/aios/sync_reminders_to_notion.py", line 98, in fetch_incomplete_reminders
    raw = run_applescript(script)
  File "/Users/John/LocalProjects/aios/sync_reminders_to_notion.py", line 75, in run_applescript
    raise RuntimeError(result.stderr.strip())
RuntimeError: 52:69: execution error: Reminders got an error: AppleEvent timed out. (-1712)
Traceback (most recent call last):
  File "/Users/John/LocalProjects/aios/sync_reminders_to_notion.py", line 268, in <module>
    main()
    ~~~~^^
  File "/Users/John/LocalProjects/aios/sync_reminders_to_notion.py", line 218, in main
    reminders = fetch_incomplete_reminders(reminders_list_name)
  File "/Users/John/LocalProjects/aios/sync_reminders_to_notion.py", line 98, in fetch_incomplete_reminders
    raw = run_applescript(script)
  File "/Users/John/LocalProjects/aios/sync_reminders_to_notion.py", line 75, in run_applescript
    raise RuntimeError(result.stderr.strip())
RuntimeError: 52:69: execution error: Reminders got an error: AppleEvent timed out. (-1712)
No incomplete Brain Dump reminders found.
Traceback (most recent call last):
  File "/Users/John/LocalProjects/aios/sync_reminders_to_notion.py", line 268, in <module>
    main()
    ~~~~^^
  File "/Users/John/LocalProjects/aios/sync_reminders_to_notion.py", line 218, in main
    reminders = fetch_incomplete_reminders(reminders_list_name)
  File "/Users/John/LocalProjects/aios/sync_reminders_to_notion.py", line 98, in fetch_incomplete_reminders
    raw = run_applescript(script)
  File "/Users/John/LocalProjects/aios/sync_reminders_to_notion.py", line 75, in run_applescript
    raise RuntimeError(result.stderr.strip())
RuntimeError: 52:69: execution error: Reminders got an error: AppleEvent timed out. (-1712)
Traceback (most recent call last):
  File "/Users/John/LocalProjects/aios/sync_reminders_to_notion.py", line 268, in <module>
    main()
    ~~~~^^
  File "/Users/John/LocalProjects/aios/sync_reminders_to_notion.py", line 218, in main
    reminders = fetch_incomplete_reminders(reminders_list_name)
  File "/Users/John/LocalProjects/aios/sync_reminders_to_notion.py", line 98, in fetch_incomplete_reminders
    raw = run_applescript(script)
  File "/Users/John/LocalProjects/aios/sync_reminders_to_notion.py", line 75, in run_applescript
    raise RuntimeError(result.stderr.strip())
RuntimeError: 52:69: execution error: Reminders got an error: AppleEvent timed out. (-1712)
Traceback (most recent call last):
  File "/Users/John/LocalProjects/aios/sync_reminders_to_notion.py", line 268, in <module>
    main()
    ~~~~^^
  File "/Users/John/LocalProjects/aios/sync_reminders_to_notion.py", line 218, in main
    reminders = fetch_incomplete_reminders(reminders_list_name)
  File "/Users/John/LocalProjects/aios/sync_reminders_to_notion.py", line 98, in fetch_incomplete_reminders
    raw = run_applescript(script)
  File "/Users/John/LocalProjects/aios/sync_reminders_to_notion.py", line 75, in run_applescript
    raise RuntimeError(result.stderr.strip())
RuntimeError: 52:69: execution error: Reminders got an error: AppleEvent timed out. (-1712)
Traceback (most recent call last):
  File "/Users/John/LocalProjects/aios/sync_reminders_to_notion.py", line 268, in <module>
    main()
    ~~~~^^
  File "/Users/John/LocalProjects/aios/sync_reminders_to_notion.py", line 218, in main
    reminders = fetch_incomplete_reminders(reminders_list_name)
  File "/Users/John/LocalProjects/aios/sync_reminders_to_notion.py", line 98, in fetch_incomplete_reminders
    raw = run_applescript(script)
  File "/Users/John/LocalProjects/aios/sync_reminders_to_notion.py", line 75, in run_applescript
    raise RuntimeError(result.stderr.strip())
RuntimeError: 52:69: execution error: Reminders got an error: AppleEvent timed out. (-1712)
Traceback (most recent call last):
  File "/Users/John/LocalProjects/aios/sync_reminders_to_notion.py", line 268, in <module>
    main()
    ~~~~^^
  File "/Users/John/LocalProjects/aios/sync_reminders_to_notion.py", line 218, in main
    reminders = fetch_incomplete_reminders(reminders_list_name)
  File "/Users/John/LocalProjects/aios/sync_reminders_to_notion.py", line 98, in fetch_incomplete_reminders
    raw = run_applescript(script)
  File "/Users/John/LocalProjects/aios/sync_reminders_to_notion.py", line 75, in run_applescript
    raise RuntimeError(result.stderr.strip())
RuntimeError: 52:69: execution error: Reminders got an error: AppleEvent timed out. (-1712)
No incomplete Brain Dump reminders found.
No incomplete Brain Dump reminders found.
No incomplete Brain Dump reminders found.
No incomplete Brain Dump reminders found.
Traceback (most recent call last):
  File "/Users/John/LocalProjects/aios/sync_reminders_to_notion.py", line 268, in <module>
    main()
    ~~~~^^
  File "/Users/John/LocalProjects/aios/sync_reminders_to_notion.py", line 218, in main
    reminders = fetch_incomplete_reminders(reminders_list_name)
  File "/Users/John/LocalProjects/aios/sync_reminders_to_notion.py", line 98, in fetch_incomplete_reminders
    raw = run_applescript(script)
  File "/Users/John/LocalProjects/aios/sync_reminders_to_notion.py", line 75, in run_applescript
    raise RuntimeError(result.stderr.strip())
RuntimeError: 52:69: execution error: Reminders got an error: AppleEvent timed out. (-1712)
No incomplete Brain Dump reminders found.
No incomplete Brain Dump reminders found.
Traceback (most recent call last):
  File "/Users/John/LocalProjects/aios/sync_reminders_to_notion.py", line 268, in <module>
    main()
    ~~~~^^
  File "/Users/John/LocalProjects/aios/sync_reminders_to_notion.py", line 218, in main
    reminders = fetch_incomplete_reminders(reminders_list_name)
  File "/Users/John/LocalProjects/aios/sync_reminders_to_notion.py", line 98, in fetch_incomplete_reminders
    raw = run_applescript(script)
  File "/Users/John/LocalProjects/aios/sync_reminders_to_notion.py", line 75, in run_applescript
    raise RuntimeError(result.stderr.strip())
RuntimeError: 99:333: execution error: Reminders got an error: AppleEvent timed out. (-1712)
No incomplete Brain Dump reminders found.
No incomplete Brain Dump reminders found.
No incomplete Brain Dump reminders found.
No incomplete Brain Dump reminders found.
No incomplete Brain Dump reminders found.
No incomplete Brain Dump reminders found.
No incomplete Brain Dump reminders found.
No incomplete Brain Dump reminders found.
No incomplete Brain Dump reminders found.
No incomplete Brain Dump reminders found.
No incomplete Brain Dump reminders found.
No incomplete Brain Dump reminders found.
No incomplete Brain Dump reminders found.
No incomplete Brain Dump reminders found.
No incomplete Brain Dump reminders found.
No incomplete Brain Dump reminders found.
No incomplete Brain Dump reminders found.
No incomplete Brain Dump reminders found.
No incomplete Brain Dump reminders found.
No incomplete Brain Dump reminders found.
No incomplete Brain Dump reminders found.
No incomplete Brain Dump reminders found.
No incomplete Brain Dump reminders found.
No incomplete Brain Dump reminders found.
No incomplete Brain Dump reminders found.
No incomplete Brain Dump reminders found.
No incomplete Brain Dump reminders found.
No incomplete Brain Dump reminders found.
No incomplete Brain Dump reminders found.
No incomplete Brain Dump reminders found.
No incomplete Brain Dump reminders found.
No incomplete Brain Dump reminders found.
No incomplete Brain Dump reminders found.
No incomplete Brain Dump reminders found.
No incomplete Brain Dump reminders found.
No incomplete Brain Dump reminders found.
No incomplete Brain Dump reminders found.
No incomplete Brain Dump reminders found.
No incomplete Brain Dump reminders found.
No incomplete Brain Dump reminders found.
No incomplete Brain Dump reminders found.
No incomplete Brain Dump reminders found.
No incomplete Brain Dump reminders found.
No incomplete Brain Dump reminders found.
No incomplete Brain Dump reminders found.
No incomplete Brain Dump reminders found.
No incomplete Brain Dump reminders found.
No incomplete Brain Dump reminders found.
No incomplete Brain Dump reminders found.
No incomplete Brain Dump reminders found.
No incomplete Brain Dump reminders found.
No incomplete Brain Dump reminders found.
No incomplete Brain Dump reminders found.
No incomplete Brain Dump reminders found.
No incomplete Brain Dump reminders found.
No incomplete Brain Dump reminders found.
No incomplete Brain Dump reminders found.
No incomplete Brain Dump reminders found.
No incomplete Brain Dump reminders found.
No incomplete Brain Dump reminders found.
No incomplete Brain Dump reminders found.
No incomplete Brain Dump reminders found.
No incomplete Brain Dump reminders found.
No incomplete Brain Dump reminders found.
No incomplete Brain Dump reminders found.
No incomplete Brain Dump reminders found.
No incomplete Brain Dump reminders found.
No incomplete Brain Dump reminders found.
No incomplete Brain Dump reminders found.
No incomplete Brain Dump reminders found.
No incomplete Brain Dump reminders found.
No incomplete Brain Dump reminders found.
No incomplete Brain Dump reminders found.
No incomplete Brain Dump reminders found.
No incomplete Brain Dump reminders found.
No incomplete Brain Dump reminders found.
No incomplete Brain Dump reminders found.
No incomplete Brain Dump reminders found.
No incomplete Brain Dump reminders found.
No incomplete Brain Dump reminders found.
No incomplete Brain Dump reminders found.
No incomplete Brain Dump reminders found.
No incomplete Brain Dump reminders found.
No incomplete Brain Dump reminders found.
No incomplete Brain Dump reminders found.
No incomplete Brain Dump reminders found.
No incomplete Brain Dump reminders found.
No incomplete Brain Dump reminders found.
No incomplete Brain Dump reminders found.
No incomplete Brain Dump reminders found.
No incomplete Brain Dump reminders found.
No incomplete Brain Dump reminders found.
No incomplete Brain Dump reminders found.
No incomplete Brain Dump reminders found.
No incomplete Brain Dump reminders found.
No incomplete Brain Dump reminders found.
No incomplete Brain Dump reminders found.
No incomplete Brain Dump reminders found.
No incomplete Brain Dump reminders found.
No incomplete Brain Dump reminders found.
No incomplete Brain Dump reminders found.
No incomplete Brain Dump reminders found.
No incomplete Brain Dump reminders found.
No incomplete Brain Dump reminders found.
No incomplete Brain Dump reminders found.
No incomplete Brain Dump reminders found.
No incomplete Brain Dump reminders found.
No incomplete Brain Dump reminders found.
No incomplete Brain Dump reminders found.
No incomplete Brain Dump reminders found.
No incomplete Brain Dump reminders found.
No incomplete Brain Dump reminders found.
No incomplete Brain Dump reminders found.
No incomplete Brain Dump reminders found.
No incomplete Brain Dump reminders found.
No incomplete Brain Dump reminders found.
No incomplete Brain Dump reminders found.
No incomplete Brain Dump reminders found.
No incomplete Brain Dump reminders found.
No incomplete Brain Dump reminders found.
No incomplete Brain Dump reminders found.
No incomplete Brain Dump reminders found.
No incomplete Brain Dump reminders found.
No incomplete Brain Dump reminders found.
No incomplete Brain Dump reminders found.
No incomplete Brain Dump reminders found.
No incomplete Brain Dump reminders found.
No incomplete Brain Dump reminders found.
No incomplete Brain Dump reminders found.
No incomplete Brain Dump reminders found.
No incomplete Brain Dump reminders found.
No incomplete Brain Dump reminders found.
No incomplete Brain Dump reminders found.
No incomplete Brain Dump reminders found.
No incomplete Brain Dump reminders found.
No incomplete Brain Dump reminders found.
No incomplete Brain Dump reminders found.
No incomplete Brain Dump reminders found.
No incomplete Brain Dump reminders found.
No incomplete Brain Dump reminders found.
No incomplete Brain Dump reminders found.
No incomplete Brain Dump reminders found.
No incomplete Brain Dump reminders found.
No incomplete Brain Dump reminders found.
No incomplete Brain Dump reminders found.
No incomplete Brain Dump reminders found.
No incomplete Brain Dump reminders found.
No incomplete Brain Dump reminders found.
No incomplete Brain Dump reminders found.
No incomplete Brain Dump reminders found.
No incomplete Brain Dump reminders found.
No incomplete Brain Dump reminders found.
No incomplete Brain Dump reminders found.
No incomplete Brain Dump reminders found.
No incomplete Brain Dump reminders found.
No incomplete Brain Dump reminders found.
No incomplete Brain Dump reminders found.
No incomplete Brain Dump reminders found.
No incomplete Brain Dump reminders found.
No incomplete Brain Dump reminders found.
No incomplete Brain Dump reminders found.
No incomplete Brain Dump reminders found.
No incomplete Brain Dump reminders found.
No incomplete Brain Dump reminders found.
No incomplete Brain Dump reminders found.
No incomplete Brain Dump reminders found.
No incomplete Brain Dump reminders found.
No incomplete Brain Dump reminders found.
No incomplete Brain Dump reminders found.
No incomplete Brain Dump reminders found.
No incomplete Brain Dump reminders found.
No incomplete Brain Dump reminders found.
No incomplete Brain Dump reminders found.
No incomplete Brain Dump reminders found.
No incomplete Brain Dump reminders found.
No incomplete Brain Dump reminders found.
No incomplete Brain Dump reminders found.
No incomplete Brain Dump reminders found.
No incomplete Brain Dump reminders found.
No incomplete Brain Dump reminders found.
No incomplete Brain Dump reminders found.
No incomplete Brain Dump reminders found.
No incomplete Brain Dump reminders found.
No incomplete Brain Dump reminders found.
No incomplete Brain Dump reminders found.
No incomplete Brain Dump reminders found.
No incomplete Brain Dump reminders found.
No incomplete Brain Dump reminders found.
No incomplete Brain Dump reminders found.
No incomplete Brain Dump reminders found.
No incomplete Brain Dump reminders found.
No incomplete Brain Dump reminders found.
No incomplete Brain Dump reminders found.
No incomplete Brain Dump reminders found.
No incomplete Brain Dump reminders found.
No incomplete Brain Dump reminders found.
No incomplete Brain Dump reminders found.
No incomplete Brain Dump reminders found.
No incomplete Brain Dump reminders found.
No incomplete Brain Dump reminders found.
No incomplete Brain Dump reminders found.
No incomplete Brain Dump reminders found.
No incomplete Brain Dump reminders found.
Found 1 reminder(s) in Apple Reminders.
Using direct synced Brain Dump block: 34c1faccc5ab80ccb68afe0229f8749b
Importing: Take winter supplies for pool to garage
Imported: Take winter supplies for pool to garage

Imported 1 reminder(s) into Notion Brain Dump.
No incomplete Brain Dump reminders found.
No incomplete Brain Dump reminders found.
No incomplete Brain Dump reminders found.
No incomplete Brain Dump reminders found.
No incomplete Brain Dump reminders found.
No incomplete Brain Dump reminders found.
No incomplete Brain Dump reminders found.
No incomplete Brain Dump reminders found.
No incomplete Brain Dump reminders found.
No incomplete Brain Dump reminders found.
No incomplete Brain Dump reminders found.
No incomplete Brain Dump reminders found.
No incomplete Brain Dump reminders found.
No incomplete Brain Dump reminders found.
No incomplete Brain Dump reminders found.
No incomplete Brain Dump reminders found.
No incomplete Brain Dump reminders found.
No incomplete Brain Dump reminders found.
No incomplete Brain Dump reminders found.
No incomplete Brain Dump reminders found.
No incomplete Brain Dump reminders found.
No incomplete Brain Dump reminders found.
No incomplete Brain Dump reminders found.
No incomplete Brain Dump reminders found.
No incomplete Brain Dump reminders found.
No incomplete Brain Dump reminders found.
No incomplete Brain Dump reminders found.
No incomplete Brain Dump reminders found.
No incomplete Brain Dump reminders found.
No incomplete Brain Dump reminders found.
No incomplete Brain Dump reminders found.
No incomplete Brain Dump reminders found.
No incomplete Brain Dump reminders found.
No incomplete Brain Dump reminders found.
No incomplete Brain Dump reminders found.
No incomplete Brain Dump reminders found.
No incomplete Brain Dump reminders found.
No incomplete Brain Dump reminders found.
No incomplete Brain Dump reminders found.
No incomplete Brain Dump reminders found.
No incomplete Brain Dump reminders found.
No incomplete Brain Dump reminders found.
No incomplete Brain Dump reminders found.
No incomplete Brain Dump reminders found.
No incomplete Brain Dump reminders found.
No incomplete Brain Dump reminders found.
No incomplete Brain Dump reminders found.
No incomplete Brain Dump reminders found.
No incomplete Brain Dump reminders found.
No incomplete Brain Dump reminders found.
No incomplete Brain Dump reminders found.
No incomplete Brain Dump reminders found.
No incomplete Brain Dump reminders found.
No incomplete Brain Dump reminders found.
No incomplete Brain Dump reminders found.
No incomplete Brain Dump reminders found.
No incomplete Brain Dump reminders found.
No incomplete Brain Dump reminders found.
No incomplete Brain Dump reminders found.
No incomplete Brain Dump reminders found.
No incomplete Brain Dump reminders found.
No incomplete Brain Dump reminders found.
No incomplete Brain Dump reminders found.
No incomplete Brain Dump reminders found.
No incomplete Brain Dump reminders found.
No incomplete Brain Dump reminders found.
No incomplete Brain Dump reminders found.
No incomplete Brain Dump reminders found.
No incomplete Brain Dump reminders found.
No incomplete Brain Dump reminders found.
No incomplete Brain Dump reminders found.
No incomplete Brain Dump reminders found.
No incomplete Brain Dump reminders found.
No incomplete Brain Dump reminders found.
No incomplete Brain Dump reminders found.
No incomplete Brain Dump reminders found.
No incomplete Brain Dump reminders found.
No incomplete Brain Dump reminders found.
No incomplete Brain Dump reminders found.
No incomplete Brain Dump reminders found.
No incomplete Brain Dump reminders found.
No incomplete Brain Dump reminders found.
No incomplete Brain Dump reminders found.
No incomplete Brain Dump reminders found.
No incomplete Brain Dump reminders found.
No incomplete Brain Dump reminders found.
No incomplete Brain Dump reminders found.
No incomplete Brain Dump reminders found.
No incomplete Brain Dump reminders found.
No incomplete Brain Dump reminders found.
No incomplete Brain Dump reminders found.
No incomplete Brain Dump reminders found.
No incomplete Brain Dump reminders found.
No incomplete Brain Dump reminders found.
No incomplete Brain Dump reminders found.
No incomplete Brain Dump reminders found.
No incomplete Brain Dump reminders found.
No incomplete Brain Dump reminders found.
No incomplete Brain Dump reminders found.
No incomplete Brain Dump reminders found.
No incomplete Brain Dump reminders found.
No incomplete Brain Dump reminders found.
No incomplete Brain Dump reminders found.
No incomplete Brain Dump reminders found.
No incomplete Brain Dump reminders found.
No incomplete Brain Dump reminders found.
No incomplete Brain Dump reminders found.
No incomplete Brain Dump reminders found.
No incomplete Brain Dump reminders found.
No incomplete Brain Dump reminders found.
No incomplete Brain Dump reminders found.
No incomplete Brain Dump reminders found.
No incomplete Brain Dump reminders found.
No incomplete Brain Dump reminders found.
No incomplete Brain Dump reminders found.
No incomplete Brain Dump reminders found.
No incomplete Brain Dump reminders found.
No incomplete Brain Dump reminders found.
No incomplete Brain Dump reminders found.
No incomplete Brain Dump reminders found.
No incomplete Brain Dump reminders found.
No incomplete Brain Dump reminders found.
No incomplete Brain Dump reminders found.
No incomplete Brain Dump reminders found.
No incomplete Brain Dump reminders found.
No incomplete Brain Dump reminders found.
No incomplete Brain Dump reminders found.
No incomplete Brain Dump reminders found.
No incomplete Brain Dump reminders found.
No incomplete Brain Dump reminders found.
No incomplete Brain Dump reminders found.
No incomplete Brain Dump reminders found.
No incomplete Brain Dump reminders found.
No incomplete Brain Dump reminders found.
No incomplete Brain Dump reminders found.
No incomplete Brain Dump reminders found.
No incomplete Brain Dump reminders found.
No incomplete Brain Dump reminders found.
No incomplete Brain Dump reminders found.
No incomplete Brain Dump reminders found.
No incomplete Brain Dump reminders found.
No incomplete Brain Dump reminders found.
No incomplete Brain Dump reminders found.
No incomplete Brain Dump reminders found.
No incomplete Brain Dump reminders found.
No incomplete Brain Dump reminders found.
No incomplete Brain Dump reminders found.
No incomplete Brain Dump reminders found.
No incomplete Brain Dump reminders found.
No incomplete Brain Dump reminders found.
No incomplete Brain Dump reminders found.
No incomplete Brain Dump reminders found.
No incomplete Brain Dump reminders found.
No incomplete Brain Dump reminders found.
No incomplete Brain Dump reminders found.
/bin/bash: ./venv/bin/python: Permission denied
/bin/bash: ./venv/bin/python: Permission denied
/bin/bash: ./venv/bin/python: Permission denied
/bin/bash: ./venv/bin/python: Permission denied
/bin/bash: ./venv/bin/python: Permission denied
/bin/bash: ./venv/bin/python: Permission denied
/bin/bash: ./venv/bin/python: Permission denied
/bin/bash: ./venv/bin/python: Permission denied
/bin/bash: ./venv/bin/python: Permission denied
/bin/bash: ./venv/bin/python: Permission denied
/bin/bash: ./venv/bin/python: Permission denied
/bin/bash: ./venv/bin/python: Permission denied
/bin/bash: ./venv/bin/python: Permission denied
/bin/bash: ./venv/bin/python: Permission denied
/bin/bash: ./venv/bin/python: Permission denied
/bin/bash: ./venv/bin/python: Permission denied
/bin/bash: ./venv/bin/python: Permission denied
/bin/bash: ./venv/bin/python: Permission denied
/bin/bash: ./venv/bin/python: Permission denied
/bin/bash: ./venv/bin/python: Permission denied
/bin/bash: ./venv/bin/python: Permission denied
/bin/bash: ./venv/bin/python: Permission denied
/bin/bash: ./venv/bin/python: Permission denied
/bin/bash: ./venv/bin/python: Permission denied
/bin/bash: ./venv/bin/python: Permission denied
/bin/bash: ./venv/bin/python: Permission denied
/bin/bash: ./venv/bin/python: Permission denied
/bin/bash: ./venv/bin/python: Permission denied
/bin/bash: ./venv/bin/python: Permission denied
/bin/bash: ./venv/bin/python: Permission denied
/bin/bash: ./venv/bin/python: Permission denied
/bin/bash: ./venv/bin/python: Permission denied
/bin/bash: ./venv/bin/python: Permission denied
/bin/bash: ./venv/bin/python: Permission denied
/bin/bash: ./venv/bin/python: Permission denied
/bin/bash: ./venv/bin/python: Permission denied
/bin/bash: ./venv/bin/python: Permission denied
/bin/bash: ./venv/bin/python: Permission denied
/bin/bash: ./venv/bin/python: Permission denied
/bin/bash: ./venv/bin/python: Permission denied
/bin/bash: ./venv/bin/python: Permission denied
/bin/bash: ./venv/bin/python: Permission denied
/bin/bash: ./venv/bin/python: Permission denied
/bin/bash: ./venv/bin/python: Permission denied
/bin/bash: ./venv/bin/python: Permission denied
/bin/bash: ./venv/bin/python: Permission denied
/bin/bash: ./venv/bin/python: Permission denied
/bin/bash: ./venv/bin/python: Permission denied
No incomplete Brain Dump reminders found.
No incomplete Brain Dump reminders found.
No incomplete Brain Dump reminders found.
No incomplete Brain Dump reminders found.
No incomplete Brain Dump reminders found.
No incomplete Brain Dump reminders found.
No incomplete Brain Dump reminders found.
No incomplete Brain Dump reminders found.
No incomplete Brain Dump reminders found.
No incomplete Brain Dump reminders found.
No incomplete Brain Dump reminders found.
No incomplete Brain Dump reminders found.
No incomplete Brain Dump reminders found.
No incomplete Brain Dump reminders found.
No incomplete Brain Dump reminders found.
No incomplete Brain Dump reminders found.
No incomplete Brain Dump reminders found.
No incomplete Brain Dump reminders found.
No incomplete Brain Dump reminders found.
No incomplete Brain Dump reminders found.
No incomplete Brain Dump reminders found.
No incomplete Brain Dump reminders found.
No incomplete Brain Dump reminders found.
No incomplete Brain Dump reminders found.
No incomplete Brain Dump reminders found.
No incomplete Brain Dump reminders found.
No incomplete Brain Dump reminders found.
No incomplete Brain Dump reminders found.
No incomplete Brain Dump reminders found.
No incomplete Brain Dump reminders found.
No incomplete Brain Dump reminders found.
No incomplete Brain Dump reminders found.
No incomplete Brain Dump reminders found.
No incomplete Brain Dump reminders found.
No incomplete Brain Dump reminders found.
No incomplete Brain Dump reminders found.
No incomplete Brain Dump reminders found.
No incomplete Brain Dump reminders found.
No incomplete Brain Dump reminders found.
No incomplete Brain Dump reminders found.
No incomplete Brain Dump reminders found.
No incomplete Brain Dump reminders found.
No incomplete Brain Dump reminders found.
No incomplete Brain Dump reminders found.
No incomplete Brain Dump reminders found.
No incomplete Brain Dump reminders found.
No incomplete Brain Dump reminders found.
No incomplete Brain Dump reminders found.
No incomplete Brain Dump reminders found.
No incomplete Brain Dump reminders found.
No incomplete Brain Dump reminders found.
No incomplete Brain Dump reminders found.
No incomplete Brain Dump reminders found.
No incomplete Brain Dump reminders found.
No incomplete Brain Dump reminders found.
No incomplete Brain Dump reminders found.
No incomplete Brain Dump reminders found.
No incomplete Brain Dump reminders found.
No incomplete Brain Dump reminders found.
No incomplete Brain Dump reminders found.
No incomplete Brain Dump reminders found.
No incomplete Brain Dump reminders found.
No incomplete Brain Dump reminders found.
No incomplete Brain Dump reminders found.
No incomplete Brain Dump reminders found.
No incomplete Brain Dump reminders found.
No incomplete Brain Dump reminders found.
No incomplete Brain Dump reminders found.
No incomplete Brain Dump reminders found.
No incomplete Brain Dump reminders found.
No incomplete Brain Dump reminders found.
No incomplete Brain Dump reminders found.
No incomplete Brain Dump reminders found.
No incomplete Brain Dump reminders found.
No incomplete Brain Dump reminders found.
No incomplete Brain Dump reminders found.
No incomplete Brain Dump reminders found.
No incomplete Brain Dump reminders found.
No incomplete Brain Dump reminders found.
No incomplete Brain Dump reminders found.
No incomplete Brain Dump reminders found.
No incomplete Brain Dump reminders found.
No incomplete Brain Dump reminders found.
No incomplete Brain Dump reminders found.
No incomplete Brain Dump reminders found.
No incomplete Brain Dump reminders found.
No incomplete Brain Dump reminders found.
No incomplete Brain Dump reminders found.
No incomplete Brain Dump reminders found.
No incomplete Brain Dump reminders found.
No incomplete Brain Dump reminders found.
No incomplete Brain Dump reminders found.
No incomplete Brain Dump reminders found.
No incomplete Brain Dump reminders found.
No incomplete Brain Dump reminders found.
No incomplete Brain Dump reminders found.
No incomplete Brain Dump reminders found.
No incomplete Brain Dump reminders found.
No incomplete Brain Dump reminders found.
No incomplete Brain Dump reminders found.
No incomplete Brain Dump reminders found.
No incomplete Brain Dump reminders found.
No incomplete Brain Dump reminders found.
No incomplete Brain Dump reminders found.
No incomplete Brain Dump reminders found.
No incomplete Brain Dump reminders found.
No incomplete Brain Dump reminders found.
No incomplete Brain Dump reminders found.
No incomplete Brain Dump reminders found.
No incomplete Brain Dump reminders found.
No incomplete Brain Dump reminders found.
No incomplete Brain Dump reminders found.
No incomplete Brain Dump reminders found.
No incomplete Brain Dump reminders found.
No incomplete Brain Dump reminders found.
No incomplete Brain Dump reminders found.
No incomplete Brain Dump reminders found.
No incomplete Brain Dump reminders found.
No incomplete Brain Dump reminders found.
No incomplete Brain Dump reminders found.
No incomplete Brain Dump reminders found.
No incomplete Brain Dump reminders found.
No incomplete Brain Dump reminders found.
No incomplete Brain Dump reminders found.
No incomplete Brain Dump reminders found.
No incomplete Brain Dump reminders found.
No incomplete Brain Dump reminders found.
No incomplete Brain Dump reminders found.
No incomplete Brain Dump reminders found.
No incomplete Brain Dump reminders found.
No incomplete Brain Dump reminders found.
No incomplete Brain Dump reminders found.
No incomplete Brain Dump reminders found.
No incomplete Brain Dump reminders found.
No incomplete Brain Dump reminders found.
No incomplete Brain Dump reminders found.
No incomplete Brain Dump reminders found.
No incomplete Brain Dump reminders found.
No incomplete Brain Dump reminders found.
No incomplete Brain Dump reminders found.
No incomplete Brain Dump reminders found.
No incomplete Brain Dump reminders found.
No incomplete Brain Dump reminders found.
No incomplete Brain Dump reminders found.
No incomplete Brain Dump reminders found.
No incomplete Brain Dump reminders found.
No incomplete Brain Dump reminders found.
No incomplete Brain Dump reminders found.
No incomplete Brain Dump reminders found.
No incomplete Brain Dump reminders found.
No incomplete Brain Dump reminders found.
No incomplete Brain Dump reminders found.
No incomplete Brain Dump reminders found.
No incomplete Brain Dump reminders found.
No incomplete Brain Dump reminders found.
No incomplete Brain Dump reminders found.
No incomplete Brain Dump reminders found.
No incomplete Brain Dump reminders found.
No incomplete Brain Dump reminders found.
No incomplete Brain Dump reminders found.
No incomplete Brain Dump reminders found.
No incomplete Brain Dump reminders found.
No incomplete Brain Dump reminders found.
No incomplete Brain Dump reminders found.
No incomplete Brain Dump reminders found.
No incomplete Brain Dump reminders found.
No incomplete Brain Dump reminders found.
No incomplete Brain Dump reminders found.
No incomplete Brain Dump reminders found.
No incomplete Brain Dump reminders found.
No incomplete Brain Dump reminders found.
No incomplete Brain Dump reminders found.
No incomplete Brain Dump reminders found.
No incomplete Brain Dump reminders found.
No incomplete Brain Dump reminders found.
No incomplete Brain Dump reminders found.
No incomplete Brain Dump reminders found.
No incomplete Brain Dump reminders found.
No incomplete Brain Dump reminders found.
No incomplete Brain Dump reminders found.
No incomplete Brain Dump reminders found.
No incomplete Brain Dump reminders found.
No incomplete Brain Dump reminders found.
No incomplete Brain Dump reminders found.
No incomplete Brain Dump reminders found.
No incomplete Brain Dump reminders found.
No incomplete Brain Dump reminders found.
No incomplete Brain Dump reminders found.
No incomplete Brain Dump reminders found.
No incomplete Brain Dump reminders found.
No incomplete Brain Dump reminders found.
No incomplete Brain Dump reminders found.
No incomplete Brain Dump reminders found.
No incomplete Brain Dump reminders found.
No incomplete Brain Dump reminders found.
No incomplete Brain Dump reminders found.
No incomplete Brain Dump reminders found.
No incomplete Brain Dump reminders found.
No incomplete Brain Dump reminders found.
No incomplete Brain Dump reminders found.
No incomplete Brain Dump reminders found.
No incomplete Brain Dump reminders found.
No incomplete Brain Dump reminders found.
No incomplete Brain Dump reminders found.
No incomplete Brain Dump reminders found.
No incomplete Brain Dump reminders found.
No incomplete Brain Dump reminders found.
No incomplete Brain Dump reminders found.
No incomplete Brain Dump reminders found.
No incomplete Brain Dump reminders found.
No incomplete Brain Dump reminders found.
No incomplete Brain Dump reminders found.
No incomplete Brain Dump reminders found.
No incomplete Brain Dump reminders found.
No incomplete Brain Dump reminders found.
No incomplete Brain Dump reminders found.
No incomplete Brain Dump reminders found.
No incomplete Brain Dump reminders found.
No incomplete Brain Dump reminders found.
No incomplete Brain Dump reminders found.
No incomplete Brain Dump reminders found.
No incomplete Brain Dump reminders found.
No incomplete Brain Dump reminders found.
No incomplete Brain Dump reminders found.
No incomplete Brain Dump reminders found.
No incomplete Brain Dump reminders found.
No incomplete Brain Dump reminders found.
No incomplete Brain Dump reminders found.
No incomplete Brain Dump reminders found.
No incomplete Brain Dump reminders found.
No incomplete Brain Dump reminders found.
No incomplete Brain Dump reminders found.
No incomplete Brain Dump reminders found.
No incomplete Brain Dump reminders found.
No incomplete Brain Dump reminders found.
No incomplete Brain Dump reminders found.
No incomplete Brain Dump reminders found.
No incomplete Brain Dump reminders found.
No incomplete Brain Dump reminders found.
No incomplete Brain Dump reminders found.
No incomplete Brain Dump reminders found.
No incomplete Brain Dump reminders found.
No incomplete Brain Dump reminders found.
No incomplete Brain Dump reminders found.
No incomplete Brain Dump reminders found.
No incomplete Brain Dump reminders found.
No incomplete Brain Dump reminders found.
No incomplete Brain Dump reminders found.
No incomplete Brain Dump reminders found.
No incomplete Brain Dump reminders found.
No incomplete Brain Dump reminders found.
No incomplete Brain Dump reminders found.
No incomplete Brain Dump reminders found.
No incomplete Brain Dump reminders found.
No incomplete Brain Dump reminders found.
No incomplete Brain Dump reminders found.
No incomplete Brain Dump reminders found.
No incomplete Brain Dump reminders found.
No incomplete Brain Dump reminders found.
No incomplete Brain Dump reminders found.
No incomplete Brain Dump reminders found.
No incomplete Brain Dump reminders found.
No incomplete Brain Dump reminders found.
No incomplete Brain Dump reminders found.
No incomplete Brain Dump reminders found.
No incomplete Brain Dump reminders found.
No incomplete Brain Dump reminders found.
No incomplete Brain Dump reminders found.
No incomplete Brain Dump reminders found.
No incomplete Brain Dump reminders found.
No incomplete Brain Dump reminders found.
No incomplete Brain Dump reminders found.
No incomplete Brain Dump reminders found.
No incomplete Brain Dump reminders found.
No incomplete Brain Dump reminders found.
No incomplete Brain Dump reminders found.
No incomplete Brain Dump reminders found.
No incomplete Brain Dump reminders found.
No incomplete Brain Dump reminders found.
No incomplete Brain Dump reminders found.
No incomplete Brain Dump reminders found.
No incomplete Brain Dump reminders found.
No incomplete Brain Dump reminders found.
No incomplete Brain Dump reminders found.
No incomplete Brain Dump reminders found.
No incomplete Brain Dump reminders found.
No incomplete Brain Dump reminders found.
No incomplete Brain Dump reminders found.
No incomplete Brain Dump reminders found.
No incomplete Brain Dump reminders found.
No incomplete Brain Dump reminders found.
No incomplete Brain Dump reminders found.
No incomplete Brain Dump reminders found.
No incomplete Brain Dump reminders found.
No incomplete Brain Dump reminders found.
No incomplete Brain Dump reminders found.
No incomplete Brain Dump reminders found.
No incomplete Brain Dump reminders found.
Found 1 reminder(s) in Apple Reminders.
Using direct synced Brain Dump block: 34c1faccc5ab80ccb68afe0229f8749b
Importing: Trim fingernails just do it
Imported: Trim fingernails just do it

Imported 1 reminder(s) into Notion Brain Dump.
No incomplete Brain Dump reminders found.
No incomplete Brain Dump reminders found.
No incomplete Brain Dump reminders found.
No incomplete Brain Dump reminders found.
No incomplete Brain Dump reminders found.
No incomplete Brain Dump reminders found.
No incomplete Brain Dump reminders found.
No incomplete Brain Dump reminders found.
No incomplete Brain Dump reminders found.
No incomplete Brain Dump reminders found.
No incomplete Brain Dump reminders found.
No incomplete Brain Dump reminders found.
No incomplete Brain Dump reminders found.
No incomplete Brain Dump reminders found.
No incomplete Brain Dump reminders found.
No incomplete Brain Dump reminders found.
No incomplete Brain Dump reminders found.
No incomplete Brain Dump reminders found.
No incomplete Brain Dump reminders found.
No incomplete Brain Dump reminders found.
No incomplete Brain Dump reminders found.
No incomplete Brain Dump reminders found.
No incomplete Brain Dump reminders found.
No incomplete Brain Dump reminders found.
No incomplete Brain Dump reminders found.
No incomplete Brain Dump reminders found.
No incomplete Brain Dump reminders found.
No incomplete Brain Dump reminders found.
No incomplete Brain Dump reminders found.
No incomplete Brain Dump reminders found.
No incomplete Brain Dump reminders found.
No incomplete Brain Dump reminders found.
No incomplete Brain Dump reminders found.
No incomplete Brain Dump reminders found.
No incomplete Brain Dump reminders found.
No incomplete Brain Dump reminders found.
No incomplete Brain Dump reminders found.
Found 1 reminder(s) in Apple Reminders.
Using direct synced Brain Dump block: 34c1faccc5ab80ccb68afe0229f8749b
Importing: Check health portal for requisitions today important
Imported: Check health portal for requisitions today important

Imported 1 reminder(s) into Notion Brain Dump.
No incomplete Brain Dump reminders found.
No incomplete Brain Dump reminders found.
No incomplete Brain Dump reminders found.
No incomplete Brain Dump reminders found.
No incomplete Brain Dump reminders found.
Found 1 reminder(s) in Apple Reminders.
Using direct synced Brain Dump block: 34c1faccc5ab80ccb68afe0229f8749b
Importing: Wash jar for Kiefer important
Imported: Wash jar for Kiefer important

Imported 1 reminder(s) into Notion Brain Dump.
No incomplete Brain Dump reminders found.
No incomplete Brain Dump reminders found.
No incomplete Brain Dump reminders found.
No incomplete Brain Dump reminders found.
No incomplete Brain Dump reminders found.
No incomplete Brain Dump reminders found.
No incomplete Brain Dump reminders found.
No incomplete Brain Dump reminders found.
No incomplete Brain Dump reminders found.
No incomplete Brain Dump reminders found.
No incomplete Brain Dump reminders found.
No incomplete Brain Dump reminders found.
No incomplete Brain Dump reminders found.
No incomplete Brain Dump reminders found.
No incomplete Brain Dump reminders found.
No incomplete Brain Dump reminders found.
No incomplete Brain Dump reminders found.
No incomplete Brain Dump reminders found.
No incomplete Brain Dump reminders found.
No incomplete Brain Dump reminders found.
No incomplete Brain Dump reminders found.
No incomplete Brain Dump reminders found.
No incomplete Brain Dump reminders found.
No incomplete Brain Dump reminders found.
No incomplete Brain Dump reminders found.
No incomplete Brain Dump reminders found.
No incomplete Brain Dump reminders found.
No incomplete Brain Dump reminders found.
No incomplete Brain Dump reminders found.
No incomplete Brain Dump reminders found.
No incomplete Brain Dump reminders found.
No incomplete Brain Dump reminders found.
No incomplete Brain Dump reminders found.
No incomplete Brain Dump reminders found.
No incomplete Brain Dump reminders found.
No incomplete Brain Dump reminders found.
No incomplete Brain Dump reminders found.
No incomplete Brain Dump reminders found.
No incomplete Brain Dump reminders found.
No incomplete Brain Dump reminders found.
No incomplete Brain Dump reminders found.
No incomplete Brain Dump reminders found.
No incomplete Brain Dump reminders found.
No incomplete Brain Dump reminders found.
No incomplete Brain Dump reminders found.
No incomplete Brain Dump reminders found.
No incomplete Brain Dump reminders found.
No incomplete Brain Dump reminders found.
No incomplete Brain Dump reminders found.
No incomplete Brain Dump reminders found.
No incomplete Brain Dump reminders found.
No incomplete Brain Dump reminders found.
No incomplete Brain Dump reminders found.
No incomplete Brain Dump reminders found.
No incomplete Brain Dump reminders found.
No incomplete Brain Dump reminders found.
No incomplete Brain Dump reminders found.
No incomplete Brain Dump reminders found.
No incomplete Brain Dump reminders found.
No incomplete Brain Dump reminders found.
No incomplete Brain Dump reminders found.
No incomplete Brain Dump reminders found.
No incomplete Brain Dump reminders found.
No incomplete Brain Dump reminders found.
No incomplete Brain Dump reminders found.
No incomplete Brain Dump reminders found.
No incomplete Brain Dump reminders found.
No incomplete Brain Dump reminders found.
No incomplete Brain Dump reminders found.
No incomplete Brain Dump reminders found.
No incomplete Brain Dump reminders found.
No incomplete Brain Dump reminders found.
No incomplete Brain Dump reminders found.
No incomplete Brain Dump reminders found.
No incomplete Brain Dump reminders found.
No incomplete Brain Dump reminders found.
No incomplete Brain Dump reminders found.
No incomplete Brain Dump reminders found.
No incomplete Brain Dump reminders found.
No incomplete Brain Dump reminders found.
No incomplete Brain Dump reminders found.
No incomplete Brain Dump reminders found.
No incomplete Brain Dump reminders found.
No incomplete Brain Dump reminders found.
No incomplete Brain Dump reminders found.
No incomplete Brain Dump reminders found.
No incomplete Brain Dump reminders found.
No incomplete Brain Dump reminders found.
No incomplete Brain Dump reminders found.
No incomplete Brain Dump reminders found.
No incomplete Brain Dump reminders found.
No incomplete Brain Dump reminders found.
No incomplete Brain Dump reminders found.
No incomplete Brain Dump reminders found.
No incomplete Brain Dump reminders found.
No incomplete Brain Dump reminders found.
No incomplete Brain Dump reminders found.
No incomplete Brain Dump reminders found.
No incomplete Brain Dump reminders found.
No incomplete Brain Dump reminders found.
No incomplete Brain Dump reminders found.
No incomplete Brain Dump reminders found.
No incomplete Brain Dump reminders found.
No incomplete Brain Dump reminders found.
No incomplete Brain Dump reminders found.
No incomplete Brain Dump reminders found.
No incomplete Brain Dump reminders found.
No incomplete Brain Dump reminders found.
No incomplete Brain Dump reminders found.
No incomplete Brain Dump reminders found.
No incomplete Brain Dump reminders found.
No incomplete Brain Dump reminders found.
No incomplete Brain Dump reminders found.
No incomplete Brain Dump reminders found.
No incomplete Brain Dump reminders found.
No incomplete Brain Dump reminders found.
No incomplete Brain Dump reminders found.
No incomplete Brain Dump reminders found.
No incomplete Brain Dump reminders found.
No incomplete Brain Dump reminders found.
No incomplete Brain Dump reminders found.
No incomplete Brain Dump reminders found.
No incomplete Brain Dump reminders found.
No incomplete Brain Dump reminders found.
No incomplete Brain Dump reminders found.
No incomplete Brain Dump reminders found.
No incomplete Brain Dump reminders found.
No incomplete Brain Dump reminders found.
No incomplete Brain Dump reminders found.
No incomplete Brain Dump reminders found.
No incomplete Brain Dump reminders found.
No incomplete Brain Dump reminders found.
No incomplete Brain Dump reminders found.
No incomplete Brain Dump reminders found.
No incomplete Brain Dump reminders found.
No incomplete Brain Dump reminders found.
No incomplete Brain Dump reminders found.
No incomplete Brain Dump reminders found.
No incomplete Brain Dump reminders found.
No incomplete Brain Dump reminders found.
No incomplete Brain Dump reminders found.
No incomplete Brain Dump reminders found.
No incomplete Brain Dump reminders found.
No incomplete Brain Dump reminders found.
No incomplete Brain Dump reminders found.
No incomplete Brain Dump reminders found.
No incomplete Brain Dump reminders found.
No incomplete Brain Dump reminders found.
No incomplete Brain Dump reminders found.
No incomplete Brain Dump reminders found.
No incomplete Brain Dump reminders found.
No incomplete Brain Dump reminders found.
No incomplete Brain Dump reminders found.
No incomplete Brain Dump reminders found.
No incomplete Brain Dump reminders found.
No incomplete Brain Dump reminders found.
No incomplete Brain Dump reminders found.
No incomplete Brain Dump reminders found.
No incomplete Brain Dump reminders found.
No incomplete Brain Dump reminders found.
No incomplete Brain Dump reminders found.
No incomplete Brain Dump reminders found.
No incomplete Brain Dump reminders found.
No incomplete Brain Dump reminders found.
No incomplete Brain Dump reminders found.
No incomplete Brain Dump reminders found.
No incomplete Brain Dump reminders found.
No incomplete Brain Dump reminders found.
No incomplete Brain Dump reminders found.
No incomplete Brain Dump reminders found.
No incomplete Brain Dump reminders found.
No incomplete Brain Dump reminders found.
No incomplete Brain Dump reminders found.
No incomplete Brain Dump reminders found.
No incomplete Brain Dump reminders found.
No incomplete Brain Dump reminders found.
No incomplete Brain Dump reminders found.
No incomplete Brain Dump reminders found.
No incomplete Brain Dump reminders found.
No incomplete Brain Dump reminders found.
No incomplete Brain Dump reminders found.
No incomplete Brain Dump reminders found.
No incomplete Brain Dump reminders found.
No incomplete Brain Dump reminders found.
No incomplete Brain Dump reminders found.
No incomplete Brain Dump reminders found.
No incomplete Brain Dump reminders found.
No incomplete Brain Dump reminders found.
No incomplete Brain Dump reminders found.
No incomplete Brain Dump reminders found.
No incomplete Brain Dump reminders found.
No incomplete Brain Dump reminders found.
No incomplete Brain Dump reminders found.
No incomplete Brain Dump reminders found.
No incomplete Brain Dump reminders found.
No incomplete Brain Dump reminders found.
No incomplete Brain Dump reminders found.
No incomplete Brain Dump reminders found.
No incomplete Brain Dump reminders found.
No incomplete Brain Dump reminders found.
No incomplete Brain Dump reminders found.
No incomplete Brain Dump reminders found.
No incomplete Brain Dump reminders found.
No incomplete Brain Dump reminders found.
No incomplete Brain Dump reminders found.
No incomplete Brain Dump reminders found.
No incomplete Brain Dump reminders found.
No incomplete Brain Dump reminders found.
No incomplete Brain Dump reminders found.
No incomplete Brain Dump reminders found.
No incomplete Brain Dump reminders found.
No incomplete Brain Dump reminders found.
No incomplete Brain Dump reminders found.
No incomplete Brain Dump reminders found.
No incomplete Brain Dump reminders found.
No incomplete Brain Dump reminders found.
No incomplete Brain Dump reminders found.
No incomplete Brain Dump reminders found.
No incomplete Brain Dump reminders found.
No incomplete Brain Dump reminders found.
No incomplete Brain Dump reminders found.
No incomplete Brain Dump reminders found.
No incomplete Brain Dump reminders found.
No incomplete Brain Dump reminders found.
No incomplete Brain Dump reminders found.
No incomplete Brain Dump reminders found.
No incomplete Brain Dump reminders found.
No incomplete Brain Dump reminders found.
No incomplete Brain Dump reminders found.
No incomplete Brain Dump reminders found.
No incomplete Brain Dump reminders found.
No incomplete Brain Dump reminders found.
No incomplete Brain Dump reminders found.
No incomplete Brain Dump reminders found.
No incomplete Brain Dump reminders found.
No incomplete Brain Dump reminders found.
No incomplete Brain Dump reminders found.
No incomplete Brain Dump reminders found.
No incomplete Brain Dump reminders found.
No incomplete Brain Dump reminders found.
No incomplete Brain Dump reminders found.
No incomplete Brain Dump reminders found.
No incomplete Brain Dump reminders found.
No incomplete Brain Dump reminders found.
No incomplete Brain Dump reminders found.
No incomplete Brain Dump reminders found.
No incomplete Brain Dump reminders found.
No incomplete Brain Dump reminders found.
No incomplete Brain Dump reminders found.
No incomplete Brain Dump reminders found.
No incomplete Brain Dump reminders found.
No incomplete Brain Dump reminders found.
No incomplete Brain Dump reminders found.
No incomplete Brain Dump reminders found.
No incomplete Brain Dump reminders found.
No incomplete Brain Dump reminders found.
No incomplete Brain Dump reminders found.
No incomplete Brain Dump reminders found.
No incomplete Brain Dump reminders found.
No incomplete Brain Dump reminders found.
No incomplete Brain Dump reminders found.
No incomplete Brain Dump reminders found.
No incomplete Brain Dump reminders found.
No incomplete Brain Dump reminders found.
No incomplete Brain Dump reminders found.
No incomplete Brain Dump reminders found.
No incomplete Brain Dump reminders found.
No incomplete Brain Dump reminders found.
No incomplete Brain Dump reminders found.
No incomplete Brain Dump reminders found.
No incomplete Brain Dump reminders found.
No incomplete Brain Dump reminders found.
No incomplete Brain Dump reminders found.
No incomplete Brain Dump reminders found.
No incomplete Brain Dump reminders found.
No incomplete Brain Dump reminders found.
No incomplete Brain Dump reminders found.
No incomplete Brain Dump reminders found.
No incomplete Brain Dump reminders found.
No incomplete Brain Dump reminders found.
No incomplete Brain Dump reminders found.
No incomplete Brain Dump reminders found.
No incomplete Brain Dump reminders found.
No incomplete Brain Dump reminders found.
No incomplete Brain Dump reminders found.
No incomplete Brain Dump reminders found.
No incomplete Brain Dump reminders found.
No incomplete Brain Dump reminders found.
No incomplete Brain Dump reminders found.
No incomplete Brain Dump reminders found.
No incomplete Brain Dump reminders found.
No incomplete Brain Dump reminders found.
No incomplete Brain Dump reminders found.
No incomplete Brain Dump reminders found.
No incomplete Brain Dump reminders found.
No incomplete Brain Dump reminders found.
No incomplete Brain Dump reminders found.
No incomplete Brain Dump reminders found.
No incomplete Brain Dump reminders found.
No incomplete Brain Dump reminders found.
No incomplete Brain Dump reminders found.
No incomplete Brain Dump reminders found.
No incomplete Brain Dump reminders found.
No incomplete Brain Dump reminders found.
No incomplete Brain Dump reminders found.
No incomplete Brain Dump reminders found.
No incomplete Brain Dump reminders found.
No incomplete Brain Dump reminders found.
No incomplete Brain Dump reminders found.
No incomplete Brain Dump reminders found.
No incomplete Brain Dump reminders found.
No incomplete Brain Dump reminders found.
No incomplete Brain Dump reminders found.
No incomplete Brain Dump reminders found.
No incomplete Brain Dump reminders found.
No incomplete Brain Dump reminders found.
No incomplete Brain Dump reminders found.
Found 1 reminder(s) in Apple Reminders.
Using direct synced Brain Dump block: 34c1faccc5ab80ccb68afe0229f8749b
Importing: Wash hand dishes today just do it
Imported: Wash hand dishes today just do it

Imported 1 reminder(s) into Notion Brain Dump.
No incomplete Brain Dump reminders found.
No incomplete Brain Dump reminders found.
No incomplete Brain Dump reminders found.
No incomplete Brain Dump reminders found.
No incomplete Brain Dump reminders found.
No incomplete Brain Dump reminders found.
No incomplete Brain Dump reminders found.
No incomplete Brain Dump reminders found.
No incomplete Brain Dump reminders found.
No incomplete Brain Dump reminders found.
No incomplete Brain Dump reminders found.
No incomplete Brain Dump reminders found.
No incomplete Brain Dump reminders found.
No incomplete Brain Dump reminders found.
No incomplete Brain Dump reminders found.
No incomplete Brain Dump reminders found.
No incomplete Brain Dump reminders found.
No incomplete Brain Dump reminders found.
No incomplete Brain Dump reminders found.
No incomplete Brain Dump reminders found.
No incomplete Brain Dump reminders found.
No incomplete Brain Dump reminders found.
No incomplete Brain Dump reminders found.
No incomplete Brain Dump reminders found.
No incomplete Brain Dump reminders found.
No incomplete Brain Dump reminders found.
No incomplete Brain Dump reminders found.
No incomplete Brain Dump reminders found.
No incomplete Brain Dump reminders found.
No incomplete Brain Dump reminders found.
No incomplete Brain Dump reminders found.
No incomplete Brain Dump reminders found.
No incomplete Brain Dump reminders found.
No incomplete Brain Dump reminders found.
No incomplete Brain Dump reminders found.
No incomplete Brain Dump reminders found.
No incomplete Brain Dump reminders found.
No incomplete Brain Dump reminders found.
No incomplete Brain Dump reminders found.
No incomplete Brain Dump reminders found.
No incomplete Brain Dump reminders found.
No incomplete Brain Dump reminders found.
No incomplete Brain Dump reminders found.
No incomplete Brain Dump reminders found.
No incomplete Brain Dump reminders found.
No incomplete Brain Dump reminders found.
No incomplete Brain Dump reminders found.
No incomplete Brain Dump reminders found.
No incomplete Brain Dump reminders found.
No incomplete Brain Dump reminders found.
No incomplete Brain Dump reminders found.
No incomplete Brain Dump reminders found.
No incomplete Brain Dump reminders found.
No incomplete Brain Dump reminders found.
No incomplete Brain Dump reminders found.
No incomplete Brain Dump reminders found.
No incomplete Brain Dump reminders found.
No incomplete Brain Dump reminders found.
No incomplete Brain Dump reminders found.
No incomplete Brain Dump reminders found.
No incomplete Brain Dump reminders found.
No incomplete Brain Dump reminders found.
No incomplete Brain Dump reminders found.
No incomplete Brain Dump reminders found.
No incomplete Brain Dump reminders found.
No incomplete Brain Dump reminders found.
No incomplete Brain Dump reminders found.
No incomplete Brain Dump reminders found.
No incomplete Brain Dump reminders found.
No incomplete Brain Dump reminders found.
No incomplete Brain Dump reminders found.
No incomplete Brain Dump reminders found.
No incomplete Brain Dump reminders found.
No incomplete Brain Dump reminders found.
No incomplete Brain Dump reminders found.
No incomplete Brain Dump reminders found.
No incomplete Brain Dump reminders found.
No incomplete Brain Dump reminders found.
No incomplete Brain Dump reminders found.
No incomplete Brain Dump reminders found.
No incomplete Brain Dump reminders found.
No incomplete Brain Dump reminders found.
No incomplete Brain Dump reminders found.
No incomplete Brain Dump reminders found.
No incomplete Brain Dump reminders found.
No incomplete Brain Dump reminders found.
No incomplete Brain Dump reminders found.
No incomplete Brain Dump reminders found.
No incomplete Brain Dump reminders found.
No incomplete Brain Dump reminders found.
No incomplete Brain Dump reminders found.
No incomplete Brain Dump reminders found.
No incomplete Brain Dump reminders found.
No incomplete Brain Dump reminders found.
No incomplete Brain Dump reminders found.
No incomplete Brain Dump reminders found.
No incomplete Brain Dump reminders found.
No incomplete Brain Dump reminders found.
No incomplete Brain Dump reminders found.
No incomplete Brain Dump reminders found.
No incomplete Brain Dump reminders found.
No incomplete Brain Dump reminders found.
No incomplete Brain Dump reminders found.
No incomplete Brain Dump reminders found.
No incomplete Brain Dump reminders found.
No incomplete Brain Dump reminders found.
No incomplete Brain Dump reminders found.
No incomplete Brain Dump reminders found.
No incomplete Brain Dump reminders found.
No incomplete Brain Dump reminders found.
No incomplete Brain Dump reminders found.
No incomplete Brain Dump reminders found.
No incomplete Brain Dump reminders found.
No incomplete Brain Dump reminders found.
No incomplete Brain Dump reminders found.
No incomplete Brain Dump reminders found.
No incomplete Brain Dump reminders found.
No incomplete Brain Dump reminders found.
No incomplete Brain Dump reminders found.
No incomplete Brain Dump reminders found.
No incomplete Brain Dump reminders found.
No incomplete Brain Dump reminders found.
No incomplete Brain Dump reminders found.
No incomplete Brain Dump reminders found.
No incomplete Brain Dump reminders found.
No incomplete Brain Dump reminders found.
No incomplete Brain Dump reminders found.
No incomplete Brain Dump reminders found.
No incomplete Brain Dump reminders found.
No incomplete Brain Dump reminders found.
No incomplete Brain Dump reminders found.
No incomplete Brain Dump reminders found.
No incomplete Brain Dump reminders found.
No incomplete Brain Dump reminders found.
No incomplete Brain Dump reminders found.
No incomplete Brain Dump reminders found.
No incomplete Brain Dump reminders found.
No incomplete Brain Dump reminders found.
No incomplete Brain Dump reminders found.
No incomplete Brain Dump reminders found.
No incomplete Brain Dump reminders found.
No incomplete Brain Dump reminders found.
No incomplete Brain Dump reminders found.
No incomplete Brain Dump reminders found.
No incomplete Brain Dump reminders found.
No incomplete Brain Dump reminders found.
/bin/bash: ./venv/bin/python: Permission denied
No incomplete Brain Dump reminders found.
No incomplete Brain Dump reminders found.
No incomplete Brain Dump reminders found.
No incomplete Brain Dump reminders found.
No incomplete Brain Dump reminders found.
No incomplete Brain Dump reminders found.
No incomplete Brain Dump reminders found.
No incomplete Brain Dump reminders found.
No incomplete Brain Dump reminders found.
No incomplete Brain Dump reminders found.
No incomplete Brain Dump reminders found.
No incomplete Brain Dump reminders found.
No incomplete Brain Dump reminders found.
No incomplete Brain Dump reminders found.
No incomplete Brain Dump reminders found.
No incomplete Brain Dump reminders found.
No incomplete Brain Dump reminders found.
No incomplete Brain Dump reminders found.
No incomplete Brain Dump reminders found.
No incomplete Brain Dump reminders found.
No incomplete Brain Dump reminders found.
No incomplete Brain Dump reminders found.
No incomplete Brain Dump reminders found.
No incomplete Brain Dump reminders found.
No incomplete Brain Dump reminders found.
No incomplete Brain Dump reminders found.
No incomplete Brain Dump reminders found.
No incomplete Brain Dump reminders found.
No incomplete Brain Dump reminders found.
No incomplete Brain Dump reminders found.
No incomplete Brain Dump reminders found.
No incomplete Brain Dump reminders found.
No incomplete Brain Dump reminders found.
No incomplete Brain Dump reminders found.
No incomplete Brain Dump reminders found.
No incomplete Brain Dump reminders found.
No incomplete Brain Dump reminders found.
No incomplete Brain Dump reminders found.
No incomplete Brain Dump reminders found.
No incomplete Brain Dump reminders found.
No incomplete Brain Dump reminders found.
No incomplete Brain Dump reminders found.
No incomplete Brain Dump reminders found.
No incomplete Brain Dump reminders found.
No incomplete Brain Dump reminders found.
No incomplete Brain Dump reminders found.
No incomplete Brain Dump reminders found.
No incomplete Brain Dump reminders found.
No incomplete Brain Dump reminders found.
No incomplete Brain Dump reminders found.
No incomplete Brain Dump reminders found.
No incomplete Brain Dump reminders found.
No incomplete Brain Dump reminders found.
No incomplete Brain Dump reminders found.
No incomplete Brain Dump reminders found.
No incomplete Brain Dump reminders found.
No incomplete Brain Dump reminders found.
No incomplete Brain Dump reminders found.
No incomplete Brain Dump reminders found.
No incomplete Brain Dump reminders found.
No incomplete Brain Dump reminders found.
No incomplete Brain Dump reminders found.
No incomplete Brain Dump reminders found.
No incomplete Brain Dump reminders found.
No incomplete Brain Dump reminders found.
No incomplete Brain Dump reminders found.
No incomplete Brain Dump reminders found.
No incomplete Brain Dump reminders found.
No incomplete Brain Dump reminders found.
No incomplete Brain Dump reminders found.
No incomplete Brain Dump reminders found.
No incomplete Brain Dump reminders found.
No incomplete Brain Dump reminders found.
No incomplete Brain Dump reminders found.
No incomplete Brain Dump reminders found.
No incomplete Brain Dump reminders found.
No incomplete Brain Dump reminders found.
No incomplete Brain Dump reminders found.
No incomplete Brain Dump reminders found.
No incomplete Brain Dump reminders found.
No incomplete Brain Dump reminders found.
No incomplete Brain Dump reminders found.
No incomplete Brain Dump reminders found.
No incomplete Brain Dump reminders found.
No incomplete Brain Dump reminders found.
No incomplete Brain Dump reminders found.
No incomplete Brain Dump reminders found.
No incomplete Brain Dump reminders found.
No incomplete Brain Dump reminders found.
No incomplete Brain Dump reminders found.
No incomplete Brain Dump reminders found.
No incomplete Brain Dump reminders found.
No incomplete Brain Dump reminders found.
No incomplete Brain Dump reminders found.
No incomplete Brain Dump reminders found.
No incomplete Brain Dump reminders found.
No incomplete Brain Dump reminders found.
No incomplete Brain Dump reminders found.
No incomplete Brain Dump reminders found.
No incomplete Brain Dump reminders found.
No incomplete Brain Dump reminders found.
No incomplete Brain Dump reminders found.
No incomplete Brain Dump reminders found.
No incomplete Brain Dump reminders found.
No incomplete Brain Dump reminders found.
No incomplete Brain Dump reminders found.
No incomplete Brain Dump reminders found.
No incomplete Brain Dump reminders found.
No incomplete Brain Dump reminders found.
No incomplete Brain Dump reminders found.
No incomplete Brain Dump reminders found.
No incomplete Brain Dump reminders found.
No incomplete Brain Dump reminders found.
No incomplete Brain Dump reminders found.
No incomplete Brain Dump reminders found.
No incomplete Brain Dump reminders found.
No incomplete Brain Dump reminders found.
No incomplete Brain Dump reminders found.
No incomplete Brain Dump reminders found.
No incomplete Brain Dump reminders found.
No incomplete Brain Dump reminders found.
No incomplete Brain Dump reminders found.
No incomplete Brain Dump reminders found.
No incomplete Brain Dump reminders found.
No incomplete Brain Dump reminders found.
No incomplete Brain Dump reminders found.
No incomplete Brain Dump reminders found.
No incomplete Brain Dump reminders found.
No incomplete Brain Dump reminders found.
No incomplete Brain Dump reminders found.
No incomplete Brain Dump reminders found.
No incomplete Brain Dump reminders found.
No incomplete Brain Dump reminders found.
No incomplete Brain Dump reminders found.
No incomplete Brain Dump reminders found.
No incomplete Brain Dump reminders found.
No incomplete Brain Dump reminders found.
No incomplete Brain Dump reminders found.
No incomplete Brain Dump reminders found.
No incomplete Brain Dump reminders found.
No incomplete Brain Dump reminders found.
No incomplete Brain Dump reminders found.
No incomplete Brain Dump reminders found.
No incomplete Brain Dump reminders found.
No incomplete Brain Dump reminders found.
No incomplete Brain Dump reminders found.
No incomplete Brain Dump reminders found.
No incomplete Brain Dump reminders found.
No incomplete Brain Dump reminders found.
No incomplete Brain Dump reminders found.
No incomplete Brain Dump reminders found.
No incomplete Brain Dump reminders found.
No incomplete Brain Dump reminders found.
No incomplete Brain Dump reminders found.
No incomplete Brain Dump reminders found.
No incomplete Brain Dump reminders found.
No incomplete Brain Dump reminders found.
No incomplete Brain Dump reminders found.
No incomplete Brain Dump reminders found.
No incomplete Brain Dump reminders found.
No incomplete Brain Dump reminders found.
No incomplete Brain Dump reminders found.
No incomplete Brain Dump reminders found.
No incomplete Brain Dump reminders found.
No incomplete Brain Dump reminders found.
No incomplete Brain Dump reminders found.
No incomplete Brain Dump reminders found.
No incomplete Brain Dump reminders found.
No incomplete Brain Dump reminders found.
No incomplete Brain Dump reminders found.
No incomplete Brain Dump reminders found.
No incomplete Brain Dump reminders found.
No incomplete Brain Dump reminders found.
No incomplete Brain Dump reminders found.
No incomplete Brain Dump reminders found.
No incomplete Brain Dump reminders found.
No incomplete Brain Dump reminders found.
No incomplete Brain Dump reminders found.
No incomplete Brain Dump reminders found.
No incomplete Brain Dump reminders found.
No incomplete Brain Dump reminders found.
No incomplete Brain Dump reminders found.
No incomplete Brain Dump reminders found.
No incomplete Brain Dump reminders found.
No incomplete Brain Dump reminders found.
No incomplete Brain Dump reminders found.
No incomplete Brain Dump reminders found.
No incomplete Brain Dump reminders found.
No incomplete Brain Dump reminders found.
No incomplete Brain Dump reminders found.
No incomplete Brain Dump reminders found.
No incomplete Brain Dump reminders found.
No incomplete Brain Dump reminders found.
No incomplete Brain Dump reminders found.
No incomplete Brain Dump reminders found.
No incomplete Brain Dump reminders found.
No incomplete Brain Dump reminders found.
No incomplete Brain Dump reminders found.
No incomplete Brain Dump reminders found.
No incomplete Brain Dump reminders found.
No incomplete Brain Dump reminders found.
No incomplete Brain Dump reminders found.
No incomplete Brain Dump reminders found.
No incomplete Brain Dump reminders found.
No incomplete Brain Dump reminders found.
No incomplete Brain Dump reminders found.
No incomplete Brain Dump reminders found.
No incomplete Brain Dump reminders found.
No incomplete Brain Dump reminders found.
No incomplete Brain Dump reminders found.
No incomplete Brain Dump reminders found.
No incomplete Brain Dump reminders found.
No incomplete Brain Dump reminders found.
No incomplete Brain Dump reminders found.
No incomplete Brain Dump reminders found.
No incomplete Brain Dump reminders found.
No incomplete Brain Dump reminders found.
No incomplete Brain Dump reminders found.
No incomplete Brain Dump reminders found.
No incomplete Brain Dump reminders found.
No incomplete Brain Dump reminders found.
No incomplete Brain Dump reminders found.
No incomplete Brain Dump reminders found.
No incomplete Brain Dump reminders found.
No incomplete Brain Dump reminders found.
No incomplete Brain Dump reminders found.
No incomplete Brain Dump reminders found.
No incomplete Brain Dump reminders found.
No incomplete Brain Dump reminders found.
No incomplete Brain Dump reminders found.
No incomplete Brain Dump reminders found.
No incomplete Brain Dump reminders found.
No incomplete Brain Dump reminders found.
No incomplete Brain Dump reminders found.
No incomplete Brain Dump reminders found.
No incomplete Brain Dump reminders found.
No incomplete Brain Dump reminders found.
No incomplete Brain Dump reminders found.
No incomplete Brain Dump reminders found.
No incomplete Brain Dump reminders found.
No incomplete Brain Dump reminders found.
No incomplete Brain Dump reminders found.
No incomplete Brain Dump reminders found.
No incomplete Brain Dump reminders found.
No incomplete Brain Dump reminders found.
No incomplete Brain Dump reminders found.
No incomplete Brain Dump reminders found.
No incomplete Brain Dump reminders found.
No incomplete Brain Dump reminders found.
No incomplete Brain Dump reminders found.
No incomplete Brain Dump reminders found.
No incomplete Brain Dump reminders found.
No incomplete Brain Dump reminders found.
No incomplete Brain Dump reminders found.
No incomplete Brain Dump reminders found.
No incomplete Brain Dump reminders found.
No incomplete Brain Dump reminders found.
No incomplete Brain Dump reminders found.
No incomplete Brain Dump reminders found.
No incomplete Brain Dump reminders found.
No incomplete Brain Dump reminders found.
No incomplete Brain Dump reminders found.
No incomplete Brain Dump reminders found.
No incomplete Brain Dump reminders found.
No incomplete Brain Dump reminders found.
No incomplete Brain Dump reminders found.
No incomplete Brain Dump reminders found.
No incomplete Brain Dump reminders found.
No incomplete Brain Dump reminders found.
No incomplete Brain Dump reminders found.
No incomplete Brain Dump reminders found.
No incomplete Brain Dump reminders found.
No incomplete Brain Dump reminders found.
No incomplete Brain Dump reminders found.
No incomplete Brain Dump reminders found.
No incomplete Brain Dump reminders found.
No incomplete Brain Dump reminders found.
No incomplete Brain Dump reminders found.
No incomplete Brain Dump reminders found.
No incomplete Brain Dump reminders found.
No incomplete Brain Dump reminders found.
No incomplete Brain Dump reminders found.
No incomplete Brain Dump reminders found.
No incomplete Brain Dump reminders found.
No incomplete Brain Dump reminders found.
No incomplete Brain Dump reminders found.
No incomplete Brain Dump reminders found.
No incomplete Brain Dump reminders found.
No incomplete Brain Dump reminders found.
No incomplete Brain Dump reminders found.
No incomplete Brain Dump reminders found.
No incomplete Brain Dump reminders found.
No incomplete Brain Dump reminders found.
No incomplete Brain Dump reminders found.
No incomplete Brain Dump reminders found.
No incomplete Brain Dump reminders found.
No incomplete Brain Dump reminders found.
No incomplete Brain Dump reminders found.
No incomplete Brain Dump reminders found.
No incomplete Brain Dump reminders found.
No incomplete Brain Dump reminders found.
No incomplete Brain Dump reminders found.
No incomplete Brain Dump reminders found.
No incomplete Brain Dump reminders found.
No incomplete Brain Dump reminders found.
No incomplete Brain Dump reminders found.
No incomplete Brain Dump reminders found.
No incomplete Brain Dump reminders found.
No incomplete Brain Dump reminders found.
No incomplete Brain Dump reminders found.
No incomplete Brain Dump reminders found.
No incomplete Brain Dump reminders found.
No incomplete Brain Dump reminders found.
No incomplete Brain Dump reminders found.
No incomplete Brain Dump reminders found.
