run_timestamp_utc,run_label,ranked_count,bna_winner_count,low_signal_bna_count,bna_explicit_marker_count,bna_ai_inferred_count,bna_manual_or_unknown_count,bna_repeated_from_previous_count,bna_max_consecutive_runs,bna_stuck_3plus_count,score_bands_json,scoring_sources_json,signal_distribution_json,bna_signal_distribution_json,bna_provenance_mix_json,bna_titles_json,authority_impact,mutations,mode
2026-05-29T11:05:32+00:00,execution_engine_v2,129,5,0,,,,,,,"{""high_11_25"": 4, ""low_1_3"": 82, ""medium_4_10"": 40, ""very_high_26_plus"": 3}","{""baseline_fallback"": 34, ""evaluator"": 95}","{""baseline_executable"": 34, ""high_priority"": 3, ""high_urgency"": 4, ""large_effort"": 1, ""medium_effort"": 22, ""medium_urgency"": 1, ""operational_context"": 22, ""planning_work"": 5, ""preparation_work"": 2, ""quick_win"": 44, ""strategic_context"": 19}","{""high_priority"": 3, ""high_urgency"": 4, ""medium_effort"": 1, ""medium_urgency"": 1, ""quick_win"": 1, ""strategic_context"": 1}",,"[""Send comments on wills to the lawyer"", ""Find cohabitation agreement"", ""Order a new band for my Apple Watch"", ""Submit University of Windsor pension forms"", ""Review recurring charges on Mastercard""]",none,0,read_only_analytics_ledger
2026-05-29T11:14:14+00:00,execution_engine_v2,128,5,0,2,0,3,,,,"{""high_11_25"": 4, ""low_1_3"": 82, ""medium_4_10"": 40, ""very_high_26_plus"": 2}","{""baseline_fallback"": 34, ""evaluator"": 94}","{""baseline_executable"": 34, ""high_priority"": 2, ""high_urgency"": 3, ""large_effort"": 1, ""medium_effort"": 22, ""medium_urgency"": 1, ""operational_context"": 22, ""planning_work"": 5, ""preparation_work"": 2, ""quick_win"": 44, ""strategic_context"": 19}","{""high_priority"": 2, ""high_urgency"": 3, ""medium_effort"": 1, ""medium_urgency"": 1, ""operational_context"": 1, ""planning_work"": 1, ""quick_win"": 1, ""strategic_context"": 2}","{""explicit_marker"": 2, ""manual_or_unknown"": 3}","[""Send comments on wills to the lawyer"", ""Find cohabitation agreement"", ""Submit University of Windsor pension forms"", ""Review recurring charges on Mastercard"", ""Plan another test bake of focaccia for Almanac recipe development""]",none,0,read_only_analytics_ledger
2026-05-29T11:15:20+00:00,execution_engine_v2,128,5,0,2,0,3,,,,"{""high_11_25"": 4, ""low_1_3"": 82, ""medium_4_10"": 40, ""very_high_26_plus"": 2}","{""baseline_fallback"": 34, ""evaluator"": 94}","{""baseline_executable"": 34, ""high_priority"": 2, ""high_urgency"": 3, ""large_effort"": 1, ""medium_effort"": 22, ""medium_urgency"": 1, ""operational_context"": 22, ""planning_work"": 5, ""preparation_work"": 2, ""quick_win"": 44, ""strategic_context"": 19}","{""high_priority"": 2, ""high_urgency"": 3, ""medium_effort"": 1, ""medium_urgency"": 1, ""operational_context"": 1, ""planning_work"": 1, ""quick_win"": 1, ""strategic_context"": 2}","{""explicit_marker"": 2, ""manual_or_unknown"": 3}","[""Send comments on wills to the lawyer"", ""Find cohabitation agreement"", ""Submit University of Windsor pension forms"", ""Review recurring charges on Mastercard"", ""Plan another test bake of focaccia for Almanac recipe development""]",none,0,read_only_analytics_ledger
2026-05-29T11:25:41+00:00,execution_engine_v2,128,5,0,2,0,3,5,2,0,"{""high_11_25"": 4, ""low_1_3"": 82, ""medium_4_10"": 40, ""very_high_26_plus"": 2}","{""baseline_fallback"": 34, ""evaluator"": 94}","{""baseline_executable"": 34, ""high_priority"": 2, ""high_urgency"": 3, ""large_effort"": 1, ""medium_effort"": 22, ""medium_urgency"": 1, ""operational_context"": 22, ""planning_work"": 5, ""preparation_work"": 2, ""quick_win"": 44, ""strategic_context"": 19}","{""high_priority"": 2, ""high_urgency"": 3, ""medium_effort"": 1, ""medium_urgency"": 1, ""operational_context"": 1, ""planning_work"": 1, ""quick_win"": 1, ""strategic_context"": 2}","{""explicit_marker"": 2, ""manual_or_unknown"": 3}","[""Send comments on wills to the lawyer"", ""Find cohabitation agreement"", ""Submit University of Windsor pension forms"", ""Review recurring charges on Mastercard"", ""Plan another test bake of focaccia for Almanac recipe development""]",none,0,read_only_analytics_ledger
2026-05-29T11:30:20+00:00,execution_engine_v2,128,5,0,2,0,3,5,3,5,"{""high_11_25"": 4, ""low_1_3"": 82, ""medium_4_10"": 40, ""very_high_26_plus"": 2}","{""baseline_fallback"": 34, ""evaluator"": 94}","{""baseline_executable"": 34, ""high_priority"": 2, ""high_urgency"": 3, ""large_effort"": 1, ""medium_effort"": 22, ""medium_urgency"": 1, ""operational_context"": 22, ""planning_work"": 5, ""preparation_work"": 2, ""quick_win"": 44, ""strategic_context"": 19}","{""high_priority"": 2, ""high_urgency"": 3, ""medium_effort"": 1, ""medium_urgency"": 1, ""operational_context"": 1, ""planning_work"": 1, ""quick_win"": 1, ""strategic_context"": 2}","{""explicit_marker"": 2, ""manual_or_unknown"": 3}","[""Send comments on wills to the lawyer"", ""Find cohabitation agreement"", ""Submit University of Windsor pension forms"", ""Review recurring charges on Mastercard"", ""Plan another test bake of focaccia for Almanac recipe development""]",none,0,read_only_analytics_ledger
2026-05-29T11:45:24+00:00,execution_engine_v2,128,5,0,2,0,3,5,4,5,"{""high_11_25"": 4, ""low_1_3"": 82, ""medium_4_10"": 40, ""very_high_26_plus"": 2}","{""baseline_fallback"": 34, ""evaluator"": 94}","{""baseline_executable"": 34, ""high_priority"": 2, ""high_urgency"": 3, ""large_effort"": 1, ""medium_effort"": 22, ""medium_urgency"": 1, ""operational_context"": 22, ""planning_work"": 5, ""preparation_work"": 2, ""quick_win"": 44, ""strategic_context"": 19}","{""high_priority"": 2, ""high_urgency"": 3, ""medium_effort"": 1, ""medium_urgency"": 1, ""operational_context"": 1, ""planning_work"": 1, ""quick_win"": 1, ""strategic_context"": 2}","{""explicit_marker"": 2, ""manual_or_unknown"": 3}","[""Send comments on wills to the lawyer"", ""Find cohabitation agreement"", ""Submit University of Windsor pension forms"", ""Review recurring charges on Mastercard"", ""Plan another test bake of focaccia for Almanac recipe development""]",none,0,read_only_analytics_ledger
2026-05-29T12:00:27+00:00,execution_engine_v2,128,5,0,2,0,3,5,5,5,"{""high_11_25"": 4, ""low_1_3"": 82, ""medium_4_10"": 40, ""very_high_26_plus"": 2}","{""baseline_fallback"": 34, ""evaluator"": 94}","{""baseline_executable"": 34, ""high_priority"": 2, ""high_urgency"": 3, ""large_effort"": 1, ""medium_effort"": 22, ""medium_urgency"": 1, ""operational_context"": 22, ""planning_work"": 5, ""preparation_work"": 2, ""quick_win"": 44, ""strategic_context"": 19}","{""high_priority"": 2, ""high_urgency"": 3, ""medium_effort"": 1, ""medium_urgency"": 1, ""operational_context"": 1, ""planning_work"": 1, ""quick_win"": 1, ""strategic_context"": 2}","{""explicit_marker"": 2, ""manual_or_unknown"": 3}","[""Send comments on wills to the lawyer"", ""Find cohabitation agreement"", ""Submit University of Windsor pension forms"", ""Review recurring charges on Mastercard"", ""Plan another test bake of focaccia for Almanac recipe development""]",none,0,read_only_analytics_ledger
2026-05-29T12:15:20+00:00,execution_engine_v2,128,5,0,2,0,3,5,6,5,"{""high_11_25"": 4, ""low_1_3"": 82, ""medium_4_10"": 40, ""very_high_26_plus"": 2}","{""baseline_fallback"": 34, ""evaluator"": 94}","{""baseline_executable"": 34, ""high_priority"": 2, ""high_urgency"": 3, ""large_effort"": 1, ""medium_effort"": 22, ""medium_urgency"": 1, ""operational_context"": 22, ""planning_work"": 5, ""preparation_work"": 2, ""quick_win"": 44, ""strategic_context"": 19}","{""high_priority"": 2, ""high_urgency"": 3, ""medium_effort"": 1, ""medium_urgency"": 1, ""operational_context"": 1, ""planning_work"": 1, ""quick_win"": 1, ""strategic_context"": 2}","{""explicit_marker"": 2, ""manual_or_unknown"": 3}","[""Send comments on wills to the lawyer"", ""Find cohabitation agreement"", ""Submit University of Windsor pension forms"", ""Review recurring charges on Mastercard"", ""Plan another test bake of focaccia for Almanac recipe development""]",none,0,read_only_analytics_ledger
2026-05-29T12:30:24+00:00,execution_engine_v2,128,5,0,2,0,3,5,7,5,"{""high_11_25"": 4, ""low_1_3"": 82, ""medium_4_10"": 40, ""very_high_26_plus"": 2}","{""baseline_fallback"": 34, ""evaluator"": 94}","{""baseline_executable"": 34, ""high_priority"": 2, ""high_urgency"": 3, ""large_effort"": 1, ""medium_effort"": 22, ""medium_urgency"": 1, ""operational_context"": 22, ""planning_work"": 5, ""preparation_work"": 2, ""quick_win"": 44, ""strategic_context"": 19}","{""high_priority"": 2, ""high_urgency"": 3, ""medium_effort"": 1, ""medium_urgency"": 1, ""operational_context"": 1, ""planning_work"": 1, ""quick_win"": 1, ""strategic_context"": 2}","{""explicit_marker"": 2, ""manual_or_unknown"": 3}","[""Send comments on wills to the lawyer"", ""Find cohabitation agreement"", ""Submit University of Windsor pension forms"", ""Review recurring charges on Mastercard"", ""Plan another test bake of focaccia for Almanac recipe development""]",none,0,read_only_analytics_ledger
2026-05-29T12:47:08+00:00,execution_engine_v2,129,5,0,2,0,3,5,8,5,"{""high_11_25"": 4, ""low_1_3"": 83, ""medium_4_10"": 40, ""very_high_26_plus"": 2}","{""baseline_fallback"": 35, ""evaluator"": 94}","{""baseline_executable"": 35, ""high_priority"": 2, ""high_urgency"": 3, ""large_effort"": 1, ""medium_effort"": 22, ""medium_urgency"": 1, ""operational_context"": 22, ""planning_work"": 5, ""preparation_work"": 2, ""quick_win"": 44, ""strategic_context"": 19}","{""high_priority"": 2, ""high_urgency"": 3, ""medium_effort"": 1, ""medium_urgency"": 1, ""operational_context"": 1, ""planning_work"": 1, ""quick_win"": 1, ""strategic_context"": 2}","{""explicit_marker"": 2, ""manual_or_unknown"": 3}","[""Send comments on wills to the lawyer"", ""Find cohabitation agreement"", ""Submit University of Windsor pension forms"", ""Review recurring charges on Mastercard"", ""Plan another test bake of focaccia for Almanac recipe development""]",none,0,read_only_analytics_ledger
2026-05-29T13:01:04+00:00,execution_engine_v2,130,5,0,2,0,3,5,9,5,"{""high_11_25"": 4, ""low_1_3"": 83, ""medium_4_10"": 41, ""very_high_26_plus"": 2}","{""baseline_fallback"": 35, ""evaluator"": 95}","{""baseline_executable"": 35, ""high_priority"": 2, ""high_urgency"": 3, ""large_effort"": 1, ""medium_effort"": 22, ""medium_urgency"": 1, ""operational_context"": 23, ""planning_work"": 5, ""preparation_work"": 2, ""quick_win"": 45, ""strategic_context"": 19}","{""high_priority"": 2, ""high_urgency"": 3, ""medium_effort"": 1, ""medium_urgency"": 1, ""operational_context"": 1, ""planning_work"": 1, ""quick_win"": 1, ""strategic_context"": 2}","{""explicit_marker"": 2, ""manual_or_unknown"": 3}","[""Send comments on wills to the lawyer"", ""Find cohabitation agreement"", ""Submit University of Windsor pension forms"", ""Review recurring charges on Mastercard"", ""Plan another test bake of focaccia for Almanac recipe development""]",none,0,read_only_analytics_ledger
2026-05-29T13:16:44+00:00,execution_engine_v2,130,5,0,2,0,3,5,10,5,"{""high_11_25"": 4, ""low_1_3"": 83, ""medium_4_10"": 41, ""very_high_26_plus"": 2}","{""baseline_fallback"": 35, ""evaluator"": 95}","{""baseline_executable"": 35, ""high_priority"": 2, ""high_urgency"": 3, ""large_effort"": 1, ""medium_effort"": 22, ""medium_urgency"": 1, ""operational_context"": 23, ""planning_work"": 5, ""preparation_work"": 2, ""quick_win"": 45, ""strategic_context"": 19}","{""high_priority"": 2, ""high_urgency"": 3, ""medium_effort"": 1, ""medium_urgency"": 1, ""operational_context"": 1, ""planning_work"": 1, ""quick_win"": 1, ""strategic_context"": 2}","{""explicit_marker"": 2, ""manual_or_unknown"": 3}","[""Send comments on wills to the lawyer"", ""Find cohabitation agreement"", ""Submit University of Windsor pension forms"", ""Review recurring charges on Mastercard"", ""Plan another test bake of focaccia for Almanac recipe development""]",none,0,read_only_analytics_ledger
2026-05-29T13:30:18+00:00,execution_engine_v2,128,5,0,2,0,3,4,11,4,"{""high_11_25"": 4, ""low_1_3"": 83, ""medium_4_10"": 40, ""very_high_26_plus"": 1}","{""baseline_fallback"": 35, ""evaluator"": 93}","{""baseline_executable"": 35, ""high_priority"": 1, ""high_urgency"": 2, ""large_effort"": 1, ""medium_effort"": 22, ""medium_urgency"": 1, ""operational_context"": 22, ""planning_work"": 5, ""preparation_work"": 2, ""quick_win"": 43, ""strategic_context"": 19}","{""high_priority"": 1, ""high_urgency"": 2, ""medium_effort"": 2, ""medium_urgency"": 1, ""operational_context"": 1, ""planning_work"": 2, ""strategic_context"": 3}","{""explicit_marker"": 2, ""manual_or_unknown"": 3}","[""Find cohabitation agreement"", ""Submit University of Windsor pension forms"", ""Review recurring charges on Mastercard"", ""Plan another test bake of focaccia for Almanac recipe development"", ""Plan trip to Vancouver Island""]",none,0,read_only_analytics_ledger
2026-05-29T13:46:04+00:00,execution_engine_v2,129,5,0,2,0,3,5,12,5,"{""high_11_25"": 4, ""low_1_3"": 83, ""medium_4_10"": 41, ""very_high_26_plus"": 1}","{""baseline_fallback"": 35, ""evaluator"": 94}","{""baseline_executable"": 35, ""high_priority"": 1, ""high_urgency"": 2, ""large_effort"": 1, ""medium_effort"": 22, ""medium_urgency"": 1, ""operational_context"": 23, ""planning_work"": 5, ""preparation_work"": 2, ""quick_win"": 44, ""strategic_context"": 19}","{""high_priority"": 1, ""high_urgency"": 2, ""medium_effort"": 2, ""medium_urgency"": 1, ""operational_context"": 1, ""planning_work"": 2, ""strategic_context"": 3}","{""explicit_marker"": 2, ""manual_or_unknown"": 3}","[""Find cohabitation agreement"", ""Submit University of Windsor pension forms"", ""Review recurring charges on Mastercard"", ""Plan another test bake of focaccia for Almanac recipe development"", ""Plan trip to Vancouver Island""]",none,0,read_only_analytics_ledger
2026-05-29T14:01:03+00:00,execution_engine_v2,129,5,0,2,0,3,5,13,5,"{""high_11_25"": 5, ""low_1_3"": 82, ""medium_4_10"": 42}","{""baseline_fallback"": 35, ""evaluator"": 94}","{""baseline_executable"": 35, ""high_priority"": 1, ""high_urgency"": 1, ""large_effort"": 1, ""medium_effort"": 21, ""medium_urgency"": 1, ""operational_context"": 24, ""planning_work"": 5, ""preparation_work"": 2, ""quick_win"": 45, ""strategic_context"": 19}","{""high_priority"": 1, ""high_urgency"": 1, ""medium_effort"": 2, ""medium_urgency"": 1, ""operational_context"": 1, ""planning_work"": 2, ""strategic_context"": 3}","{""explicit_marker"": 2, ""manual_or_unknown"": 3}","[""Find cohabitation agreement"", ""Submit University of Windsor pension forms"", ""Review recurring charges on Mastercard"", ""Plan another test bake of focaccia for Almanac recipe development"", ""Plan trip to Vancouver Island""]",none,0,read_only_analytics_ledger
2026-05-29T14:15:31+00:00,execution_engine_v2,129,5,0,2,0,3,5,14,5,"{""high_11_25"": 5, ""low_1_3"": 82, ""medium_4_10"": 42}","{""baseline_fallback"": 35, ""evaluator"": 94}","{""baseline_executable"": 35, ""high_priority"": 1, ""high_urgency"": 1, ""large_effort"": 1, ""medium_effort"": 21, ""medium_urgency"": 1, ""operational_context"": 24, ""planning_work"": 5, ""preparation_work"": 2, ""quick_win"": 45, ""strategic_context"": 19}","{""high_priority"": 1, ""high_urgency"": 1, ""medium_effort"": 2, ""medium_urgency"": 1, ""operational_context"": 1, ""planning_work"": 2, ""strategic_context"": 3}","{""explicit_marker"": 2, ""manual_or_unknown"": 3}","[""Find cohabitation agreement"", ""Submit University of Windsor pension forms"", ""Review recurring charges on Mastercard"", ""Plan another test bake of focaccia for Almanac recipe development"", ""Plan trip to Vancouver Island""]",none,0,read_only_analytics_ledger
2026-05-29T14:30:20+00:00,execution_engine_v2,128,5,0,2,0,3,5,15,5,"{""high_11_25"": 5, ""low_1_3"": 82, ""medium_4_10"": 41}","{""baseline_fallback"": 35, ""evaluator"": 93}","{""baseline_executable"": 35, ""high_priority"": 1, ""high_urgency"": 1, ""large_effort"": 1, ""medium_effort"": 21, ""medium_urgency"": 1, ""operational_context"": 23, ""planning_work"": 5, ""preparation_work"": 2, ""quick_win"": 44, ""strategic_context"": 19}","{""high_priority"": 1, ""high_urgency"": 1, ""medium_effort"": 2, ""medium_urgency"": 1, ""operational_context"": 1, ""planning_work"": 2, ""strategic_context"": 3}","{""explicit_marker"": 2, ""manual_or_unknown"": 3}","[""Find cohabitation agreement"", ""Submit University of Windsor pension forms"", ""Review recurring charges on Mastercard"", ""Plan another test bake of focaccia for Almanac recipe development"", ""Plan trip to Vancouver Island""]",none,0,read_only_analytics_ledger
2026-05-29T14:45:20+00:00,execution_engine_v2,128,5,0,2,0,3,5,16,5,"{""high_11_25"": 5, ""low_1_3"": 82, ""medium_4_10"": 41}","{""baseline_fallback"": 35, ""evaluator"": 93}","{""baseline_executable"": 35, ""high_priority"": 1, ""high_urgency"": 1, ""large_effort"": 1, ""medium_effort"": 21, ""medium_urgency"": 1, ""operational_context"": 23, ""planning_work"": 5, ""preparation_work"": 2, ""quick_win"": 44, ""strategic_context"": 19}","{""high_priority"": 1, ""high_urgency"": 1, ""medium_effort"": 2, ""medium_urgency"": 1, ""operational_context"": 1, ""planning_work"": 2, ""strategic_context"": 3}","{""explicit_marker"": 2, ""manual_or_unknown"": 3}","[""Find cohabitation agreement"", ""Submit University of Windsor pension forms"", ""Review recurring charges on Mastercard"", ""Plan another test bake of focaccia for Almanac recipe development"", ""Plan trip to Vancouver Island""]",none,0,read_only_analytics_ledger
2026-05-29T15:00:41+00:00,execution_engine_v2,128,5,0,4,0,1,2,17,2,"{""high_11_25"": 8, ""low_1_3"": 62, ""medium_4_10"": 34, ""very_high_26_plus"": 24}","{""baseline_fallback"": 30, ""evaluator"": 98}","{""baseline_executable"": 30, ""high_importance"": 30, ""high_urgency"": 1, ""large_effort"": 1, ""medium_effort"": 21, ""medium_urgency"": 1, ""operational_context"": 23, ""planning_work"": 5, ""preparation_work"": 2, ""quick_win"": 44, ""strategic_context"": 19}","{""high_importance"": 5, ""high_urgency"": 1, ""medium_effort"": 2, ""operational_context"": 3, ""planning_work"": 1, ""quick_win"": 2, ""strategic_context"": 1}","{""explicit_marker"": 4, ""manual_or_unknown"": 1}","[""Submit University of Windsor pension forms"", ""Plan trip to Vancouver Island"", ""Fix timezone issue with Bread Basket app"", ""Send welcome email to bread workshop participants"", ""Send WhatsApp message to Solara Bread Community about timezone issues with the Bread Basket app""]",none,0,read_only_analytics_ledger
2026-05-29T15:01:07+00:00,execution_engine_v2,128,5,0,4,0,1,5,18,5,"{""high_11_25"": 8, ""low_1_3"": 62, ""medium_4_10"": 34, ""very_high_26_plus"": 24}","{""baseline_fallback"": 30, ""evaluator"": 98}","{""baseline_executable"": 30, ""high_importance"": 30, ""high_urgency"": 1, ""large_effort"": 1, ""medium_effort"": 21, ""medium_urgency"": 1, ""operational_context"": 23, ""planning_work"": 5, ""preparation_work"": 2, ""quick_win"": 44, ""strategic_context"": 19}","{""high_importance"": 5, ""high_urgency"": 1, ""medium_effort"": 2, ""operational_context"": 3, ""planning_work"": 1, ""quick_win"": 2, ""strategic_context"": 1}","{""explicit_marker"": 4, ""manual_or_unknown"": 1}","[""Submit University of Windsor pension forms"", ""Plan trip to Vancouver Island"", ""Fix timezone issue with Bread Basket app"", ""Send welcome email to bread workshop participants"", ""Send WhatsApp message to Solara Bread Community about timezone issues with the Bread Basket app""]",none,0,read_only_analytics_ledger
2026-05-29T15:02:30+00:00,execution_engine_v2,128,5,0,4,0,1,5,19,5,"{""high_11_25"": 8, ""low_1_3"": 62, ""medium_4_10"": 34, ""very_high_26_plus"": 24}","{""baseline_fallback"": 30, ""evaluator"": 98}","{""baseline_executable"": 30, ""high_importance"": 30, ""high_urgency"": 1, ""large_effort"": 1, ""medium_effort"": 21, ""medium_urgency"": 1, ""operational_context"": 23, ""planning_work"": 5, ""preparation_work"": 2, ""quick_win"": 44, ""strategic_context"": 19}","{""high_importance"": 5, ""high_urgency"": 1, ""medium_effort"": 2, ""operational_context"": 3, ""planning_work"": 1, ""quick_win"": 2, ""strategic_context"": 1}","{""explicit_marker"": 4, ""manual_or_unknown"": 1}","[""Submit University of Windsor pension forms"", ""Plan trip to Vancouver Island"", ""Fix timezone issue with Bread Basket app"", ""Send welcome email to bread workshop participants"", ""Send WhatsApp message to Solara Bread Community about timezone issues with the Bread Basket app""]",none,0,read_only_analytics_ledger
2026-05-29T15:15:21+00:00,execution_engine_v2,128,5,0,4,0,1,5,20,5,"{""high_11_25"": 8, ""low_1_3"": 62, ""medium_4_10"": 34, ""very_high_26_plus"": 24}","{""baseline_fallback"": 30, ""evaluator"": 98}","{""baseline_executable"": 30, ""high_importance"": 30, ""high_urgency"": 1, ""large_effort"": 1, ""medium_effort"": 21, ""medium_urgency"": 1, ""operational_context"": 23, ""planning_work"": 5, ""preparation_work"": 2, ""quick_win"": 44, ""strategic_context"": 19}","{""high_importance"": 5, ""high_urgency"": 1, ""medium_effort"": 2, ""operational_context"": 3, ""planning_work"": 1, ""quick_win"": 2, ""strategic_context"": 1}","{""explicit_marker"": 4, ""manual_or_unknown"": 1}","[""Submit University of Windsor pension forms"", ""Plan trip to Vancouver Island"", ""Fix timezone issue with Bread Basket app"", ""Send welcome email to bread workshop participants"", ""Send WhatsApp message to Solara Bread Community about timezone issues with the Bread Basket app""]",none,0,read_only_analytics_ledger
2026-05-29T15:31:26+00:00,execution_engine_v2,129,5,0,4,0,1,5,21,5,"{""high_11_25"": 8, ""low_1_3"": 62, ""medium_4_10"": 34, ""very_high_26_plus"": 25}","{""baseline_fallback"": 30, ""evaluator"": 99}","{""baseline_executable"": 30, ""high_importance"": 31, ""high_urgency"": 1, ""large_effort"": 1, ""medium_effort"": 21, ""medium_urgency"": 1, ""operational_context"": 23, ""planning_work"": 5, ""preparation_work"": 2, ""quick_win"": 45, ""strategic_context"": 19}","{""high_importance"": 5, ""high_urgency"": 1, ""medium_effort"": 2, ""operational_context"": 3, ""planning_work"": 1, ""quick_win"": 2, ""strategic_context"": 1}","{""explicit_marker"": 4, ""manual_or_unknown"": 1}","[""Submit University of Windsor pension forms"", ""Plan trip to Vancouver Island"", ""Fix timezone issue with Bread Basket app"", ""Send welcome email to bread workshop participants"", ""Send WhatsApp message to Solara Bread Community about timezone issues with the Bread Basket app""]",none,0,read_only_analytics_ledger
2026-05-29T15:45:23+00:00,execution_engine_v2,129,5,0,4,0,1,5,22,5,"{""high_11_25"": 8, ""low_1_3"": 62, ""medium_4_10"": 34, ""very_high_26_plus"": 25}","{""baseline_fallback"": 30, ""evaluator"": 99}","{""baseline_executable"": 30, ""high_importance"": 31, ""high_urgency"": 1, ""large_effort"": 1, ""medium_effort"": 21, ""medium_urgency"": 1, ""operational_context"": 23, ""planning_work"": 5, ""preparation_work"": 2, ""quick_win"": 45, ""strategic_context"": 19}","{""high_importance"": 5, ""high_urgency"": 1, ""medium_effort"": 2, ""operational_context"": 3, ""planning_work"": 1, ""quick_win"": 2, ""strategic_context"": 1}","{""explicit_marker"": 4, ""manual_or_unknown"": 1}","[""Submit University of Windsor pension forms"", ""Plan trip to Vancouver Island"", ""Fix timezone issue with Bread Basket app"", ""Send welcome email to bread workshop participants"", ""Send WhatsApp message to Solara Bread Community about timezone issues with the Bread Basket app""]",none,0,read_only_analytics_ledger
2026-05-29T16:00:21+00:00,execution_engine_v2,129,5,0,4,0,1,5,23,5,"{""high_11_25"": 8, ""low_1_3"": 62, ""medium_4_10"": 34, ""very_high_26_plus"": 25}","{""baseline_fallback"": 30, ""evaluator"": 99}","{""baseline_executable"": 30, ""high_importance"": 31, ""high_urgency"": 1, ""large_effort"": 1, ""medium_effort"": 21, ""medium_urgency"": 1, ""operational_context"": 23, ""planning_work"": 5, ""preparation_work"": 2, ""quick_win"": 45, ""strategic_context"": 19}","{""high_importance"": 5, ""high_urgency"": 1, ""medium_effort"": 2, ""operational_context"": 3, ""planning_work"": 1, ""quick_win"": 2, ""strategic_context"": 1}","{""explicit_marker"": 4, ""manual_or_unknown"": 1}","[""Submit University of Windsor pension forms"", ""Plan trip to Vancouver Island"", ""Fix timezone issue with Bread Basket app"", ""Send welcome email to bread workshop participants"", ""Send WhatsApp message to Solara Bread Community about timezone issues with the Bread Basket app""]",none,0,read_only_analytics_ledger
2026-05-29T16:15:23+00:00,execution_engine_v2,128,5,0,4,0,1,5,24,5,"{""high_11_25"": 8, ""low_1_3"": 62, ""medium_4_10"": 33, ""very_high_26_plus"": 25}","{""baseline_fallback"": 30, ""evaluator"": 98}","{""baseline_executable"": 30, ""high_importance"": 31, ""high_urgency"": 1, ""large_effort"": 1, ""medium_effort"": 21, ""medium_urgency"": 1, ""operational_context"": 22, ""planning_work"": 5, ""preparation_work"": 2, ""quick_win"": 44, ""strategic_context"": 19}","{""high_importance"": 5, ""high_urgency"": 1, ""medium_effort"": 2, ""operational_context"": 3, ""planning_work"": 1, ""quick_win"": 2, ""strategic_context"": 1}","{""explicit_marker"": 4, ""manual_or_unknown"": 1}","[""Submit University of Windsor pension forms"", ""Plan trip to Vancouver Island"", ""Fix timezone issue with Bread Basket app"", ""Send welcome email to bread workshop participants"", ""Send WhatsApp message to Solara Bread Community about timezone issues with the Bread Basket app""]",none,0,read_only_analytics_ledger
2026-05-29T16:30:27+00:00,execution_engine_v2,128,5,0,4,0,1,5,25,5,"{""high_11_25"": 8, ""low_1_3"": 62, ""medium_4_10"": 33, ""very_high_26_plus"": 25}","{""baseline_fallback"": 30, ""evaluator"": 98}","{""baseline_executable"": 30, ""high_importance"": 31, ""high_urgency"": 1, ""large_effort"": 1, ""medium_effort"": 21, ""medium_urgency"": 1, ""operational_context"": 22, ""planning_work"": 5, ""preparation_work"": 2, ""quick_win"": 44, ""strategic_context"": 19}","{""high_importance"": 5, ""high_urgency"": 1, ""medium_effort"": 2, ""operational_context"": 3, ""planning_work"": 1, ""quick_win"": 2, ""strategic_context"": 1}","{""explicit_marker"": 4, ""manual_or_unknown"": 1}","[""Submit University of Windsor pension forms"", ""Plan trip to Vancouver Island"", ""Fix timezone issue with Bread Basket app"", ""Send welcome email to bread workshop participants"", ""Send WhatsApp message to Solara Bread Community about timezone issues with the Bread Basket app""]",none,0,read_only_analytics_ledger
2026-05-29T16:45:22+00:00,execution_engine_v2,128,5,0,4,0,1,5,26,5,"{""high_11_25"": 8, ""low_1_3"": 62, ""medium_4_10"": 33, ""very_high_26_plus"": 25}","{""baseline_fallback"": 30, ""evaluator"": 98}","{""baseline_executable"": 30, ""high_importance"": 31, ""high_urgency"": 1, ""large_effort"": 1, ""medium_effort"": 21, ""medium_urgency"": 1, ""operational_context"": 22, ""planning_work"": 5, ""preparation_work"": 2, ""quick_win"": 44, ""strategic_context"": 19}","{""high_importance"": 5, ""high_urgency"": 1, ""medium_effort"": 2, ""operational_context"": 3, ""planning_work"": 1, ""quick_win"": 2, ""strategic_context"": 1}","{""explicit_marker"": 4, ""manual_or_unknown"": 1}","[""Submit University of Windsor pension forms"", ""Plan trip to Vancouver Island"", ""Fix timezone issue with Bread Basket app"", ""Send welcome email to bread workshop participants"", ""Send WhatsApp message to Solara Bread Community about timezone issues with the Bread Basket app""]",none,0,read_only_analytics_ledger
2026-05-29T17:00:20+00:00,execution_engine_v2,128,5,0,4,0,1,5,27,5,"{""high_11_25"": 8, ""low_1_3"": 62, ""medium_4_10"": 33, ""very_high_26_plus"": 25}","{""baseline_fallback"": 30, ""evaluator"": 98}","{""baseline_executable"": 30, ""high_importance"": 31, ""high_urgency"": 1, ""large_effort"": 1, ""medium_effort"": 21, ""medium_urgency"": 1, ""operational_context"": 22, ""planning_work"": 5, ""preparation_work"": 2, ""quick_win"": 44, ""strategic_context"": 19}","{""high_importance"": 5, ""high_urgency"": 1, ""medium_effort"": 2, ""operational_context"": 3, ""planning_work"": 1, ""quick_win"": 2, ""strategic_context"": 1}","{""explicit_marker"": 4, ""manual_or_unknown"": 1}","[""Submit University of Windsor pension forms"", ""Plan trip to Vancouver Island"", ""Fix timezone issue with Bread Basket app"", ""Send welcome email to bread workshop participants"", ""Send WhatsApp message to Solara Bread Community about timezone issues with the Bread Basket app""]",none,0,read_only_analytics_ledger
2026-05-29T17:15:28+00:00,execution_engine_v2,128,5,0,4,0,1,5,28,5,"{""high_11_25"": 8, ""low_1_3"": 62, ""medium_4_10"": 33, ""very_high_26_plus"": 25}","{""baseline_fallback"": 30, ""evaluator"": 98}","{""baseline_executable"": 30, ""high_importance"": 31, ""high_urgency"": 1, ""large_effort"": 1, ""medium_effort"": 21, ""medium_urgency"": 1, ""operational_context"": 22, ""planning_work"": 5, ""preparation_work"": 2, ""quick_win"": 44, ""strategic_context"": 19}","{""high_importance"": 5, ""high_urgency"": 1, ""medium_effort"": 2, ""operational_context"": 3, ""planning_work"": 1, ""quick_win"": 2, ""strategic_context"": 1}","{""explicit_marker"": 4, ""manual_or_unknown"": 1}","[""Submit University of Windsor pension forms"", ""Plan trip to Vancouver Island"", ""Fix timezone issue with Bread Basket app"", ""Send welcome email to bread workshop participants"", ""Send WhatsApp message to Solara Bread Community about timezone issues with the Bread Basket app""]",none,0,read_only_analytics_ledger
2026-05-29T17:30:27+00:00,execution_engine_v2,128,5,0,4,0,1,5,29,5,"{""high_11_25"": 8, ""low_1_3"": 62, ""medium_4_10"": 33, ""very_high_26_plus"": 25}","{""baseline_fallback"": 30, ""evaluator"": 98}","{""baseline_executable"": 30, ""high_importance"": 31, ""high_urgency"": 1, ""large_effort"": 1, ""medium_effort"": 21, ""medium_urgency"": 1, ""operational_context"": 22, ""planning_work"": 5, ""preparation_work"": 2, ""quick_win"": 44, ""strategic_context"": 19}","{""high_importance"": 5, ""high_urgency"": 1, ""medium_effort"": 2, ""operational_context"": 3, ""planning_work"": 1, ""quick_win"": 2, ""strategic_context"": 1}","{""explicit_marker"": 4, ""manual_or_unknown"": 1}","[""Submit University of Windsor pension forms"", ""Plan trip to Vancouver Island"", ""Fix timezone issue with Bread Basket app"", ""Send welcome email to bread workshop participants"", ""Send WhatsApp message to Solara Bread Community about timezone issues with the Bread Basket app""]",none,0,read_only_analytics_ledger
2026-05-29T17:45:21+00:00,execution_engine_v2,128,5,0,4,0,1,5,30,5,"{""high_11_25"": 8, ""low_1_3"": 62, ""medium_4_10"": 33, ""very_high_26_plus"": 25}","{""baseline_fallback"": 30, ""evaluator"": 98}","{""baseline_executable"": 30, ""high_importance"": 31, ""high_urgency"": 1, ""large_effort"": 1, ""medium_effort"": 21, ""medium_urgency"": 1, ""operational_context"": 22, ""planning_work"": 5, ""preparation_work"": 2, ""quick_win"": 44, ""strategic_context"": 19}","{""high_importance"": 5, ""high_urgency"": 1, ""medium_effort"": 2, ""operational_context"": 3, ""planning_work"": 1, ""quick_win"": 2, ""strategic_context"": 1}","{""explicit_marker"": 4, ""manual_or_unknown"": 1}","[""Submit University of Windsor pension forms"", ""Plan trip to Vancouver Island"", ""Fix timezone issue with Bread Basket app"", ""Send welcome email to bread workshop participants"", ""Send WhatsApp message to Solara Bread Community about timezone issues with the Bread Basket app""]",none,0,read_only_analytics_ledger
2026-05-29T18:00:24+00:00,execution_engine_v2,128,5,0,4,0,1,5,31,5,"{""high_11_25"": 8, ""low_1_3"": 62, ""medium_4_10"": 33, ""very_high_26_plus"": 25}","{""baseline_fallback"": 30, ""evaluator"": 98}","{""baseline_executable"": 30, ""high_importance"": 31, ""high_urgency"": 1, ""large_effort"": 1, ""medium_effort"": 21, ""medium_urgency"": 1, ""operational_context"": 22, ""planning_work"": 5, ""preparation_work"": 2, ""quick_win"": 44, ""strategic_context"": 19}","{""high_importance"": 5, ""high_urgency"": 1, ""medium_effort"": 2, ""operational_context"": 3, ""planning_work"": 1, ""quick_win"": 2, ""strategic_context"": 1}","{""explicit_marker"": 4, ""manual_or_unknown"": 1}","[""Submit University of Windsor pension forms"", ""Plan trip to Vancouver Island"", ""Fix timezone issue with Bread Basket app"", ""Send welcome email to bread workshop participants"", ""Send WhatsApp message to Solara Bread Community about timezone issues with the Bread Basket app""]",none,0,read_only_analytics_ledger
2026-05-29T18:15:22+00:00,execution_engine_v2,128,5,0,4,0,1,5,32,5,"{""high_11_25"": 8, ""low_1_3"": 62, ""medium_4_10"": 33, ""very_high_26_plus"": 25}","{""baseline_fallback"": 30, ""evaluator"": 98}","{""baseline_executable"": 30, ""high_importance"": 31, ""high_urgency"": 1, ""large_effort"": 1, ""medium_effort"": 21, ""medium_urgency"": 1, ""operational_context"": 22, ""planning_work"": 5, ""preparation_work"": 2, ""quick_win"": 44, ""strategic_context"": 19}","{""high_importance"": 5, ""high_urgency"": 1, ""medium_effort"": 2, ""operational_context"": 3, ""planning_work"": 1, ""quick_win"": 2, ""strategic_context"": 1}","{""explicit_marker"": 4, ""manual_or_unknown"": 1}","[""Submit University of Windsor pension forms"", ""Plan trip to Vancouver Island"", ""Fix timezone issue with Bread Basket app"", ""Send welcome email to bread workshop participants"", ""Send WhatsApp message to Solara Bread Community about timezone issues with the Bread Basket app""]",none,0,read_only_analytics_ledger
2026-05-29T18:32:40+00:00,execution_engine_v2,128,5,0,4,0,1,5,33,5,"{""high_11_25"": 8, ""low_1_3"": 62, ""medium_4_10"": 33, ""very_high_26_plus"": 25}","{""baseline_fallback"": 30, ""evaluator"": 98}","{""baseline_executable"": 30, ""high_importance"": 31, ""high_urgency"": 1, ""large_effort"": 1, ""medium_effort"": 21, ""medium_urgency"": 1, ""operational_context"": 22, ""planning_work"": 5, ""preparation_work"": 2, ""quick_win"": 44, ""strategic_context"": 19}","{""high_importance"": 5, ""high_urgency"": 1, ""medium_effort"": 2, ""operational_context"": 3, ""planning_work"": 1, ""quick_win"": 2, ""strategic_context"": 1}","{""explicit_marker"": 4, ""manual_or_unknown"": 1}","[""Submit University of Windsor pension forms"", ""Plan trip to Vancouver Island"", ""Fix timezone issue with Bread Basket app"", ""Send welcome email to bread workshop participants"", ""Send WhatsApp message to Solara Bread Community about timezone issues with the Bread Basket app""]",none,0,read_only_analytics_ledger
2026-05-29T18:45:21+00:00,execution_engine_v2,127,5,0,4,0,1,5,34,5,"{""high_11_25"": 7, ""low_1_3"": 62, ""medium_4_10"": 33, ""very_high_26_plus"": 25}","{""baseline_fallback"": 30, ""evaluator"": 97}","{""baseline_executable"": 30, ""high_importance"": 30, ""high_urgency"": 1, ""large_effort"": 1, ""medium_effort"": 21, ""medium_urgency"": 1, ""operational_context"": 22, ""planning_work"": 5, ""preparation_work"": 2, ""quick_win"": 44, ""strategic_context"": 19}","{""high_importance"": 5, ""high_urgency"": 1, ""medium_effort"": 2, ""operational_context"": 3, ""planning_work"": 1, ""quick_win"": 2, ""strategic_context"": 1}","{""explicit_marker"": 4, ""manual_or_unknown"": 1}","[""Submit University of Windsor pension forms"", ""Plan trip to Vancouver Island"", ""Fix timezone issue with Bread Basket app"", ""Send welcome email to bread workshop participants"", ""Send WhatsApp message to Solara Bread Community about timezone issues with the Bread Basket app""]",none,0,read_only_analytics_ledger
2026-05-29T19:00:21+00:00,execution_engine_v2,127,5,0,4,0,1,5,35,5,"{""high_11_25"": 7, ""low_1_3"": 62, ""medium_4_10"": 33, ""very_high_26_plus"": 25}","{""baseline_fallback"": 30, ""evaluator"": 97}","{""baseline_executable"": 30, ""high_importance"": 30, ""high_urgency"": 1, ""large_effort"": 1, ""medium_effort"": 21, ""medium_urgency"": 1, ""operational_context"": 22, ""planning_work"": 5, ""preparation_work"": 2, ""quick_win"": 44, ""strategic_context"": 19}","{""high_importance"": 5, ""high_urgency"": 1, ""medium_effort"": 2, ""operational_context"": 3, ""planning_work"": 1, ""quick_win"": 2, ""strategic_context"": 1}","{""explicit_marker"": 4, ""manual_or_unknown"": 1}","[""Submit University of Windsor pension forms"", ""Plan trip to Vancouver Island"", ""Fix timezone issue with Bread Basket app"", ""Send welcome email to bread workshop participants"", ""Send WhatsApp message to Solara Bread Community about timezone issues with the Bread Basket app""]",none,0,read_only_analytics_ledger
2026-05-29T19:15:20+00:00,execution_engine_v2,127,5,0,4,0,1,5,36,5,"{""high_11_25"": 7, ""low_1_3"": 62, ""medium_4_10"": 33, ""very_high_26_plus"": 25}","{""baseline_fallback"": 30, ""evaluator"": 97}","{""baseline_executable"": 30, ""high_importance"": 30, ""high_urgency"": 1, ""large_effort"": 1, ""medium_effort"": 21, ""medium_urgency"": 1, ""operational_context"": 22, ""planning_work"": 5, ""preparation_work"": 2, ""quick_win"": 44, ""strategic_context"": 19}","{""high_importance"": 5, ""high_urgency"": 1, ""medium_effort"": 2, ""operational_context"": 3, ""planning_work"": 1, ""quick_win"": 2, ""strategic_context"": 1}","{""explicit_marker"": 4, ""manual_or_unknown"": 1}","[""Submit University of Windsor pension forms"", ""Plan trip to Vancouver Island"", ""Fix timezone issue with Bread Basket app"", ""Send welcome email to bread workshop participants"", ""Send WhatsApp message to Solara Bread Community about timezone issues with the Bread Basket app""]",none,0,read_only_analytics_ledger
2026-05-29T19:45:23+00:00,execution_engine_v2,127,5,0,4,0,1,5,37,5,"{""high_11_25"": 7, ""low_1_3"": 62, ""medium_4_10"": 33, ""very_high_26_plus"": 25}","{""baseline_fallback"": 30, ""evaluator"": 97}","{""baseline_executable"": 30, ""high_importance"": 30, ""high_urgency"": 1, ""large_effort"": 1, ""medium_effort"": 21, ""medium_urgency"": 1, ""operational_context"": 22, ""planning_work"": 5, ""preparation_work"": 2, ""quick_win"": 44, ""strategic_context"": 19}","{""high_importance"": 5, ""high_urgency"": 1, ""medium_effort"": 2, ""operational_context"": 3, ""planning_work"": 1, ""quick_win"": 2, ""strategic_context"": 1}","{""explicit_marker"": 4, ""manual_or_unknown"": 1}","[""Submit University of Windsor pension forms"", ""Plan trip to Vancouver Island"", ""Fix timezone issue with Bread Basket app"", ""Send welcome email to bread workshop participants"", ""Send WhatsApp message to Solara Bread Community about timezone issues with the Bread Basket app""]",none,0,read_only_analytics_ledger
2026-05-29T20:00:22+00:00,execution_engine_v2,127,5,0,4,0,1,5,38,5,"{""high_11_25"": 7, ""low_1_3"": 62, ""medium_4_10"": 33, ""very_high_26_plus"": 25}","{""baseline_fallback"": 30, ""evaluator"": 97}","{""baseline_executable"": 30, ""high_importance"": 30, ""high_urgency"": 1, ""large_effort"": 1, ""medium_effort"": 21, ""medium_urgency"": 1, ""operational_context"": 22, ""planning_work"": 5, ""preparation_work"": 2, ""quick_win"": 44, ""strategic_context"": 19}","{""high_importance"": 5, ""high_urgency"": 1, ""medium_effort"": 2, ""operational_context"": 3, ""planning_work"": 1, ""quick_win"": 2, ""strategic_context"": 1}","{""explicit_marker"": 4, ""manual_or_unknown"": 1}","[""Submit University of Windsor pension forms"", ""Plan trip to Vancouver Island"", ""Fix timezone issue with Bread Basket app"", ""Send welcome email to bread workshop participants"", ""Send WhatsApp message to Solara Bread Community about timezone issues with the Bread Basket app""]",none,0,read_only_analytics_ledger
2026-05-29T20:15:24+00:00,execution_engine_v2,127,5,0,4,0,1,5,39,5,"{""high_11_25"": 7, ""low_1_3"": 62, ""medium_4_10"": 33, ""very_high_26_plus"": 25}","{""baseline_fallback"": 30, ""evaluator"": 97}","{""baseline_executable"": 30, ""high_importance"": 30, ""high_urgency"": 1, ""large_effort"": 1, ""medium_effort"": 21, ""medium_urgency"": 1, ""operational_context"": 22, ""planning_work"": 5, ""preparation_work"": 2, ""quick_win"": 44, ""strategic_context"": 19}","{""high_importance"": 5, ""high_urgency"": 1, ""medium_effort"": 2, ""operational_context"": 3, ""planning_work"": 1, ""quick_win"": 2, ""strategic_context"": 1}","{""explicit_marker"": 4, ""manual_or_unknown"": 1}","[""Submit University of Windsor pension forms"", ""Plan trip to Vancouver Island"", ""Fix timezone issue with Bread Basket app"", ""Send welcome email to bread workshop participants"", ""Send WhatsApp message to Solara Bread Community about timezone issues with the Bread Basket app""]",none,0,read_only_analytics_ledger
2026-05-29T20:30:21+00:00,execution_engine_v2,127,5,0,4,0,1,5,40,5,"{""high_11_25"": 7, ""low_1_3"": 62, ""medium_4_10"": 33, ""very_high_26_plus"": 25}","{""baseline_fallback"": 30, ""evaluator"": 97}","{""baseline_executable"": 30, ""high_importance"": 30, ""high_urgency"": 1, ""large_effort"": 1, ""medium_effort"": 21, ""medium_urgency"": 1, ""operational_context"": 22, ""planning_work"": 5, ""preparation_work"": 2, ""quick_win"": 44, ""strategic_context"": 19}","{""high_importance"": 5, ""high_urgency"": 1, ""medium_effort"": 2, ""operational_context"": 3, ""planning_work"": 1, ""quick_win"": 2, ""strategic_context"": 1}","{""explicit_marker"": 4, ""manual_or_unknown"": 1}","[""Submit University of Windsor pension forms"", ""Plan trip to Vancouver Island"", ""Fix timezone issue with Bread Basket app"", ""Send welcome email to bread workshop participants"", ""Send WhatsApp message to Solara Bread Community about timezone issues with the Bread Basket app""]",none,0,read_only_analytics_ledger
2026-05-29T20:45:27+00:00,execution_engine_v2,127,5,0,4,0,1,5,41,5,"{""high_11_25"": 7, ""low_1_3"": 62, ""medium_4_10"": 33, ""very_high_26_plus"": 25}","{""baseline_fallback"": 30, ""evaluator"": 97}","{""baseline_executable"": 30, ""high_importance"": 30, ""high_urgency"": 1, ""large_effort"": 1, ""medium_effort"": 21, ""medium_urgency"": 1, ""operational_context"": 22, ""planning_work"": 5, ""preparation_work"": 2, ""quick_win"": 44, ""strategic_context"": 19}","{""high_importance"": 5, ""high_urgency"": 1, ""medium_effort"": 2, ""operational_context"": 3, ""planning_work"": 1, ""quick_win"": 2, ""strategic_context"": 1}","{""explicit_marker"": 4, ""manual_or_unknown"": 1}","[""Submit University of Windsor pension forms"", ""Plan trip to Vancouver Island"", ""Fix timezone issue with Bread Basket app"", ""Send welcome email to bread workshop participants"", ""Send WhatsApp message to Solara Bread Community about timezone issues with the Bread Basket app""]",none,0,read_only_analytics_ledger
2026-05-29T21:02:00+00:00,execution_engine_v2,131,5,0,4,0,1,5,42,5,"{""high_11_25"": 8, ""low_1_3"": 64, ""medium_4_10"": 34, ""very_high_26_plus"": 25}","{""baseline_fallback"": 31, ""evaluator"": 100}","{""baseline_executable"": 31, ""high_importance"": 30, ""high_urgency"": 1, ""large_effort"": 1, ""medium_effort"": 21, ""medium_urgency"": 1, ""operational_context"": 24, ""planning_work"": 5, ""preparation_work"": 2, ""quick_win"": 46, ""strategic_context"": 20}","{""high_importance"": 5, ""high_urgency"": 1, ""medium_effort"": 2, ""operational_context"": 3, ""planning_work"": 1, ""quick_win"": 2, ""strategic_context"": 1}","{""explicit_marker"": 4, ""manual_or_unknown"": 1}","[""Submit University of Windsor pension forms"", ""Plan trip to Vancouver Island"", ""Fix timezone issue with Bread Basket app"", ""Send welcome email to bread workshop participants"", ""Send WhatsApp message to Solara Bread Community about timezone issues with the Bread Basket app""]",none,0,read_only_analytics_ledger
2026-05-29T21:15:22+00:00,execution_engine_v2,131,5,0,4,0,1,5,43,5,"{""high_11_25"": 8, ""low_1_3"": 64, ""medium_4_10"": 34, ""very_high_26_plus"": 25}","{""baseline_fallback"": 31, ""evaluator"": 100}","{""baseline_executable"": 31, ""high_importance"": 30, ""high_urgency"": 1, ""large_effort"": 1, ""medium_effort"": 21, ""medium_urgency"": 1, ""operational_context"": 24, ""planning_work"": 5, ""preparation_work"": 2, ""quick_win"": 46, ""strategic_context"": 20}","{""high_importance"": 5, ""high_urgency"": 1, ""medium_effort"": 2, ""operational_context"": 3, ""planning_work"": 1, ""quick_win"": 2, ""strategic_context"": 1}","{""explicit_marker"": 4, ""manual_or_unknown"": 1}","[""Submit University of Windsor pension forms"", ""Plan trip to Vancouver Island"", ""Fix timezone issue with Bread Basket app"", ""Send welcome email to bread workshop participants"", ""Send WhatsApp message to Solara Bread Community about timezone issues with the Bread Basket app""]",none,0,read_only_analytics_ledger
2026-05-30T12:00:40+00:00,execution_engine_v2,131,5,0,4,0,1,5,44,5,"{""high_11_25"": 8, ""low_1_3"": 64, ""medium_4_10"": 34, ""very_high_26_plus"": 25}","{""baseline_fallback"": 31, ""evaluator"": 100}","{""baseline_executable"": 31, ""high_importance"": 30, ""high_urgency"": 1, ""large_effort"": 1, ""medium_effort"": 21, ""medium_urgency"": 1, ""operational_context"": 24, ""planning_work"": 5, ""preparation_work"": 2, ""quick_win"": 46, ""strategic_context"": 20}","{""high_importance"": 5, ""high_urgency"": 1, ""medium_effort"": 2, ""operational_context"": 3, ""planning_work"": 1, ""quick_win"": 2, ""strategic_context"": 1}","{""explicit_marker"": 4, ""manual_or_unknown"": 1}","[""Submit University of Windsor pension forms"", ""Plan trip to Vancouver Island"", ""Fix timezone issue with Bread Basket app"", ""Send welcome email to bread workshop participants"", ""Send WhatsApp message to Solara Bread Community about timezone issues with the Bread Basket app""]",none,0,read_only_analytics_ledger
2026-05-30T12:15:21+00:00,execution_engine_v2,131,5,0,4,0,1,5,45,5,"{""high_11_25"": 8, ""low_1_3"": 64, ""medium_4_10"": 34, ""very_high_26_plus"": 25}","{""baseline_fallback"": 31, ""evaluator"": 100}","{""baseline_executable"": 31, ""high_importance"": 30, ""high_urgency"": 1, ""large_effort"": 1, ""medium_effort"": 21, ""medium_urgency"": 1, ""operational_context"": 24, ""planning_work"": 5, ""preparation_work"": 2, ""quick_win"": 46, ""strategic_context"": 20}","{""high_importance"": 5, ""high_urgency"": 1, ""medium_effort"": 2, ""operational_context"": 3, ""planning_work"": 1, ""quick_win"": 2, ""strategic_context"": 1}","{""explicit_marker"": 4, ""manual_or_unknown"": 1}","[""Submit University of Windsor pension forms"", ""Plan trip to Vancouver Island"", ""Fix timezone issue with Bread Basket app"", ""Send welcome email to bread workshop participants"", ""Send WhatsApp message to Solara Bread Community about timezone issues with the Bread Basket app""]",none,0,read_only_analytics_ledger
2026-05-30T12:30:19+00:00,execution_engine_v2,131,5,0,4,0,1,5,46,5,"{""high_11_25"": 8, ""low_1_3"": 64, ""medium_4_10"": 34, ""very_high_26_plus"": 25}","{""baseline_fallback"": 31, ""evaluator"": 100}","{""baseline_executable"": 31, ""high_importance"": 30, ""high_urgency"": 1, ""large_effort"": 1, ""medium_effort"": 21, ""medium_urgency"": 1, ""operational_context"": 24, ""planning_work"": 5, ""preparation_work"": 2, ""quick_win"": 46, ""strategic_context"": 20}","{""high_importance"": 5, ""high_urgency"": 1, ""medium_effort"": 2, ""operational_context"": 3, ""planning_work"": 1, ""quick_win"": 2, ""strategic_context"": 1}","{""explicit_marker"": 4, ""manual_or_unknown"": 1}","[""Submit University of Windsor pension forms"", ""Plan trip to Vancouver Island"", ""Fix timezone issue with Bread Basket app"", ""Send welcome email to bread workshop participants"", ""Send WhatsApp message to Solara Bread Community about timezone issues with the Bread Basket app""]",none,0,read_only_analytics_ledger
2026-05-30T12:45:22+00:00,execution_engine_v2,131,5,0,4,0,1,5,47,5,"{""high_11_25"": 8, ""low_1_3"": 64, ""medium_4_10"": 34, ""very_high_26_plus"": 25}","{""baseline_fallback"": 31, ""evaluator"": 100}","{""baseline_executable"": 31, ""high_importance"": 30, ""high_urgency"": 1, ""large_effort"": 1, ""medium_effort"": 21, ""medium_urgency"": 1, ""operational_context"": 24, ""planning_work"": 5, ""preparation_work"": 2, ""quick_win"": 46, ""strategic_context"": 20}","{""high_importance"": 5, ""high_urgency"": 1, ""medium_effort"": 2, ""operational_context"": 3, ""planning_work"": 1, ""quick_win"": 2, ""strategic_context"": 1}","{""explicit_marker"": 4, ""manual_or_unknown"": 1}","[""Submit University of Windsor pension forms"", ""Plan trip to Vancouver Island"", ""Fix timezone issue with Bread Basket app"", ""Send welcome email to bread workshop participants"", ""Send WhatsApp message to Solara Bread Community about timezone issues with the Bread Basket app""]",none,0,read_only_analytics_ledger
2026-05-30T13:00:23+00:00,execution_engine_v2,131,5,0,4,0,1,5,48,5,"{""high_11_25"": 8, ""low_1_3"": 64, ""medium_4_10"": 34, ""very_high_26_plus"": 25}","{""baseline_fallback"": 31, ""evaluator"": 100}","{""baseline_executable"": 31, ""high_importance"": 30, ""high_urgency"": 1, ""large_effort"": 1, ""medium_effort"": 21, ""medium_urgency"": 1, ""operational_context"": 24, ""planning_work"": 5, ""preparation_work"": 2, ""quick_win"": 46, ""strategic_context"": 20}","{""high_importance"": 5, ""high_urgency"": 1, ""medium_effort"": 2, ""operational_context"": 3, ""planning_work"": 1, ""quick_win"": 2, ""strategic_context"": 1}","{""explicit_marker"": 4, ""manual_or_unknown"": 1}","[""Submit University of Windsor pension forms"", ""Plan trip to Vancouver Island"", ""Fix timezone issue with Bread Basket app"", ""Send welcome email to bread workshop participants"", ""Send WhatsApp message to Solara Bread Community about timezone issues with the Bread Basket app""]",none,0,read_only_analytics_ledger
2026-05-30T13:15:24+00:00,execution_engine_v2,131,5,0,4,0,1,5,49,5,"{""high_11_25"": 8, ""low_1_3"": 64, ""medium_4_10"": 34, ""very_high_26_plus"": 25}","{""baseline_fallback"": 31, ""evaluator"": 100}","{""baseline_executable"": 31, ""high_importance"": 30, ""high_urgency"": 1, ""large_effort"": 1, ""medium_effort"": 21, ""medium_urgency"": 1, ""operational_context"": 24, ""planning_work"": 5, ""preparation_work"": 2, ""quick_win"": 46, ""strategic_context"": 20}","{""high_importance"": 5, ""high_urgency"": 1, ""medium_effort"": 2, ""operational_context"": 3, ""planning_work"": 1, ""quick_win"": 2, ""strategic_context"": 1}","{""explicit_marker"": 4, ""manual_or_unknown"": 1}","[""Submit University of Windsor pension forms"", ""Plan trip to Vancouver Island"", ""Fix timezone issue with Bread Basket app"", ""Send welcome email to bread workshop participants"", ""Send WhatsApp message to Solara Bread Community about timezone issues with the Bread Basket app""]",none,0,read_only_analytics_ledger
2026-05-30T13:30:25+00:00,execution_engine_v2,131,5,0,4,0,1,5,50,5,"{""high_11_25"": 8, ""low_1_3"": 64, ""medium_4_10"": 34, ""very_high_26_plus"": 25}","{""baseline_fallback"": 31, ""evaluator"": 100}","{""baseline_executable"": 31, ""high_importance"": 30, ""high_urgency"": 1, ""large_effort"": 1, ""medium_effort"": 21, ""medium_urgency"": 1, ""operational_context"": 24, ""planning_work"": 5, ""preparation_work"": 2, ""quick_win"": 46, ""strategic_context"": 20}","{""high_importance"": 5, ""high_urgency"": 1, ""medium_effort"": 2, ""operational_context"": 3, ""planning_work"": 1, ""quick_win"": 2, ""strategic_context"": 1}","{""explicit_marker"": 4, ""manual_or_unknown"": 1}","[""Submit University of Windsor pension forms"", ""Plan trip to Vancouver Island"", ""Fix timezone issue with Bread Basket app"", ""Send welcome email to bread workshop participants"", ""Send WhatsApp message to Solara Bread Community about timezone issues with the Bread Basket app""]",none,0,read_only_analytics_ledger
2026-05-30T13:45:27+00:00,execution_engine_v2,131,5,0,4,0,1,5,51,5,"{""high_11_25"": 8, ""low_1_3"": 64, ""medium_4_10"": 34, ""very_high_26_plus"": 25}","{""baseline_fallback"": 31, ""evaluator"": 100}","{""baseline_executable"": 31, ""high_importance"": 30, ""high_urgency"": 1, ""large_effort"": 1, ""medium_effort"": 21, ""medium_urgency"": 1, ""operational_context"": 24, ""planning_work"": 5, ""preparation_work"": 2, ""quick_win"": 46, ""strategic_context"": 20}","{""high_importance"": 5, ""high_urgency"": 1, ""medium_effort"": 2, ""operational_context"": 3, ""planning_work"": 1, ""quick_win"": 2, ""strategic_context"": 1}","{""explicit_marker"": 4, ""manual_or_unknown"": 1}","[""Submit University of Windsor pension forms"", ""Plan trip to Vancouver Island"", ""Fix timezone issue with Bread Basket app"", ""Send welcome email to bread workshop participants"", ""Send WhatsApp message to Solara Bread Community about timezone issues with the Bread Basket app""]",none,0,read_only_analytics_ledger
2026-05-30T14:00:27+00:00,execution_engine_v2,131,5,0,4,0,1,5,52,5,"{""high_11_25"": 8, ""low_1_3"": 64, ""medium_4_10"": 34, ""very_high_26_plus"": 25}","{""baseline_fallback"": 31, ""evaluator"": 100}","{""baseline_executable"": 31, ""high_importance"": 30, ""high_urgency"": 1, ""large_effort"": 1, ""medium_effort"": 21, ""medium_urgency"": 1, ""operational_context"": 24, ""planning_work"": 5, ""preparation_work"": 2, ""quick_win"": 46, ""strategic_context"": 20}","{""high_importance"": 5, ""high_urgency"": 1, ""medium_effort"": 2, ""operational_context"": 3, ""planning_work"": 1, ""quick_win"": 2, ""strategic_context"": 1}","{""explicit_marker"": 4, ""manual_or_unknown"": 1}","[""Submit University of Windsor pension forms"", ""Plan trip to Vancouver Island"", ""Fix timezone issue with Bread Basket app"", ""Send welcome email to bread workshop participants"", ""Send WhatsApp message to Solara Bread Community about timezone issues with the Bread Basket app""]",none,0,read_only_analytics_ledger
2026-05-30T14:15:21+00:00,execution_engine_v2,131,5,0,4,0,1,5,53,5,"{""high_11_25"": 8, ""low_1_3"": 64, ""medium_4_10"": 34, ""very_high_26_plus"": 25}","{""baseline_fallback"": 31, ""evaluator"": 100}","{""baseline_executable"": 31, ""high_importance"": 30, ""high_urgency"": 1, ""large_effort"": 1, ""medium_effort"": 21, ""medium_urgency"": 1, ""operational_context"": 24, ""planning_work"": 5, ""preparation_work"": 2, ""quick_win"": 46, ""strategic_context"": 20}","{""high_importance"": 5, ""high_urgency"": 1, ""medium_effort"": 2, ""operational_context"": 3, ""planning_work"": 1, ""quick_win"": 2, ""strategic_context"": 1}","{""explicit_marker"": 4, ""manual_or_unknown"": 1}","[""Submit University of Windsor pension forms"", ""Plan trip to Vancouver Island"", ""Fix timezone issue with Bread Basket app"", ""Send welcome email to bread workshop participants"", ""Send WhatsApp message to Solara Bread Community about timezone issues with the Bread Basket app""]",none,0,read_only_analytics_ledger
2026-05-30T14:30:28+00:00,execution_engine_v2,131,5,0,4,0,1,5,54,5,"{""high_11_25"": 8, ""low_1_3"": 64, ""medium_4_10"": 34, ""very_high_26_plus"": 25}","{""baseline_fallback"": 31, ""evaluator"": 100}","{""baseline_executable"": 31, ""high_importance"": 30, ""high_urgency"": 1, ""large_effort"": 1, ""medium_effort"": 21, ""medium_urgency"": 1, ""operational_context"": 24, ""planning_work"": 5, ""preparation_work"": 2, ""quick_win"": 46, ""strategic_context"": 20}","{""high_importance"": 5, ""high_urgency"": 1, ""medium_effort"": 2, ""operational_context"": 3, ""planning_work"": 1, ""quick_win"": 2, ""strategic_context"": 1}","{""explicit_marker"": 4, ""manual_or_unknown"": 1}","[""Submit University of Windsor pension forms"", ""Plan trip to Vancouver Island"", ""Fix timezone issue with Bread Basket app"", ""Send welcome email to bread workshop participants"", ""Send WhatsApp message to Solara Bread Community about timezone issues with the Bread Basket app""]",none,0,read_only_analytics_ledger
2026-05-30T14:45:29+00:00,execution_engine_v2,131,5,0,4,0,1,5,55,5,"{""high_11_25"": 8, ""low_1_3"": 64, ""medium_4_10"": 34, ""very_high_26_plus"": 25}","{""baseline_fallback"": 31, ""evaluator"": 100}","{""baseline_executable"": 31, ""high_importance"": 30, ""high_urgency"": 1, ""large_effort"": 1, ""medium_effort"": 21, ""medium_urgency"": 1, ""operational_context"": 24, ""planning_work"": 5, ""preparation_work"": 2, ""quick_win"": 46, ""strategic_context"": 20}","{""high_importance"": 5, ""high_urgency"": 1, ""medium_effort"": 2, ""operational_context"": 3, ""planning_work"": 1, ""quick_win"": 2, ""strategic_context"": 1}","{""explicit_marker"": 4, ""manual_or_unknown"": 1}","[""Submit University of Windsor pension forms"", ""Plan trip to Vancouver Island"", ""Fix timezone issue with Bread Basket app"", ""Send welcome email to bread workshop participants"", ""Send WhatsApp message to Solara Bread Community about timezone issues with the Bread Basket app""]",none,0,read_only_analytics_ledger
2026-05-30T15:00:25+00:00,execution_engine_v2,131,5,0,4,0,1,5,56,5,"{""high_11_25"": 8, ""low_1_3"": 64, ""medium_4_10"": 34, ""very_high_26_plus"": 25}","{""baseline_fallback"": 31, ""evaluator"": 100}","{""baseline_executable"": 31, ""high_importance"": 30, ""high_urgency"": 1, ""large_effort"": 1, ""medium_effort"": 21, ""medium_urgency"": 1, ""operational_context"": 24, ""planning_work"": 5, ""preparation_work"": 2, ""quick_win"": 46, ""strategic_context"": 20}","{""high_importance"": 5, ""high_urgency"": 1, ""medium_effort"": 2, ""operational_context"": 3, ""planning_work"": 1, ""quick_win"": 2, ""strategic_context"": 1}","{""explicit_marker"": 4, ""manual_or_unknown"": 1}","[""Submit University of Windsor pension forms"", ""Plan trip to Vancouver Island"", ""Fix timezone issue with Bread Basket app"", ""Send welcome email to bread workshop participants"", ""Send WhatsApp message to Solara Bread Community about timezone issues with the Bread Basket app""]",none,0,read_only_analytics_ledger
2026-05-30T15:15:21+00:00,execution_engine_v2,131,5,0,4,0,1,5,57,5,"{""high_11_25"": 8, ""low_1_3"": 64, ""medium_4_10"": 34, ""very_high_26_plus"": 25}","{""baseline_fallback"": 31, ""evaluator"": 100}","{""baseline_executable"": 31, ""high_importance"": 30, ""high_urgency"": 1, ""large_effort"": 1, ""medium_effort"": 21, ""medium_urgency"": 1, ""operational_context"": 24, ""planning_work"": 5, ""preparation_work"": 2, ""quick_win"": 46, ""strategic_context"": 20}","{""high_importance"": 5, ""high_urgency"": 1, ""medium_effort"": 2, ""operational_context"": 3, ""planning_work"": 1, ""quick_win"": 2, ""strategic_context"": 1}","{""explicit_marker"": 4, ""manual_or_unknown"": 1}","[""Submit University of Windsor pension forms"", ""Plan trip to Vancouver Island"", ""Fix timezone issue with Bread Basket app"", ""Send welcome email to bread workshop participants"", ""Send WhatsApp message to Solara Bread Community about timezone issues with the Bread Basket app""]",none,0,read_only_analytics_ledger
2026-05-30T15:30:33+00:00,execution_engine_v2,131,5,0,4,0,1,5,58,5,"{""high_11_25"": 8, ""low_1_3"": 64, ""medium_4_10"": 34, ""very_high_26_plus"": 25}","{""baseline_fallback"": 31, ""evaluator"": 100}","{""baseline_executable"": 31, ""high_importance"": 30, ""high_urgency"": 1, ""large_effort"": 1, ""medium_effort"": 21, ""medium_urgency"": 1, ""operational_context"": 24, ""planning_work"": 5, ""preparation_work"": 2, ""quick_win"": 46, ""strategic_context"": 20}","{""high_importance"": 5, ""high_urgency"": 1, ""medium_effort"": 2, ""operational_context"": 3, ""planning_work"": 1, ""quick_win"": 2, ""strategic_context"": 1}","{""explicit_marker"": 4, ""manual_or_unknown"": 1}","[""Submit University of Windsor pension forms"", ""Plan trip to Vancouver Island"", ""Fix timezone issue with Bread Basket app"", ""Send welcome email to bread workshop participants"", ""Send WhatsApp message to Solara Bread Community about timezone issues with the Bread Basket app""]",none,0,read_only_analytics_ledger
2026-05-30T15:46:04+00:00,execution_engine_v2,132,5,0,4,0,1,5,59,5,"{""high_11_25"": 8, ""low_1_3"": 64, ""medium_4_10"": 34, ""very_high_26_plus"": 26}","{""baseline_fallback"": 31, ""evaluator"": 101}","{""baseline_executable"": 31, ""high_importance"": 31, ""high_urgency"": 1, ""large_effort"": 1, ""medium_effort"": 21, ""medium_urgency"": 1, ""operational_context"": 24, ""planning_work"": 5, ""preparation_work"": 2, ""quick_win"": 47, ""strategic_context"": 20}","{""high_importance"": 5, ""high_urgency"": 1, ""medium_effort"": 2, ""operational_context"": 3, ""planning_work"": 1, ""quick_win"": 2, ""strategic_context"": 1}","{""explicit_marker"": 4, ""manual_or_unknown"": 1}","[""Submit University of Windsor pension forms"", ""Plan trip to Vancouver Island"", ""Fix timezone issue with Bread Basket app"", ""Send welcome email to bread workshop participants"", ""Send WhatsApp message to Solara Bread Community about timezone issues with the Bread Basket app""]",none,0,read_only_analytics_ledger
2026-05-30T16:00:23+00:00,execution_engine_v2,132,5,0,4,0,1,5,60,5,"{""high_11_25"": 8, ""low_1_3"": 64, ""medium_4_10"": 34, ""very_high_26_plus"": 26}","{""baseline_fallback"": 31, ""evaluator"": 101}","{""baseline_executable"": 31, ""high_importance"": 31, ""high_urgency"": 1, ""large_effort"": 1, ""medium_effort"": 21, ""medium_urgency"": 1, ""operational_context"": 24, ""planning_work"": 5, ""preparation_work"": 2, ""quick_win"": 47, ""strategic_context"": 20}","{""high_importance"": 5, ""high_urgency"": 1, ""medium_effort"": 2, ""operational_context"": 3, ""planning_work"": 1, ""quick_win"": 2, ""strategic_context"": 1}","{""explicit_marker"": 4, ""manual_or_unknown"": 1}","[""Submit University of Windsor pension forms"", ""Plan trip to Vancouver Island"", ""Fix timezone issue with Bread Basket app"", ""Send welcome email to bread workshop participants"", ""Send WhatsApp message to Solara Bread Community about timezone issues with the Bread Basket app""]",none,0,read_only_analytics_ledger
2026-05-30T16:15:24+00:00,execution_engine_v2,132,5,0,4,0,1,5,61,5,"{""high_11_25"": 8, ""low_1_3"": 64, ""medium_4_10"": 34, ""very_high_26_plus"": 26}","{""baseline_fallback"": 31, ""evaluator"": 101}","{""baseline_executable"": 31, ""high_importance"": 31, ""high_urgency"": 1, ""large_effort"": 1, ""medium_effort"": 21, ""medium_urgency"": 1, ""operational_context"": 24, ""planning_work"": 5, ""preparation_work"": 2, ""quick_win"": 47, ""strategic_context"": 20}","{""high_importance"": 5, ""high_urgency"": 1, ""medium_effort"": 2, ""operational_context"": 3, ""planning_work"": 1, ""quick_win"": 2, ""strategic_context"": 1}","{""explicit_marker"": 4, ""manual_or_unknown"": 1}","[""Submit University of Windsor pension forms"", ""Plan trip to Vancouver Island"", ""Fix timezone issue with Bread Basket app"", ""Send welcome email to bread workshop participants"", ""Send WhatsApp message to Solara Bread Community about timezone issues with the Bread Basket app""]",none,0,read_only_analytics_ledger
2026-05-30T16:30:20+00:00,execution_engine_v2,132,5,0,4,0,1,5,62,5,"{""high_11_25"": 8, ""low_1_3"": 64, ""medium_4_10"": 34, ""very_high_26_plus"": 26}","{""baseline_fallback"": 31, ""evaluator"": 101}","{""baseline_executable"": 31, ""high_importance"": 31, ""high_urgency"": 1, ""large_effort"": 1, ""medium_effort"": 21, ""medium_urgency"": 1, ""operational_context"": 24, ""planning_work"": 5, ""preparation_work"": 2, ""quick_win"": 47, ""strategic_context"": 20}","{""high_importance"": 5, ""high_urgency"": 1, ""medium_effort"": 2, ""operational_context"": 3, ""planning_work"": 1, ""quick_win"": 2, ""strategic_context"": 1}","{""explicit_marker"": 4, ""manual_or_unknown"": 1}","[""Submit University of Windsor pension forms"", ""Plan trip to Vancouver Island"", ""Fix timezone issue with Bread Basket app"", ""Send welcome email to bread workshop participants"", ""Send WhatsApp message to Solara Bread Community about timezone issues with the Bread Basket app""]",none,0,read_only_analytics_ledger
2026-05-30T16:45:20+00:00,execution_engine_v2,132,5,0,4,0,1,5,63,5,"{""high_11_25"": 8, ""low_1_3"": 64, ""medium_4_10"": 34, ""very_high_26_plus"": 26}","{""baseline_fallback"": 31, ""evaluator"": 101}","{""baseline_executable"": 31, ""high_importance"": 31, ""high_urgency"": 1, ""large_effort"": 1, ""medium_effort"": 21, ""medium_urgency"": 1, ""operational_context"": 24, ""planning_work"": 5, ""preparation_work"": 2, ""quick_win"": 47, ""strategic_context"": 20}","{""high_importance"": 5, ""high_urgency"": 1, ""medium_effort"": 2, ""operational_context"": 3, ""planning_work"": 1, ""quick_win"": 2, ""strategic_context"": 1}","{""explicit_marker"": 4, ""manual_or_unknown"": 1}","[""Submit University of Windsor pension forms"", ""Plan trip to Vancouver Island"", ""Fix timezone issue with Bread Basket app"", ""Send welcome email to bread workshop participants"", ""Send WhatsApp message to Solara Bread Community about timezone issues with the Bread Basket app""]",none,0,read_only_analytics_ledger
2026-05-30T17:00:23+00:00,execution_engine_v2,132,5,0,4,0,1,5,64,5,"{""high_11_25"": 8, ""low_1_3"": 64, ""medium_4_10"": 34, ""very_high_26_plus"": 26}","{""baseline_fallback"": 31, ""evaluator"": 101}","{""baseline_executable"": 31, ""high_importance"": 31, ""high_urgency"": 1, ""large_effort"": 1, ""medium_effort"": 21, ""medium_urgency"": 1, ""operational_context"": 24, ""planning_work"": 5, ""preparation_work"": 2, ""quick_win"": 47, ""strategic_context"": 20}","{""high_importance"": 5, ""high_urgency"": 1, ""medium_effort"": 2, ""operational_context"": 3, ""planning_work"": 1, ""quick_win"": 2, ""strategic_context"": 1}","{""explicit_marker"": 4, ""manual_or_unknown"": 1}","[""Submit University of Windsor pension forms"", ""Plan trip to Vancouver Island"", ""Fix timezone issue with Bread Basket app"", ""Send welcome email to bread workshop participants"", ""Send WhatsApp message to Solara Bread Community about timezone issues with the Bread Basket app""]",none,0,read_only_analytics_ledger
2026-05-30T17:15:24+00:00,execution_engine_v2,132,5,0,4,0,1,5,65,5,"{""high_11_25"": 8, ""low_1_3"": 64, ""medium_4_10"": 34, ""very_high_26_plus"": 26}","{""baseline_fallback"": 31, ""evaluator"": 101}","{""baseline_executable"": 31, ""high_importance"": 31, ""high_urgency"": 1, ""large_effort"": 1, ""medium_effort"": 21, ""medium_urgency"": 1, ""operational_context"": 24, ""planning_work"": 5, ""preparation_work"": 2, ""quick_win"": 47, ""strategic_context"": 20}","{""high_importance"": 5, ""high_urgency"": 1, ""medium_effort"": 2, ""operational_context"": 3, ""planning_work"": 1, ""quick_win"": 2, ""strategic_context"": 1}","{""explicit_marker"": 4, ""manual_or_unknown"": 1}","[""Submit University of Windsor pension forms"", ""Plan trip to Vancouver Island"", ""Fix timezone issue with Bread Basket app"", ""Send welcome email to bread workshop participants"", ""Send WhatsApp message to Solara Bread Community about timezone issues with the Bread Basket app""]",none,0,read_only_analytics_ledger
2026-05-30T17:30:24+00:00,execution_engine_v2,132,5,0,4,0,1,5,66,5,"{""high_11_25"": 8, ""low_1_3"": 64, ""medium_4_10"": 34, ""very_high_26_plus"": 26}","{""baseline_fallback"": 31, ""evaluator"": 101}","{""baseline_executable"": 31, ""high_importance"": 31, ""high_urgency"": 1, ""large_effort"": 1, ""medium_effort"": 21, ""medium_urgency"": 1, ""operational_context"": 24, ""planning_work"": 5, ""preparation_work"": 2, ""quick_win"": 47, ""strategic_context"": 20}","{""high_importance"": 5, ""high_urgency"": 1, ""medium_effort"": 2, ""operational_context"": 3, ""planning_work"": 1, ""quick_win"": 2, ""strategic_context"": 1}","{""explicit_marker"": 4, ""manual_or_unknown"": 1}","[""Submit University of Windsor pension forms"", ""Plan trip to Vancouver Island"", ""Fix timezone issue with Bread Basket app"", ""Send welcome email to bread workshop participants"", ""Send WhatsApp message to Solara Bread Community about timezone issues with the Bread Basket app""]",none,0,read_only_analytics_ledger
2026-05-30T17:45:22+00:00,execution_engine_v2,132,5,0,4,0,1,5,67,5,"{""high_11_25"": 8, ""low_1_3"": 64, ""medium_4_10"": 34, ""very_high_26_plus"": 26}","{""baseline_fallback"": 31, ""evaluator"": 101}","{""baseline_executable"": 31, ""high_importance"": 31, ""high_urgency"": 1, ""large_effort"": 1, ""medium_effort"": 21, ""medium_urgency"": 1, ""operational_context"": 24, ""planning_work"": 5, ""preparation_work"": 2, ""quick_win"": 47, ""strategic_context"": 20}","{""high_importance"": 5, ""high_urgency"": 1, ""medium_effort"": 2, ""operational_context"": 3, ""planning_work"": 1, ""quick_win"": 2, ""strategic_context"": 1}","{""explicit_marker"": 4, ""manual_or_unknown"": 1}","[""Submit University of Windsor pension forms"", ""Plan trip to Vancouver Island"", ""Fix timezone issue with Bread Basket app"", ""Send welcome email to bread workshop participants"", ""Send WhatsApp message to Solara Bread Community about timezone issues with the Bread Basket app""]",none,0,read_only_analytics_ledger
2026-05-30T18:00:26+00:00,execution_engine_v2,131,5,0,3,0,2,4,68,4,"{""high_11_25"": 8, ""low_1_3"": 64, ""medium_4_10"": 34, ""very_high_26_plus"": 25}","{""baseline_fallback"": 31, ""evaluator"": 100}","{""baseline_executable"": 31, ""high_importance"": 30, ""high_urgency"": 1, ""large_effort"": 1, ""medium_effort"": 20, ""medium_urgency"": 1, ""operational_context"": 24, ""planning_work"": 4, ""preparation_work"": 2, ""quick_win"": 47, ""strategic_context"": 19}","{""high_importance"": 5, ""high_urgency"": 1, ""medium_effort"": 1, ""operational_context"": 4, ""quick_win"": 3}","{""explicit_marker"": 3, ""manual_or_unknown"": 2}","[""Submit University of Windsor pension forms"", ""Fix timezone issue with Bread Basket app"", ""Send welcome email to bread workshop participants"", ""Send WhatsApp message to Solara Bread Community about timezone issues with the Bread Basket app"", ""Update Notion page for Almanac June Bread Club""]",none,0,read_only_analytics_ledger
2026-05-30T18:15:21+00:00,execution_engine_v2,131,5,0,3,0,2,5,69,5,"{""high_11_25"": 8, ""low_1_3"": 64, ""medium_4_10"": 34, ""very_high_26_plus"": 25}","{""baseline_fallback"": 31, ""evaluator"": 100}","{""baseline_executable"": 31, ""high_importance"": 30, ""high_urgency"": 1, ""large_effort"": 1, ""medium_effort"": 20, ""medium_urgency"": 1, ""operational_context"": 24, ""planning_work"": 4, ""preparation_work"": 2, ""quick_win"": 47, ""strategic_context"": 19}","{""high_importance"": 5, ""high_urgency"": 1, ""medium_effort"": 1, ""operational_context"": 4, ""quick_win"": 3}","{""explicit_marker"": 3, ""manual_or_unknown"": 2}","[""Submit University of Windsor pension forms"", ""Fix timezone issue with Bread Basket app"", ""Send welcome email to bread workshop participants"", ""Send WhatsApp message to Solara Bread Community about timezone issues with the Bread Basket app"", ""Update Notion page for Almanac June Bread Club""]",none,0,read_only_analytics_ledger
2026-05-30T18:30:19+00:00,execution_engine_v2,131,5,0,3,0,2,5,70,5,"{""high_11_25"": 8, ""low_1_3"": 64, ""medium_4_10"": 34, ""very_high_26_plus"": 25}","{""baseline_fallback"": 31, ""evaluator"": 100}","{""baseline_executable"": 31, ""high_importance"": 30, ""high_urgency"": 1, ""large_effort"": 1, ""medium_effort"": 20, ""medium_urgency"": 1, ""operational_context"": 24, ""planning_work"": 4, ""preparation_work"": 2, ""quick_win"": 47, ""strategic_context"": 19}","{""high_importance"": 5, ""high_urgency"": 1, ""medium_effort"": 1, ""operational_context"": 4, ""quick_win"": 3}","{""explicit_marker"": 3, ""manual_or_unknown"": 2}","[""Submit University of Windsor pension forms"", ""Fix timezone issue with Bread Basket app"", ""Send welcome email to bread workshop participants"", ""Send WhatsApp message to Solara Bread Community about timezone issues with the Bread Basket app"", ""Update Notion page for Almanac June Bread Club""]",none,0,read_only_analytics_ledger
2026-05-30T18:45:21+00:00,execution_engine_v2,131,5,0,3,0,2,5,71,5,"{""high_11_25"": 8, ""low_1_3"": 64, ""medium_4_10"": 34, ""very_high_26_plus"": 25}","{""baseline_fallback"": 31, ""evaluator"": 100}","{""baseline_executable"": 31, ""high_importance"": 30, ""high_urgency"": 1, ""large_effort"": 1, ""medium_effort"": 20, ""medium_urgency"": 1, ""operational_context"": 24, ""planning_work"": 4, ""preparation_work"": 2, ""quick_win"": 47, ""strategic_context"": 19}","{""high_importance"": 5, ""high_urgency"": 1, ""medium_effort"": 1, ""operational_context"": 4, ""quick_win"": 3}","{""explicit_marker"": 3, ""manual_or_unknown"": 2}","[""Submit University of Windsor pension forms"", ""Fix timezone issue with Bread Basket app"", ""Send welcome email to bread workshop participants"", ""Send WhatsApp message to Solara Bread Community about timezone issues with the Bread Basket app"", ""Update Notion page for Almanac June Bread Club""]",none,0,read_only_analytics_ledger
2026-05-30T19:00:28+00:00,execution_engine_v2,131,5,0,3,0,2,5,72,5,"{""high_11_25"": 8, ""low_1_3"": 64, ""medium_4_10"": 34, ""very_high_26_plus"": 25}","{""baseline_fallback"": 31, ""evaluator"": 100}","{""baseline_executable"": 31, ""high_importance"": 30, ""high_urgency"": 1, ""large_effort"": 1, ""medium_effort"": 20, ""medium_urgency"": 1, ""operational_context"": 24, ""planning_work"": 4, ""preparation_work"": 2, ""quick_win"": 47, ""strategic_context"": 19}","{""high_importance"": 5, ""high_urgency"": 1, ""medium_effort"": 1, ""operational_context"": 4, ""quick_win"": 3}","{""explicit_marker"": 3, ""manual_or_unknown"": 2}","[""Submit University of Windsor pension forms"", ""Fix timezone issue with Bread Basket app"", ""Send welcome email to bread workshop participants"", ""Send WhatsApp message to Solara Bread Community about timezone issues with the Bread Basket app"", ""Update Notion page for Almanac June Bread Club""]",none,0,read_only_analytics_ledger
2026-05-30T19:15:20+00:00,execution_engine_v2,131,5,0,3,0,2,5,73,5,"{""high_11_25"": 8, ""low_1_3"": 64, ""medium_4_10"": 34, ""very_high_26_plus"": 25}","{""baseline_fallback"": 31, ""evaluator"": 100}","{""baseline_executable"": 31, ""high_importance"": 30, ""high_urgency"": 1, ""large_effort"": 1, ""medium_effort"": 20, ""medium_urgency"": 1, ""operational_context"": 24, ""planning_work"": 4, ""preparation_work"": 2, ""quick_win"": 47, ""strategic_context"": 19}","{""high_importance"": 5, ""high_urgency"": 1, ""medium_effort"": 1, ""operational_context"": 4, ""quick_win"": 3}","{""explicit_marker"": 3, ""manual_or_unknown"": 2}","[""Submit University of Windsor pension forms"", ""Fix timezone issue with Bread Basket app"", ""Send welcome email to bread workshop participants"", ""Send WhatsApp message to Solara Bread Community about timezone issues with the Bread Basket app"", ""Update Notion page for Almanac June Bread Club""]",none,0,read_only_analytics_ledger
2026-05-30T19:30:23+00:00,execution_engine_v2,131,5,0,3,0,2,5,74,5,"{""high_11_25"": 8, ""low_1_3"": 64, ""medium_4_10"": 34, ""very_high_26_plus"": 25}","{""baseline_fallback"": 31, ""evaluator"": 100}","{""baseline_executable"": 31, ""high_importance"": 30, ""high_urgency"": 1, ""large_effort"": 1, ""medium_effort"": 20, ""medium_urgency"": 1, ""operational_context"": 24, ""planning_work"": 4, ""preparation_work"": 2, ""quick_win"": 47, ""strategic_context"": 19}","{""high_importance"": 5, ""high_urgency"": 1, ""medium_effort"": 1, ""operational_context"": 4, ""quick_win"": 3}","{""explicit_marker"": 3, ""manual_or_unknown"": 2}","[""Submit University of Windsor pension forms"", ""Fix timezone issue with Bread Basket app"", ""Send welcome email to bread workshop participants"", ""Send WhatsApp message to Solara Bread Community about timezone issues with the Bread Basket app"", ""Update Notion page for Almanac June Bread Club""]",none,0,read_only_analytics_ledger
2026-05-30T19:45:19+00:00,execution_engine_v2,131,5,0,3,0,2,5,75,5,"{""high_11_25"": 8, ""low_1_3"": 64, ""medium_4_10"": 34, ""very_high_26_plus"": 25}","{""baseline_fallback"": 31, ""evaluator"": 100}","{""baseline_executable"": 31, ""high_importance"": 30, ""high_urgency"": 1, ""large_effort"": 1, ""medium_effort"": 20, ""medium_urgency"": 1, ""operational_context"": 24, ""planning_work"": 4, ""preparation_work"": 2, ""quick_win"": 47, ""strategic_context"": 19}","{""high_importance"": 5, ""high_urgency"": 1, ""medium_effort"": 1, ""operational_context"": 4, ""quick_win"": 3}","{""explicit_marker"": 3, ""manual_or_unknown"": 2}","[""Submit University of Windsor pension forms"", ""Fix timezone issue with Bread Basket app"", ""Send welcome email to bread workshop participants"", ""Send WhatsApp message to Solara Bread Community about timezone issues with the Bread Basket app"", ""Update Notion page for Almanac June Bread Club""]",none,0,read_only_analytics_ledger
2026-05-30T20:00:23+00:00,execution_engine_v2,131,5,0,3,0,2,5,76,5,"{""high_11_25"": 8, ""low_1_3"": 64, ""medium_4_10"": 34, ""very_high_26_plus"": 25}","{""baseline_fallback"": 31, ""evaluator"": 100}","{""baseline_executable"": 31, ""high_importance"": 30, ""high_urgency"": 1, ""large_effort"": 1, ""medium_effort"": 20, ""medium_urgency"": 1, ""operational_context"": 24, ""planning_work"": 4, ""preparation_work"": 2, ""quick_win"": 47, ""strategic_context"": 19}","{""high_importance"": 5, ""high_urgency"": 1, ""medium_effort"": 1, ""operational_context"": 4, ""quick_win"": 3}","{""explicit_marker"": 3, ""manual_or_unknown"": 2}","[""Submit University of Windsor pension forms"", ""Fix timezone issue with Bread Basket app"", ""Send welcome email to bread workshop participants"", ""Send WhatsApp message to Solara Bread Community about timezone issues with the Bread Basket app"", ""Update Notion page for Almanac June Bread Club""]",none,0,read_only_analytics_ledger
2026-05-30T20:15:18+00:00,execution_engine_v2,131,5,0,3,0,2,5,77,5,"{""high_11_25"": 8, ""low_1_3"": 64, ""medium_4_10"": 34, ""very_high_26_plus"": 25}","{""baseline_fallback"": 31, ""evaluator"": 100}","{""baseline_executable"": 31, ""high_importance"": 30, ""high_urgency"": 1, ""large_effort"": 1, ""medium_effort"": 20, ""medium_urgency"": 1, ""operational_context"": 24, ""planning_work"": 4, ""preparation_work"": 2, ""quick_win"": 47, ""strategic_context"": 19}","{""high_importance"": 5, ""high_urgency"": 1, ""medium_effort"": 1, ""operational_context"": 4, ""quick_win"": 3}","{""explicit_marker"": 3, ""manual_or_unknown"": 2}","[""Submit University of Windsor pension forms"", ""Fix timezone issue with Bread Basket app"", ""Send welcome email to bread workshop participants"", ""Send WhatsApp message to Solara Bread Community about timezone issues with the Bread Basket app"", ""Update Notion page for Almanac June Bread Club""]",none,0,read_only_analytics_ledger
2026-05-30T20:30:21+00:00,execution_engine_v2,131,5,0,3,0,2,5,78,5,"{""high_11_25"": 8, ""low_1_3"": 64, ""medium_4_10"": 34, ""very_high_26_plus"": 25}","{""baseline_fallback"": 31, ""evaluator"": 100}","{""baseline_executable"": 31, ""high_importance"": 30, ""high_urgency"": 1, ""large_effort"": 1, ""medium_effort"": 20, ""medium_urgency"": 1, ""operational_context"": 24, ""planning_work"": 4, ""preparation_work"": 2, ""quick_win"": 47, ""strategic_context"": 19}","{""high_importance"": 5, ""high_urgency"": 1, ""medium_effort"": 1, ""operational_context"": 4, ""quick_win"": 3}","{""explicit_marker"": 3, ""manual_or_unknown"": 2}","[""Submit University of Windsor pension forms"", ""Fix timezone issue with Bread Basket app"", ""Send welcome email to bread workshop participants"", ""Send WhatsApp message to Solara Bread Community about timezone issues with the Bread Basket app"", ""Update Notion page for Almanac June Bread Club""]",none,0,read_only_analytics_ledger
2026-05-30T20:45:23+00:00,execution_engine_v2,131,5,0,3,0,2,5,79,5,"{""high_11_25"": 8, ""low_1_3"": 64, ""medium_4_10"": 34, ""very_high_26_plus"": 25}","{""baseline_fallback"": 31, ""evaluator"": 100}","{""baseline_executable"": 31, ""high_importance"": 30, ""high_urgency"": 1, ""large_effort"": 1, ""medium_effort"": 20, ""medium_urgency"": 1, ""operational_context"": 24, ""planning_work"": 4, ""preparation_work"": 2, ""quick_win"": 47, ""strategic_context"": 19}","{""high_importance"": 5, ""high_urgency"": 1, ""medium_effort"": 1, ""operational_context"": 4, ""quick_win"": 3}","{""explicit_marker"": 3, ""manual_or_unknown"": 2}","[""Submit University of Windsor pension forms"", ""Fix timezone issue with Bread Basket app"", ""Send welcome email to bread workshop participants"", ""Send WhatsApp message to Solara Bread Community about timezone issues with the Bread Basket app"", ""Update Notion page for Almanac June Bread Club""]",none,0,read_only_analytics_ledger
2026-05-30T21:00:20+00:00,execution_engine_v2,131,5,0,3,0,2,5,80,5,"{""high_11_25"": 8, ""low_1_3"": 64, ""medium_4_10"": 34, ""very_high_26_plus"": 25}","{""baseline_fallback"": 31, ""evaluator"": 100}","{""baseline_executable"": 31, ""high_importance"": 30, ""high_urgency"": 1, ""large_effort"": 1, ""medium_effort"": 20, ""medium_urgency"": 1, ""operational_context"": 24, ""planning_work"": 4, ""preparation_work"": 2, ""quick_win"": 47, ""strategic_context"": 19}","{""high_importance"": 5, ""high_urgency"": 1, ""medium_effort"": 1, ""operational_context"": 4, ""quick_win"": 3}","{""explicit_marker"": 3, ""manual_or_unknown"": 2}","[""Submit University of Windsor pension forms"", ""Fix timezone issue with Bread Basket app"", ""Send welcome email to bread workshop participants"", ""Send WhatsApp message to Solara Bread Community about timezone issues with the Bread Basket app"", ""Update Notion page for Almanac June Bread Club""]",none,0,read_only_analytics_ledger
2026-05-30T21:15:18+00:00,execution_engine_v2,131,5,0,3,0,2,5,81,5,"{""high_11_25"": 8, ""low_1_3"": 64, ""medium_4_10"": 34, ""very_high_26_plus"": 25}","{""baseline_fallback"": 31, ""evaluator"": 100}","{""baseline_executable"": 31, ""high_importance"": 30, ""high_urgency"": 1, ""large_effort"": 1, ""medium_effort"": 20, ""medium_urgency"": 1, ""operational_context"": 24, ""planning_work"": 4, ""preparation_work"": 2, ""quick_win"": 47, ""strategic_context"": 19}","{""high_importance"": 5, ""high_urgency"": 1, ""medium_effort"": 1, ""operational_context"": 4, ""quick_win"": 3}","{""explicit_marker"": 3, ""manual_or_unknown"": 2}","[""Submit University of Windsor pension forms"", ""Fix timezone issue with Bread Basket app"", ""Send welcome email to bread workshop participants"", ""Send WhatsApp message to Solara Bread Community about timezone issues with the Bread Basket app"", ""Update Notion page for Almanac June Bread Club""]",none,0,read_only_analytics_ledger
2026-05-30T22:00:55+00:00,execution_engine_v2,131,5,0,3,0,2,5,82,5,"{""high_11_25"": 8, ""low_1_3"": 64, ""medium_4_10"": 34, ""very_high_26_plus"": 25}","{""baseline_fallback"": 31, ""evaluator"": 100}","{""baseline_executable"": 31, ""high_importance"": 30, ""high_urgency"": 1, ""large_effort"": 1, ""medium_effort"": 20, ""medium_urgency"": 1, ""operational_context"": 24, ""planning_work"": 4, ""preparation_work"": 2, ""quick_win"": 47, ""strategic_context"": 19}","{""high_importance"": 5, ""high_urgency"": 1, ""medium_effort"": 1, ""operational_context"": 4, ""quick_win"": 3}","{""explicit_marker"": 3, ""manual_or_unknown"": 2}","[""Submit University of Windsor pension forms"", ""Fix timezone issue with Bread Basket app"", ""Send welcome email to bread workshop participants"", ""Send WhatsApp message to Solara Bread Community about timezone issues with the Bread Basket app"", ""Update Notion page for Almanac June Bread Club""]",none,0,read_only_analytics_ledger
2026-05-30T22:30:19+00:00,execution_engine_v2,131,5,0,3,0,2,5,83,5,"{""high_11_25"": 8, ""low_1_3"": 64, ""medium_4_10"": 34, ""very_high_26_plus"": 25}","{""baseline_fallback"": 31, ""evaluator"": 100}","{""baseline_executable"": 31, ""high_importance"": 30, ""high_urgency"": 1, ""large_effort"": 1, ""medium_effort"": 20, ""medium_urgency"": 1, ""operational_context"": 24, ""planning_work"": 4, ""preparation_work"": 2, ""quick_win"": 47, ""strategic_context"": 19}","{""high_importance"": 5, ""high_urgency"": 1, ""medium_effort"": 1, ""operational_context"": 4, ""quick_win"": 3}","{""explicit_marker"": 3, ""manual_or_unknown"": 2}","[""Submit University of Windsor pension forms"", ""Fix timezone issue with Bread Basket app"", ""Send welcome email to bread workshop participants"", ""Send WhatsApp message to Solara Bread Community about timezone issues with the Bread Basket app"", ""Update Notion page for Almanac June Bread Club""]",none,0,read_only_analytics_ledger
2026-05-30T22:45:25+00:00,execution_engine_v2,131,5,0,3,0,2,5,84,5,"{""high_11_25"": 8, ""low_1_3"": 64, ""medium_4_10"": 34, ""very_high_26_plus"": 25}","{""baseline_fallback"": 31, ""evaluator"": 100}","{""baseline_executable"": 31, ""high_importance"": 30, ""high_urgency"": 1, ""large_effort"": 1, ""medium_effort"": 20, ""medium_urgency"": 1, ""operational_context"": 24, ""planning_work"": 4, ""preparation_work"": 2, ""quick_win"": 47, ""strategic_context"": 19}","{""high_importance"": 5, ""high_urgency"": 1, ""medium_effort"": 1, ""operational_context"": 4, ""quick_win"": 3}","{""explicit_marker"": 3, ""manual_or_unknown"": 2}","[""Submit University of Windsor pension forms"", ""Fix timezone issue with Bread Basket app"", ""Send welcome email to bread workshop participants"", ""Send WhatsApp message to Solara Bread Community about timezone issues with the Bread Basket app"", ""Update Notion page for Almanac June Bread Club""]",none,0,read_only_analytics_ledger
2026-05-30T23:30:21+00:00,execution_engine_v2,131,5,0,3,0,2,5,85,5,"{""high_11_25"": 8, ""low_1_3"": 64, ""medium_4_10"": 34, ""very_high_26_plus"": 25}","{""baseline_fallback"": 31, ""evaluator"": 100}","{""baseline_executable"": 31, ""high_importance"": 30, ""high_urgency"": 1, ""large_effort"": 1, ""medium_effort"": 20, ""medium_urgency"": 1, ""operational_context"": 24, ""planning_work"": 4, ""preparation_work"": 2, ""quick_win"": 47, ""strategic_context"": 19}","{""high_importance"": 5, ""high_urgency"": 1, ""medium_effort"": 1, ""operational_context"": 4, ""quick_win"": 3}","{""explicit_marker"": 3, ""manual_or_unknown"": 2}","[""Submit University of Windsor pension forms"", ""Fix timezone issue with Bread Basket app"", ""Send welcome email to bread workshop participants"", ""Send WhatsApp message to Solara Bread Community about timezone issues with the Bread Basket app"", ""Update Notion page for Almanac June Bread Club""]",none,0,read_only_analytics_ledger
2026-05-30T23:45:23+00:00,execution_engine_v2,131,5,0,3,0,2,5,86,5,"{""high_11_25"": 8, ""low_1_3"": 64, ""medium_4_10"": 34, ""very_high_26_plus"": 25}","{""baseline_fallback"": 31, ""evaluator"": 100}","{""baseline_executable"": 31, ""high_importance"": 30, ""high_urgency"": 1, ""large_effort"": 1, ""medium_effort"": 20, ""medium_urgency"": 1, ""operational_context"": 24, ""planning_work"": 4, ""preparation_work"": 2, ""quick_win"": 47, ""strategic_context"": 19}","{""high_importance"": 5, ""high_urgency"": 1, ""medium_effort"": 1, ""operational_context"": 4, ""quick_win"": 3}","{""explicit_marker"": 3, ""manual_or_unknown"": 2}","[""Submit University of Windsor pension forms"", ""Fix timezone issue with Bread Basket app"", ""Send welcome email to bread workshop participants"", ""Send WhatsApp message to Solara Bread Community about timezone issues with the Bread Basket app"", ""Update Notion page for Almanac June Bread Club""]",none,0,read_only_analytics_ledger
2026-05-31T00:00:29+00:00,execution_engine_v2,131,5,0,3,0,2,5,87,5,"{""high_11_25"": 8, ""low_1_3"": 64, ""medium_4_10"": 34, ""very_high_26_plus"": 25}","{""baseline_fallback"": 31, ""evaluator"": 100}","{""baseline_executable"": 31, ""high_importance"": 30, ""high_urgency"": 1, ""large_effort"": 1, ""medium_effort"": 20, ""medium_urgency"": 1, ""operational_context"": 24, ""planning_work"": 4, ""preparation_work"": 2, ""quick_win"": 47, ""strategic_context"": 19}","{""high_importance"": 5, ""high_urgency"": 1, ""medium_effort"": 1, ""operational_context"": 4, ""quick_win"": 3}","{""explicit_marker"": 3, ""manual_or_unknown"": 2}","[""Submit University of Windsor pension forms"", ""Fix timezone issue with Bread Basket app"", ""Send welcome email to bread workshop participants"", ""Send WhatsApp message to Solara Bread Community about timezone issues with the Bread Basket app"", ""Update Notion page for Almanac June Bread Club""]",none,0,read_only_analytics_ledger
2026-05-31T00:15:28+00:00,execution_engine_v2,131,5,0,3,0,2,5,88,5,"{""high_11_25"": 8, ""low_1_3"": 64, ""medium_4_10"": 34, ""very_high_26_plus"": 25}","{""baseline_fallback"": 31, ""evaluator"": 100}","{""baseline_executable"": 31, ""high_importance"": 30, ""high_urgency"": 1, ""large_effort"": 1, ""medium_effort"": 20, ""medium_urgency"": 1, ""operational_context"": 24, ""planning_work"": 4, ""preparation_work"": 2, ""quick_win"": 47, ""strategic_context"": 19}","{""high_importance"": 5, ""high_urgency"": 1, ""medium_effort"": 1, ""operational_context"": 4, ""quick_win"": 3}","{""explicit_marker"": 3, ""manual_or_unknown"": 2}","[""Submit University of Windsor pension forms"", ""Fix timezone issue with Bread Basket app"", ""Send welcome email to bread workshop participants"", ""Send WhatsApp message to Solara Bread Community about timezone issues with the Bread Basket app"", ""Update Notion page for Almanac June Bread Club""]",none,0,read_only_analytics_ledger
2026-05-31T00:30:38+00:00,execution_engine_v2,131,5,0,3,0,2,5,89,5,"{""high_11_25"": 8, ""low_1_3"": 64, ""medium_4_10"": 34, ""very_high_26_plus"": 25}","{""baseline_fallback"": 31, ""evaluator"": 100}","{""baseline_executable"": 31, ""high_importance"": 30, ""high_urgency"": 1, ""large_effort"": 1, ""medium_effort"": 20, ""medium_urgency"": 1, ""operational_context"": 24, ""planning_work"": 4, ""preparation_work"": 2, ""quick_win"": 47, ""strategic_context"": 19}","{""high_importance"": 5, ""high_urgency"": 1, ""medium_effort"": 1, ""operational_context"": 4, ""quick_win"": 3}","{""explicit_marker"": 3, ""manual_or_unknown"": 2}","[""Submit University of Windsor pension forms"", ""Fix timezone issue with Bread Basket app"", ""Send welcome email to bread workshop participants"", ""Send WhatsApp message to Solara Bread Community about timezone issues with the Bread Basket app"", ""Update Notion page for Almanac June Bread Club""]",none,0,read_only_analytics_ledger
2026-05-31T09:00:21+00:00,execution_engine_v2,131,5,0,3,0,2,5,90,5,"{""high_11_25"": 8, ""low_1_3"": 64, ""medium_4_10"": 34, ""very_high_26_plus"": 25}","{""baseline_fallback"": 31, ""evaluator"": 100}","{""baseline_executable"": 31, ""high_importance"": 30, ""high_urgency"": 1, ""large_effort"": 1, ""medium_effort"": 20, ""medium_urgency"": 1, ""operational_context"": 24, ""planning_work"": 4, ""preparation_work"": 2, ""quick_win"": 47, ""strategic_context"": 19}","{""high_importance"": 5, ""high_urgency"": 1, ""medium_effort"": 1, ""operational_context"": 4, ""quick_win"": 3}","{""explicit_marker"": 3, ""manual_or_unknown"": 2}","[""Submit University of Windsor pension forms"", ""Fix timezone issue with Bread Basket app"", ""Send welcome email to bread workshop participants"", ""Send WhatsApp message to Solara Bread Community about timezone issues with the Bread Basket app"", ""Update Notion page for Almanac June Bread Club""]",none,0,read_only_analytics_ledger
2026-05-31T09:15:28+00:00,execution_engine_v2,131,5,0,3,0,2,5,91,5,"{""high_11_25"": 8, ""low_1_3"": 64, ""medium_4_10"": 34, ""very_high_26_plus"": 25}","{""baseline_fallback"": 31, ""evaluator"": 100}","{""baseline_executable"": 31, ""high_importance"": 30, ""high_urgency"": 1, ""large_effort"": 1, ""medium_effort"": 20, ""medium_urgency"": 1, ""operational_context"": 24, ""planning_work"": 4, ""preparation_work"": 2, ""quick_win"": 47, ""strategic_context"": 19}","{""high_importance"": 5, ""high_urgency"": 1, ""medium_effort"": 1, ""operational_context"": 4, ""quick_win"": 3}","{""explicit_marker"": 3, ""manual_or_unknown"": 2}","[""Submit University of Windsor pension forms"", ""Fix timezone issue with Bread Basket app"", ""Send welcome email to bread workshop participants"", ""Send WhatsApp message to Solara Bread Community about timezone issues with the Bread Basket app"", ""Update Notion page for Almanac June Bread Club""]",none,0,read_only_analytics_ledger
2026-05-31T09:30:23+00:00,execution_engine_v2,131,5,0,3,0,2,5,92,5,"{""high_11_25"": 8, ""low_1_3"": 64, ""medium_4_10"": 34, ""very_high_26_plus"": 25}","{""baseline_fallback"": 31, ""evaluator"": 100}","{""baseline_executable"": 31, ""high_importance"": 30, ""high_urgency"": 1, ""large_effort"": 1, ""medium_effort"": 20, ""medium_urgency"": 1, ""operational_context"": 24, ""planning_work"": 4, ""preparation_work"": 2, ""quick_win"": 47, ""strategic_context"": 19}","{""high_importance"": 5, ""high_urgency"": 1, ""medium_effort"": 1, ""operational_context"": 4, ""quick_win"": 3}","{""explicit_marker"": 3, ""manual_or_unknown"": 2}","[""Submit University of Windsor pension forms"", ""Fix timezone issue with Bread Basket app"", ""Send welcome email to bread workshop participants"", ""Send WhatsApp message to Solara Bread Community about timezone issues with the Bread Basket app"", ""Update Notion page for Almanac June Bread Club""]",none,0,read_only_analytics_ledger
2026-05-31T09:45:22+00:00,execution_engine_v2,131,5,0,3,0,2,5,93,5,"{""high_11_25"": 8, ""low_1_3"": 64, ""medium_4_10"": 34, ""very_high_26_plus"": 25}","{""baseline_fallback"": 31, ""evaluator"": 100}","{""baseline_executable"": 31, ""high_importance"": 30, ""high_urgency"": 1, ""large_effort"": 1, ""medium_effort"": 20, ""medium_urgency"": 1, ""operational_context"": 24, ""planning_work"": 4, ""preparation_work"": 2, ""quick_win"": 47, ""strategic_context"": 19}","{""high_importance"": 5, ""high_urgency"": 1, ""medium_effort"": 1, ""operational_context"": 4, ""quick_win"": 3}","{""explicit_marker"": 3, ""manual_or_unknown"": 2}","[""Submit University of Windsor pension forms"", ""Fix timezone issue with Bread Basket app"", ""Send welcome email to bread workshop participants"", ""Send WhatsApp message to Solara Bread Community about timezone issues with the Bread Basket app"", ""Update Notion page for Almanac June Bread Club""]",none,0,read_only_analytics_ledger
2026-05-31T10:00:20+00:00,execution_engine_v2,131,5,0,3,0,2,5,94,5,"{""high_11_25"": 8, ""low_1_3"": 64, ""medium_4_10"": 34, ""very_high_26_plus"": 25}","{""baseline_fallback"": 31, ""evaluator"": 100}","{""baseline_executable"": 31, ""high_importance"": 30, ""high_urgency"": 1, ""large_effort"": 1, ""medium_effort"": 20, ""medium_urgency"": 1, ""operational_context"": 24, ""planning_work"": 4, ""preparation_work"": 2, ""quick_win"": 47, ""strategic_context"": 19}","{""high_importance"": 5, ""high_urgency"": 1, ""medium_effort"": 1, ""operational_context"": 4, ""quick_win"": 3}","{""explicit_marker"": 3, ""manual_or_unknown"": 2}","[""Submit University of Windsor pension forms"", ""Fix timezone issue with Bread Basket app"", ""Send welcome email to bread workshop participants"", ""Send WhatsApp message to Solara Bread Community about timezone issues with the Bread Basket app"", ""Update Notion page for Almanac June Bread Club""]",none,0,read_only_analytics_ledger
2026-05-31T10:15:18+00:00,execution_engine_v2,131,5,0,3,0,2,5,95,5,"{""high_11_25"": 8, ""low_1_3"": 64, ""medium_4_10"": 34, ""very_high_26_plus"": 25}","{""baseline_fallback"": 31, ""evaluator"": 100}","{""baseline_executable"": 31, ""high_importance"": 30, ""high_urgency"": 1, ""large_effort"": 1, ""medium_effort"": 20, ""medium_urgency"": 1, ""operational_context"": 24, ""planning_work"": 4, ""preparation_work"": 2, ""quick_win"": 47, ""strategic_context"": 19}","{""high_importance"": 5, ""high_urgency"": 1, ""medium_effort"": 1, ""operational_context"": 4, ""quick_win"": 3}","{""explicit_marker"": 3, ""manual_or_unknown"": 2}","[""Submit University of Windsor pension forms"", ""Fix timezone issue with Bread Basket app"", ""Send welcome email to bread workshop participants"", ""Send WhatsApp message to Solara Bread Community about timezone issues with the Bread Basket app"", ""Update Notion page for Almanac June Bread Club""]",none,0,read_only_analytics_ledger
2026-05-31T10:30:20+00:00,execution_engine_v2,131,5,0,3,0,2,5,96,5,"{""high_11_25"": 8, ""low_1_3"": 64, ""medium_4_10"": 34, ""very_high_26_plus"": 25}","{""baseline_fallback"": 31, ""evaluator"": 100}","{""baseline_executable"": 31, ""high_importance"": 30, ""high_urgency"": 1, ""large_effort"": 1, ""medium_effort"": 20, ""medium_urgency"": 1, ""operational_context"": 24, ""planning_work"": 4, ""preparation_work"": 2, ""quick_win"": 47, ""strategic_context"": 19}","{""high_importance"": 5, ""high_urgency"": 1, ""medium_effort"": 1, ""operational_context"": 4, ""quick_win"": 3}","{""explicit_marker"": 3, ""manual_or_unknown"": 2}","[""Submit University of Windsor pension forms"", ""Fix timezone issue with Bread Basket app"", ""Send welcome email to bread workshop participants"", ""Send WhatsApp message to Solara Bread Community about timezone issues with the Bread Basket app"", ""Update Notion page for Almanac June Bread Club""]",none,0,read_only_analytics_ledger
2026-05-31T10:45:20+00:00,execution_engine_v2,131,5,0,3,0,2,5,97,5,"{""high_11_25"": 8, ""low_1_3"": 64, ""medium_4_10"": 34, ""very_high_26_plus"": 25}","{""baseline_fallback"": 31, ""evaluator"": 100}","{""baseline_executable"": 31, ""high_importance"": 30, ""high_urgency"": 1, ""large_effort"": 1, ""medium_effort"": 20, ""medium_urgency"": 1, ""operational_context"": 24, ""planning_work"": 4, ""preparation_work"": 2, ""quick_win"": 47, ""strategic_context"": 19}","{""high_importance"": 5, ""high_urgency"": 1, ""medium_effort"": 1, ""operational_context"": 4, ""quick_win"": 3}","{""explicit_marker"": 3, ""manual_or_unknown"": 2}","[""Submit University of Windsor pension forms"", ""Fix timezone issue with Bread Basket app"", ""Send welcome email to bread workshop participants"", ""Send WhatsApp message to Solara Bread Community about timezone issues with the Bread Basket app"", ""Update Notion page for Almanac June Bread Club""]",none,0,read_only_analytics_ledger
2026-05-31T11:00:22+00:00,execution_engine_v2,131,5,0,3,0,2,5,98,5,"{""high_11_25"": 8, ""low_1_3"": 64, ""medium_4_10"": 34, ""very_high_26_plus"": 25}","{""baseline_fallback"": 31, ""evaluator"": 100}","{""baseline_executable"": 31, ""high_importance"": 30, ""high_urgency"": 1, ""large_effort"": 1, ""medium_effort"": 20, ""medium_urgency"": 1, ""operational_context"": 24, ""planning_work"": 4, ""preparation_work"": 2, ""quick_win"": 47, ""strategic_context"": 19}","{""high_importance"": 5, ""high_urgency"": 1, ""medium_effort"": 1, ""operational_context"": 4, ""quick_win"": 3}","{""explicit_marker"": 3, ""manual_or_unknown"": 2}","[""Submit University of Windsor pension forms"", ""Fix timezone issue with Bread Basket app"", ""Send welcome email to bread workshop participants"", ""Send WhatsApp message to Solara Bread Community about timezone issues with the Bread Basket app"", ""Update Notion page for Almanac June Bread Club""]",none,0,read_only_analytics_ledger
2026-05-31T11:15:16+00:00,execution_engine_v2,131,5,0,3,0,2,5,99,5,"{""high_11_25"": 8, ""low_1_3"": 64, ""medium_4_10"": 34, ""very_high_26_plus"": 25}","{""baseline_fallback"": 31, ""evaluator"": 100}","{""baseline_executable"": 31, ""high_importance"": 30, ""high_urgency"": 1, ""large_effort"": 1, ""medium_effort"": 20, ""medium_urgency"": 1, ""operational_context"": 24, ""planning_work"": 4, ""preparation_work"": 2, ""quick_win"": 47, ""strategic_context"": 19}","{""high_importance"": 5, ""high_urgency"": 1, ""medium_effort"": 1, ""operational_context"": 4, ""quick_win"": 3}","{""explicit_marker"": 3, ""manual_or_unknown"": 2}","[""Submit University of Windsor pension forms"", ""Fix timezone issue with Bread Basket app"", ""Send welcome email to bread workshop participants"", ""Send WhatsApp message to Solara Bread Community about timezone issues with the Bread Basket app"", ""Update Notion page for Almanac June Bread Club""]",none,0,read_only_analytics_ledger
2026-05-31T11:30:22+00:00,execution_engine_v2,131,5,0,3,0,2,5,100,5,"{""high_11_25"": 8, ""low_1_3"": 64, ""medium_4_10"": 34, ""very_high_26_plus"": 25}","{""baseline_fallback"": 31, ""evaluator"": 100}","{""baseline_executable"": 31, ""high_importance"": 30, ""high_urgency"": 1, ""large_effort"": 1, ""medium_effort"": 20, ""medium_urgency"": 1, ""operational_context"": 24, ""planning_work"": 4, ""preparation_work"": 2, ""quick_win"": 47, ""strategic_context"": 19}","{""high_importance"": 5, ""high_urgency"": 1, ""medium_effort"": 1, ""operational_context"": 4, ""quick_win"": 3}","{""explicit_marker"": 3, ""manual_or_unknown"": 2}","[""Submit University of Windsor pension forms"", ""Fix timezone issue with Bread Basket app"", ""Send welcome email to bread workshop participants"", ""Send WhatsApp message to Solara Bread Community about timezone issues with the Bread Basket app"", ""Update Notion page for Almanac June Bread Club""]",none,0,read_only_analytics_ledger
2026-05-31T11:45:23+00:00,execution_engine_v2,131,5,0,3,0,2,5,101,5,"{""high_11_25"": 8, ""low_1_3"": 64, ""medium_4_10"": 34, ""very_high_26_plus"": 25}","{""baseline_fallback"": 31, ""evaluator"": 100}","{""baseline_executable"": 31, ""high_importance"": 30, ""high_urgency"": 1, ""large_effort"": 1, ""medium_effort"": 20, ""medium_urgency"": 1, ""operational_context"": 24, ""planning_work"": 4, ""preparation_work"": 2, ""quick_win"": 47, ""strategic_context"": 19}","{""high_importance"": 5, ""high_urgency"": 1, ""medium_effort"": 1, ""operational_context"": 4, ""quick_win"": 3}","{""explicit_marker"": 3, ""manual_or_unknown"": 2}","[""Submit University of Windsor pension forms"", ""Fix timezone issue with Bread Basket app"", ""Send welcome email to bread workshop participants"", ""Send WhatsApp message to Solara Bread Community about timezone issues with the Bread Basket app"", ""Update Notion page for Almanac June Bread Club""]",none,0,read_only_analytics_ledger
2026-05-31T12:00:25+00:00,execution_engine_v2,131,5,0,3,0,2,5,102,5,"{""high_11_25"": 8, ""low_1_3"": 64, ""medium_4_10"": 34, ""very_high_26_plus"": 25}","{""baseline_fallback"": 31, ""evaluator"": 100}","{""baseline_executable"": 31, ""high_importance"": 30, ""high_urgency"": 1, ""large_effort"": 1, ""medium_effort"": 20, ""medium_urgency"": 1, ""operational_context"": 24, ""planning_work"": 4, ""preparation_work"": 2, ""quick_win"": 47, ""strategic_context"": 19}","{""high_importance"": 5, ""high_urgency"": 1, ""medium_effort"": 1, ""operational_context"": 4, ""quick_win"": 3}","{""explicit_marker"": 3, ""manual_or_unknown"": 2}","[""Submit University of Windsor pension forms"", ""Fix timezone issue with Bread Basket app"", ""Send welcome email to bread workshop participants"", ""Send WhatsApp message to Solara Bread Community about timezone issues with the Bread Basket app"", ""Update Notion page for Almanac June Bread Club""]",none,0,read_only_analytics_ledger
2026-05-31T12:15:22+00:00,execution_engine_v2,131,5,0,3,0,2,5,103,5,"{""high_11_25"": 8, ""low_1_3"": 64, ""medium_4_10"": 34, ""very_high_26_plus"": 25}","{""baseline_fallback"": 31, ""evaluator"": 100}","{""baseline_executable"": 31, ""high_importance"": 30, ""high_urgency"": 1, ""large_effort"": 1, ""medium_effort"": 20, ""medium_urgency"": 1, ""operational_context"": 24, ""planning_work"": 4, ""preparation_work"": 2, ""quick_win"": 47, ""strategic_context"": 19}","{""high_importance"": 5, ""high_urgency"": 1, ""medium_effort"": 1, ""operational_context"": 4, ""quick_win"": 3}","{""explicit_marker"": 3, ""manual_or_unknown"": 2}","[""Submit University of Windsor pension forms"", ""Fix timezone issue with Bread Basket app"", ""Send welcome email to bread workshop participants"", ""Send WhatsApp message to Solara Bread Community about timezone issues with the Bread Basket app"", ""Update Notion page for Almanac June Bread Club""]",none,0,read_only_analytics_ledger
2026-05-31T12:30:24+00:00,execution_engine_v2,131,5,0,3,0,2,5,104,5,"{""high_11_25"": 8, ""low_1_3"": 64, ""medium_4_10"": 34, ""very_high_26_plus"": 25}","{""baseline_fallback"": 31, ""evaluator"": 100}","{""baseline_executable"": 31, ""high_importance"": 30, ""high_urgency"": 1, ""large_effort"": 1, ""medium_effort"": 20, ""medium_urgency"": 1, ""operational_context"": 24, ""planning_work"": 4, ""preparation_work"": 2, ""quick_win"": 47, ""strategic_context"": 19}","{""high_importance"": 5, ""high_urgency"": 1, ""medium_effort"": 1, ""operational_context"": 4, ""quick_win"": 3}","{""explicit_marker"": 3, ""manual_or_unknown"": 2}","[""Submit University of Windsor pension forms"", ""Fix timezone issue with Bread Basket app"", ""Send welcome email to bread workshop participants"", ""Send WhatsApp message to Solara Bread Community about timezone issues with the Bread Basket app"", ""Update Notion page for Almanac June Bread Club""]",none,0,read_only_analytics_ledger
2026-05-31T12:45:18+00:00,execution_engine_v2,131,5,0,3,0,2,5,105,5,"{""high_11_25"": 8, ""low_1_3"": 64, ""medium_4_10"": 34, ""very_high_26_plus"": 25}","{""baseline_fallback"": 31, ""evaluator"": 100}","{""baseline_executable"": 31, ""high_importance"": 30, ""high_urgency"": 1, ""large_effort"": 1, ""medium_effort"": 20, ""medium_urgency"": 1, ""operational_context"": 24, ""planning_work"": 4, ""preparation_work"": 2, ""quick_win"": 47, ""strategic_context"": 19}","{""high_importance"": 5, ""high_urgency"": 1, ""medium_effort"": 1, ""operational_context"": 4, ""quick_win"": 3}","{""explicit_marker"": 3, ""manual_or_unknown"": 2}","[""Submit University of Windsor pension forms"", ""Fix timezone issue with Bread Basket app"", ""Send welcome email to bread workshop participants"", ""Send WhatsApp message to Solara Bread Community about timezone issues with the Bread Basket app"", ""Update Notion page for Almanac June Bread Club""]",none,0,read_only_analytics_ledger
2026-05-31T13:00:24+00:00,execution_engine_v2,131,5,0,3,0,2,5,106,5,"{""high_11_25"": 8, ""low_1_3"": 64, ""medium_4_10"": 34, ""very_high_26_plus"": 25}","{""baseline_fallback"": 31, ""evaluator"": 100}","{""baseline_executable"": 31, ""high_importance"": 30, ""high_urgency"": 1, ""large_effort"": 1, ""medium_effort"": 20, ""medium_urgency"": 1, ""operational_context"": 24, ""planning_work"": 4, ""preparation_work"": 2, ""quick_win"": 47, ""strategic_context"": 19}","{""high_importance"": 5, ""high_urgency"": 1, ""medium_effort"": 1, ""operational_context"": 4, ""quick_win"": 3}","{""explicit_marker"": 3, ""manual_or_unknown"": 2}","[""Submit University of Windsor pension forms"", ""Fix timezone issue with Bread Basket app"", ""Send welcome email to bread workshop participants"", ""Send WhatsApp message to Solara Bread Community about timezone issues with the Bread Basket app"", ""Update Notion page for Almanac June Bread Club""]",none,0,read_only_analytics_ledger
2026-05-31T13:15:26+00:00,execution_engine_v2,131,5,0,3,0,2,5,107,5,"{""high_11_25"": 8, ""low_1_3"": 64, ""medium_4_10"": 34, ""very_high_26_plus"": 25}","{""baseline_fallback"": 31, ""evaluator"": 100}","{""baseline_executable"": 31, ""high_importance"": 30, ""high_urgency"": 1, ""large_effort"": 1, ""medium_effort"": 20, ""medium_urgency"": 1, ""operational_context"": 24, ""planning_work"": 4, ""preparation_work"": 2, ""quick_win"": 47, ""strategic_context"": 19}","{""high_importance"": 5, ""high_urgency"": 1, ""medium_effort"": 1, ""operational_context"": 4, ""quick_win"": 3}","{""explicit_marker"": 3, ""manual_or_unknown"": 2}","[""Submit University of Windsor pension forms"", ""Fix timezone issue with Bread Basket app"", ""Send welcome email to bread workshop participants"", ""Send WhatsApp message to Solara Bread Community about timezone issues with the Bread Basket app"", ""Update Notion page for Almanac June Bread Club""]",none,0,read_only_analytics_ledger
2026-05-31T13:30:24+00:00,execution_engine_v2,131,5,0,3,0,2,5,108,5,"{""high_11_25"": 8, ""low_1_3"": 64, ""medium_4_10"": 34, ""very_high_26_plus"": 25}","{""baseline_fallback"": 31, ""evaluator"": 100}","{""baseline_executable"": 31, ""high_importance"": 30, ""high_urgency"": 1, ""large_effort"": 1, ""medium_effort"": 20, ""medium_urgency"": 1, ""operational_context"": 24, ""planning_work"": 4, ""preparation_work"": 2, ""quick_win"": 47, ""strategic_context"": 19}","{""high_importance"": 5, ""high_urgency"": 1, ""medium_effort"": 1, ""operational_context"": 4, ""quick_win"": 3}","{""explicit_marker"": 3, ""manual_or_unknown"": 2}","[""Submit University of Windsor pension forms"", ""Fix timezone issue with Bread Basket app"", ""Send welcome email to bread workshop participants"", ""Send WhatsApp message to Solara Bread Community about timezone issues with the Bread Basket app"", ""Update Notion page for Almanac June Bread Club""]",none,0,read_only_analytics_ledger
2026-05-31T13:45:22+00:00,execution_engine_v2,131,5,0,3,0,2,5,109,5,"{""high_11_25"": 8, ""low_1_3"": 64, ""medium_4_10"": 34, ""very_high_26_plus"": 25}","{""baseline_fallback"": 31, ""evaluator"": 100}","{""baseline_executable"": 31, ""high_importance"": 30, ""high_urgency"": 1, ""large_effort"": 1, ""medium_effort"": 20, ""medium_urgency"": 1, ""operational_context"": 24, ""planning_work"": 4, ""preparation_work"": 2, ""quick_win"": 47, ""strategic_context"": 19}","{""high_importance"": 5, ""high_urgency"": 1, ""medium_effort"": 1, ""operational_context"": 4, ""quick_win"": 3}","{""explicit_marker"": 3, ""manual_or_unknown"": 2}","[""Submit University of Windsor pension forms"", ""Fix timezone issue with Bread Basket app"", ""Send welcome email to bread workshop participants"", ""Send WhatsApp message to Solara Bread Community about timezone issues with the Bread Basket app"", ""Update Notion page for Almanac June Bread Club""]",none,0,read_only_analytics_ledger
2026-05-31T14:00:22+00:00,execution_engine_v2,131,5,0,3,0,2,5,110,5,"{""high_11_25"": 8, ""low_1_3"": 64, ""medium_4_10"": 34, ""very_high_26_plus"": 25}","{""baseline_fallback"": 31, ""evaluator"": 100}","{""baseline_executable"": 31, ""high_importance"": 30, ""high_urgency"": 1, ""large_effort"": 1, ""medium_effort"": 20, ""medium_urgency"": 1, ""operational_context"": 24, ""planning_work"": 4, ""preparation_work"": 2, ""quick_win"": 47, ""strategic_context"": 19}","{""high_importance"": 5, ""high_urgency"": 1, ""medium_effort"": 1, ""operational_context"": 4, ""quick_win"": 3}","{""explicit_marker"": 3, ""manual_or_unknown"": 2}","[""Submit University of Windsor pension forms"", ""Fix timezone issue with Bread Basket app"", ""Send welcome email to bread workshop participants"", ""Send WhatsApp message to Solara Bread Community about timezone issues with the Bread Basket app"", ""Update Notion page for Almanac June Bread Club""]",none,0,read_only_analytics_ledger
2026-05-31T14:15:27+00:00,execution_engine_v2,131,5,0,3,0,2,5,111,5,"{""high_11_25"": 8, ""low_1_3"": 64, ""medium_4_10"": 34, ""very_high_26_plus"": 25}","{""baseline_fallback"": 31, ""evaluator"": 100}","{""baseline_executable"": 31, ""high_importance"": 30, ""high_urgency"": 1, ""large_effort"": 1, ""medium_effort"": 20, ""medium_urgency"": 1, ""operational_context"": 24, ""planning_work"": 4, ""preparation_work"": 2, ""quick_win"": 47, ""strategic_context"": 19}","{""high_importance"": 5, ""high_urgency"": 1, ""medium_effort"": 1, ""operational_context"": 4, ""quick_win"": 3}","{""explicit_marker"": 3, ""manual_or_unknown"": 2}","[""Submit University of Windsor pension forms"", ""Fix timezone issue with Bread Basket app"", ""Send welcome email to bread workshop participants"", ""Send WhatsApp message to Solara Bread Community about timezone issues with the Bread Basket app"", ""Update Notion page for Almanac June Bread Club""]",none,0,read_only_analytics_ledger
2026-05-31T14:30:25+00:00,execution_engine_v2,131,5,0,3,0,2,5,112,5,"{""high_11_25"": 8, ""low_1_3"": 64, ""medium_4_10"": 34, ""very_high_26_plus"": 25}","{""baseline_fallback"": 31, ""evaluator"": 100}","{""baseline_executable"": 31, ""high_importance"": 30, ""high_urgency"": 1, ""large_effort"": 1, ""medium_effort"": 20, ""medium_urgency"": 1, ""operational_context"": 24, ""planning_work"": 4, ""preparation_work"": 2, ""quick_win"": 47, ""strategic_context"": 19}","{""high_importance"": 5, ""high_urgency"": 1, ""medium_effort"": 1, ""operational_context"": 4, ""quick_win"": 3}","{""explicit_marker"": 3, ""manual_or_unknown"": 2}","[""Submit University of Windsor pension forms"", ""Fix timezone issue with Bread Basket app"", ""Send welcome email to bread workshop participants"", ""Send WhatsApp message to Solara Bread Community about timezone issues with the Bread Basket app"", ""Update Notion page for Almanac June Bread Club""]",none,0,read_only_analytics_ledger
2026-05-31T14:45:23+00:00,execution_engine_v2,131,5,0,3,0,2,5,113,5,"{""high_11_25"": 8, ""low_1_3"": 64, ""medium_4_10"": 34, ""very_high_26_plus"": 25}","{""baseline_fallback"": 31, ""evaluator"": 100}","{""baseline_executable"": 31, ""high_importance"": 30, ""high_urgency"": 1, ""large_effort"": 1, ""medium_effort"": 20, ""medium_urgency"": 1, ""operational_context"": 24, ""planning_work"": 4, ""preparation_work"": 2, ""quick_win"": 47, ""strategic_context"": 19}","{""high_importance"": 5, ""high_urgency"": 1, ""medium_effort"": 1, ""operational_context"": 4, ""quick_win"": 3}","{""explicit_marker"": 3, ""manual_or_unknown"": 2}","[""Submit University of Windsor pension forms"", ""Fix timezone issue with Bread Basket app"", ""Send welcome email to bread workshop participants"", ""Send WhatsApp message to Solara Bread Community about timezone issues with the Bread Basket app"", ""Update Notion page for Almanac June Bread Club""]",none,0,read_only_analytics_ledger
2026-05-31T15:00:25+00:00,execution_engine_v2,131,5,0,3,0,2,5,114,5,"{""high_11_25"": 8, ""low_1_3"": 64, ""medium_4_10"": 34, ""very_high_26_plus"": 25}","{""baseline_fallback"": 31, ""evaluator"": 100}","{""baseline_executable"": 31, ""high_importance"": 30, ""high_urgency"": 1, ""large_effort"": 1, ""medium_effort"": 20, ""medium_urgency"": 1, ""operational_context"": 24, ""planning_work"": 4, ""preparation_work"": 2, ""quick_win"": 47, ""strategic_context"": 19}","{""high_importance"": 5, ""high_urgency"": 1, ""medium_effort"": 1, ""operational_context"": 4, ""quick_win"": 3}","{""explicit_marker"": 3, ""manual_or_unknown"": 2}","[""Submit University of Windsor pension forms"", ""Fix timezone issue with Bread Basket app"", ""Send welcome email to bread workshop participants"", ""Send WhatsApp message to Solara Bread Community about timezone issues with the Bread Basket app"", ""Update Notion page for Almanac June Bread Club""]",none,0,read_only_analytics_ledger
2026-05-31T15:15:22+00:00,execution_engine_v2,131,5,0,3,0,2,5,115,5,"{""high_11_25"": 8, ""low_1_3"": 64, ""medium_4_10"": 34, ""very_high_26_plus"": 25}","{""baseline_fallback"": 31, ""evaluator"": 100}","{""baseline_executable"": 31, ""high_importance"": 30, ""high_urgency"": 1, ""large_effort"": 1, ""medium_effort"": 20, ""medium_urgency"": 1, ""operational_context"": 24, ""planning_work"": 4, ""preparation_work"": 2, ""quick_win"": 47, ""strategic_context"": 19}","{""high_importance"": 5, ""high_urgency"": 1, ""medium_effort"": 1, ""operational_context"": 4, ""quick_win"": 3}","{""explicit_marker"": 3, ""manual_or_unknown"": 2}","[""Submit University of Windsor pension forms"", ""Fix timezone issue with Bread Basket app"", ""Send welcome email to bread workshop participants"", ""Send WhatsApp message to Solara Bread Community about timezone issues with the Bread Basket app"", ""Update Notion page for Almanac June Bread Club""]",none,0,read_only_analytics_ledger
2026-05-31T15:30:20+00:00,execution_engine_v2,131,5,0,3,0,2,5,116,5,"{""high_11_25"": 8, ""low_1_3"": 64, ""medium_4_10"": 34, ""very_high_26_plus"": 25}","{""baseline_fallback"": 31, ""evaluator"": 100}","{""baseline_executable"": 31, ""high_importance"": 30, ""high_urgency"": 1, ""large_effort"": 1, ""medium_effort"": 20, ""medium_urgency"": 1, ""operational_context"": 24, ""planning_work"": 4, ""preparation_work"": 2, ""quick_win"": 47, ""strategic_context"": 19}","{""high_importance"": 5, ""high_urgency"": 1, ""medium_effort"": 1, ""operational_context"": 4, ""quick_win"": 3}","{""explicit_marker"": 3, ""manual_or_unknown"": 2}","[""Submit University of Windsor pension forms"", ""Fix timezone issue with Bread Basket app"", ""Send welcome email to bread workshop participants"", ""Send WhatsApp message to Solara Bread Community about timezone issues with the Bread Basket app"", ""Update Notion page for Almanac June Bread Club""]",none,0,read_only_analytics_ledger
2026-05-31T15:45:20+00:00,execution_engine_v2,131,5,0,3,0,2,5,117,5,"{""high_11_25"": 8, ""low_1_3"": 64, ""medium_4_10"": 34, ""very_high_26_plus"": 25}","{""baseline_fallback"": 31, ""evaluator"": 100}","{""baseline_executable"": 31, ""high_importance"": 30, ""high_urgency"": 1, ""large_effort"": 1, ""medium_effort"": 20, ""medium_urgency"": 1, ""operational_context"": 24, ""planning_work"": 4, ""preparation_work"": 2, ""quick_win"": 47, ""strategic_context"": 19}","{""high_importance"": 5, ""high_urgency"": 1, ""medium_effort"": 1, ""operational_context"": 4, ""quick_win"": 3}","{""explicit_marker"": 3, ""manual_or_unknown"": 2}","[""Submit University of Windsor pension forms"", ""Fix timezone issue with Bread Basket app"", ""Send welcome email to bread workshop participants"", ""Send WhatsApp message to Solara Bread Community about timezone issues with the Bread Basket app"", ""Update Notion page for Almanac June Bread Club""]",none,0,read_only_analytics_ledger
2026-05-31T16:00:27+00:00,execution_engine_v2,131,5,0,3,0,2,5,118,5,"{""high_11_25"": 8, ""low_1_3"": 64, ""medium_4_10"": 34, ""very_high_26_plus"": 25}","{""baseline_fallback"": 31, ""evaluator"": 100}","{""baseline_executable"": 31, ""high_importance"": 30, ""high_urgency"": 1, ""large_effort"": 1, ""medium_effort"": 20, ""medium_urgency"": 1, ""operational_context"": 24, ""planning_work"": 4, ""preparation_work"": 2, ""quick_win"": 47, ""strategic_context"": 19}","{""high_importance"": 5, ""high_urgency"": 1, ""medium_effort"": 1, ""operational_context"": 4, ""quick_win"": 3}","{""explicit_marker"": 3, ""manual_or_unknown"": 2}","[""Submit University of Windsor pension forms"", ""Fix timezone issue with Bread Basket app"", ""Send welcome email to bread workshop participants"", ""Send WhatsApp message to Solara Bread Community about timezone issues with the Bread Basket app"", ""Update Notion page for Almanac June Bread Club""]",none,0,read_only_analytics_ledger
2026-05-31T17:00:25+00:00,execution_engine_v2,131,5,0,3,0,2,5,119,5,"{""high_11_25"": 8, ""low_1_3"": 64, ""medium_4_10"": 34, ""very_high_26_plus"": 25}","{""baseline_fallback"": 31, ""evaluator"": 100}","{""baseline_executable"": 31, ""high_importance"": 30, ""high_urgency"": 1, ""large_effort"": 1, ""medium_effort"": 20, ""medium_urgency"": 1, ""operational_context"": 24, ""planning_work"": 4, ""preparation_work"": 2, ""quick_win"": 47, ""strategic_context"": 19}","{""high_importance"": 5, ""high_urgency"": 1, ""medium_effort"": 1, ""operational_context"": 4, ""quick_win"": 3}","{""explicit_marker"": 3, ""manual_or_unknown"": 2}","[""Submit University of Windsor pension forms"", ""Fix timezone issue with Bread Basket app"", ""Send welcome email to bread workshop participants"", ""Send WhatsApp message to Solara Bread Community about timezone issues with the Bread Basket app"", ""Update Notion page for Almanac June Bread Club""]",none,0,read_only_analytics_ledger
2026-05-31T17:15:18+00:00,execution_engine_v2,131,5,0,3,0,2,5,120,5,"{""high_11_25"": 8, ""low_1_3"": 64, ""medium_4_10"": 34, ""very_high_26_plus"": 25}","{""baseline_fallback"": 31, ""evaluator"": 100}","{""baseline_executable"": 31, ""high_importance"": 30, ""high_urgency"": 1, ""large_effort"": 1, ""medium_effort"": 20, ""medium_urgency"": 1, ""operational_context"": 24, ""planning_work"": 4, ""preparation_work"": 2, ""quick_win"": 47, ""strategic_context"": 19}","{""high_importance"": 5, ""high_urgency"": 1, ""medium_effort"": 1, ""operational_context"": 4, ""quick_win"": 3}","{""explicit_marker"": 3, ""manual_or_unknown"": 2}","[""Submit University of Windsor pension forms"", ""Fix timezone issue with Bread Basket app"", ""Send welcome email to bread workshop participants"", ""Send WhatsApp message to Solara Bread Community about timezone issues with the Bread Basket app"", ""Update Notion page for Almanac June Bread Club""]",none,0,read_only_analytics_ledger
2026-05-31T17:30:22+00:00,execution_engine_v2,131,5,0,3,0,2,5,121,5,"{""high_11_25"": 8, ""low_1_3"": 64, ""medium_4_10"": 34, ""very_high_26_plus"": 25}","{""baseline_fallback"": 31, ""evaluator"": 100}","{""baseline_executable"": 31, ""high_importance"": 30, ""high_urgency"": 1, ""large_effort"": 1, ""medium_effort"": 20, ""medium_urgency"": 1, ""operational_context"": 24, ""planning_work"": 4, ""preparation_work"": 2, ""quick_win"": 47, ""strategic_context"": 19}","{""high_importance"": 5, ""high_urgency"": 1, ""medium_effort"": 1, ""operational_context"": 4, ""quick_win"": 3}","{""explicit_marker"": 3, ""manual_or_unknown"": 2}","[""Submit University of Windsor pension forms"", ""Fix timezone issue with Bread Basket app"", ""Send welcome email to bread workshop participants"", ""Send WhatsApp message to Solara Bread Community about timezone issues with the Bread Basket app"", ""Update Notion page for Almanac June Bread Club""]",none,0,read_only_analytics_ledger
2026-05-31T18:00:22+00:00,execution_engine_v2,131,5,0,3,0,2,5,122,5,"{""high_11_25"": 8, ""low_1_3"": 64, ""medium_4_10"": 34, ""very_high_26_plus"": 25}","{""baseline_fallback"": 31, ""evaluator"": 100}","{""baseline_executable"": 31, ""high_importance"": 30, ""high_urgency"": 1, ""large_effort"": 1, ""medium_effort"": 20, ""medium_urgency"": 1, ""operational_context"": 24, ""planning_work"": 4, ""preparation_work"": 2, ""quick_win"": 47, ""strategic_context"": 19}","{""high_importance"": 5, ""high_urgency"": 1, ""medium_effort"": 1, ""operational_context"": 4, ""quick_win"": 3}","{""explicit_marker"": 3, ""manual_or_unknown"": 2}","[""Submit University of Windsor pension forms"", ""Fix timezone issue with Bread Basket app"", ""Send welcome email to bread workshop participants"", ""Send WhatsApp message to Solara Bread Community about timezone issues with the Bread Basket app"", ""Update Notion page for Almanac June Bread Club""]",none,0,read_only_analytics_ledger
2026-05-31T18:15:37+00:00,execution_engine_v2,131,5,0,3,0,2,5,123,5,"{""high_11_25"": 8, ""low_1_3"": 64, ""medium_4_10"": 34, ""very_high_26_plus"": 25}","{""baseline_fallback"": 31, ""evaluator"": 100}","{""baseline_executable"": 31, ""high_importance"": 30, ""high_urgency"": 1, ""large_effort"": 1, ""medium_effort"": 20, ""medium_urgency"": 1, ""operational_context"": 24, ""planning_work"": 4, ""preparation_work"": 2, ""quick_win"": 47, ""strategic_context"": 19}","{""high_importance"": 5, ""high_urgency"": 1, ""medium_effort"": 1, ""operational_context"": 4, ""quick_win"": 3}","{""explicit_marker"": 3, ""manual_or_unknown"": 2}","[""Submit University of Windsor pension forms"", ""Fix timezone issue with Bread Basket app"", ""Send welcome email to bread workshop participants"", ""Send WhatsApp message to Solara Bread Community about timezone issues with the Bread Basket app"", ""Update Notion page for Almanac June Bread Club""]",none,0,read_only_analytics_ledger
2026-05-31T18:30:21+00:00,execution_engine_v2,131,5,0,3,0,2,5,124,5,"{""high_11_25"": 8, ""low_1_3"": 64, ""medium_4_10"": 34, ""very_high_26_plus"": 25}","{""baseline_fallback"": 31, ""evaluator"": 100}","{""baseline_executable"": 31, ""high_importance"": 30, ""high_urgency"": 1, ""large_effort"": 1, ""medium_effort"": 20, ""medium_urgency"": 1, ""operational_context"": 24, ""planning_work"": 4, ""preparation_work"": 2, ""quick_win"": 47, ""strategic_context"": 19}","{""high_importance"": 5, ""high_urgency"": 1, ""medium_effort"": 1, ""operational_context"": 4, ""quick_win"": 3}","{""explicit_marker"": 3, ""manual_or_unknown"": 2}","[""Submit University of Windsor pension forms"", ""Fix timezone issue with Bread Basket app"", ""Send welcome email to bread workshop participants"", ""Send WhatsApp message to Solara Bread Community about timezone issues with the Bread Basket app"", ""Update Notion page for Almanac June Bread Club""]",none,0,read_only_analytics_ledger
2026-05-31T18:45:22+00:00,execution_engine_v2,131,5,0,3,0,2,5,125,5,"{""high_11_25"": 8, ""low_1_3"": 64, ""medium_4_10"": 34, ""very_high_26_plus"": 25}","{""baseline_fallback"": 31, ""evaluator"": 100}","{""baseline_executable"": 31, ""high_importance"": 30, ""high_urgency"": 1, ""large_effort"": 1, ""medium_effort"": 20, ""medium_urgency"": 1, ""operational_context"": 24, ""planning_work"": 4, ""preparation_work"": 2, ""quick_win"": 47, ""strategic_context"": 19}","{""high_importance"": 5, ""high_urgency"": 1, ""medium_effort"": 1, ""operational_context"": 4, ""quick_win"": 3}","{""explicit_marker"": 3, ""manual_or_unknown"": 2}","[""Submit University of Windsor pension forms"", ""Fix timezone issue with Bread Basket app"", ""Send welcome email to bread workshop participants"", ""Send WhatsApp message to Solara Bread Community about timezone issues with the Bread Basket app"", ""Update Notion page for Almanac June Bread Club""]",none,0,read_only_analytics_ledger
2026-05-31T19:00:19+00:00,execution_engine_v2,131,5,0,3,0,2,5,126,5,"{""high_11_25"": 8, ""low_1_3"": 64, ""medium_4_10"": 34, ""very_high_26_plus"": 25}","{""baseline_fallback"": 31, ""evaluator"": 100}","{""baseline_executable"": 31, ""high_importance"": 30, ""high_urgency"": 1, ""large_effort"": 1, ""medium_effort"": 20, ""medium_urgency"": 1, ""operational_context"": 24, ""planning_work"": 4, ""preparation_work"": 2, ""quick_win"": 47, ""strategic_context"": 19}","{""high_importance"": 5, ""high_urgency"": 1, ""medium_effort"": 1, ""operational_context"": 4, ""quick_win"": 3}","{""explicit_marker"": 3, ""manual_or_unknown"": 2}","[""Submit University of Windsor pension forms"", ""Fix timezone issue with Bread Basket app"", ""Send welcome email to bread workshop participants"", ""Send WhatsApp message to Solara Bread Community about timezone issues with the Bread Basket app"", ""Update Notion page for Almanac June Bread Club""]",none,0,read_only_analytics_ledger
2026-05-31T19:15:30+00:00,execution_engine_v2,131,5,0,3,0,2,5,127,5,"{""high_11_25"": 8, ""low_1_3"": 64, ""medium_4_10"": 34, ""very_high_26_plus"": 25}","{""baseline_fallback"": 31, ""evaluator"": 100}","{""baseline_executable"": 31, ""high_importance"": 30, ""high_urgency"": 1, ""large_effort"": 1, ""medium_effort"": 20, ""medium_urgency"": 1, ""operational_context"": 24, ""planning_work"": 4, ""preparation_work"": 2, ""quick_win"": 47, ""strategic_context"": 19}","{""high_importance"": 5, ""high_urgency"": 1, ""medium_effort"": 1, ""operational_context"": 4, ""quick_win"": 3}","{""explicit_marker"": 3, ""manual_or_unknown"": 2}","[""Submit University of Windsor pension forms"", ""Fix timezone issue with Bread Basket app"", ""Send welcome email to bread workshop participants"", ""Send WhatsApp message to Solara Bread Community about timezone issues with the Bread Basket app"", ""Update Notion page for Almanac June Bread Club""]",none,0,read_only_analytics_ledger
2026-05-31T19:30:25+00:00,execution_engine_v2,131,5,0,3,0,2,5,128,5,"{""high_11_25"": 8, ""low_1_3"": 64, ""medium_4_10"": 34, ""very_high_26_plus"": 25}","{""baseline_fallback"": 31, ""evaluator"": 100}","{""baseline_executable"": 31, ""high_importance"": 30, ""high_urgency"": 1, ""large_effort"": 1, ""medium_effort"": 20, ""medium_urgency"": 1, ""operational_context"": 24, ""planning_work"": 4, ""preparation_work"": 2, ""quick_win"": 47, ""strategic_context"": 19}","{""high_importance"": 5, ""high_urgency"": 1, ""medium_effort"": 1, ""operational_context"": 4, ""quick_win"": 3}","{""explicit_marker"": 3, ""manual_or_unknown"": 2}","[""Submit University of Windsor pension forms"", ""Fix timezone issue with Bread Basket app"", ""Send welcome email to bread workshop participants"", ""Send WhatsApp message to Solara Bread Community about timezone issues with the Bread Basket app"", ""Update Notion page for Almanac June Bread Club""]",none,0,read_only_analytics_ledger
2026-05-31T19:45:18+00:00,execution_engine_v2,131,5,0,3,0,2,5,129,5,"{""high_11_25"": 8, ""low_1_3"": 64, ""medium_4_10"": 34, ""very_high_26_plus"": 25}","{""baseline_fallback"": 31, ""evaluator"": 100}","{""baseline_executable"": 31, ""high_importance"": 30, ""high_urgency"": 1, ""large_effort"": 1, ""medium_effort"": 20, ""medium_urgency"": 1, ""operational_context"": 24, ""planning_work"": 4, ""preparation_work"": 2, ""quick_win"": 47, ""strategic_context"": 19}","{""high_importance"": 5, ""high_urgency"": 1, ""medium_effort"": 1, ""operational_context"": 4, ""quick_win"": 3}","{""explicit_marker"": 3, ""manual_or_unknown"": 2}","[""Submit University of Windsor pension forms"", ""Fix timezone issue with Bread Basket app"", ""Send welcome email to bread workshop participants"", ""Send WhatsApp message to Solara Bread Community about timezone issues with the Bread Basket app"", ""Update Notion page for Almanac June Bread Club""]",none,0,read_only_analytics_ledger
2026-05-31T20:23:37+00:00,execution_engine_v2,131,5,0,3,0,2,5,130,5,"{""high_11_25"": 8, ""low_1_3"": 64, ""medium_4_10"": 34, ""very_high_26_plus"": 25}","{""baseline_fallback"": 31, ""evaluator"": 100}","{""baseline_executable"": 31, ""high_importance"": 30, ""high_urgency"": 1, ""large_effort"": 1, ""medium_effort"": 20, ""medium_urgency"": 1, ""operational_context"": 24, ""planning_work"": 4, ""preparation_work"": 2, ""quick_win"": 47, ""strategic_context"": 19}","{""high_importance"": 5, ""high_urgency"": 1, ""medium_effort"": 1, ""operational_context"": 4, ""quick_win"": 3}","{""explicit_marker"": 3, ""manual_or_unknown"": 2}","[""Submit University of Windsor pension forms"", ""Fix timezone issue with Bread Basket app"", ""Send welcome email to bread workshop participants"", ""Send WhatsApp message to Solara Bread Community about timezone issues with the Bread Basket app"", ""Update Notion page for Almanac June Bread Club""]",none,0,read_only_analytics_ledger
2026-05-31T20:30:18+00:00,execution_engine_v2,131,5,0,3,0,2,5,131,5,"{""high_11_25"": 8, ""low_1_3"": 64, ""medium_4_10"": 34, ""very_high_26_plus"": 25}","{""baseline_fallback"": 31, ""evaluator"": 100}","{""baseline_executable"": 31, ""high_importance"": 30, ""high_urgency"": 1, ""large_effort"": 1, ""medium_effort"": 20, ""medium_urgency"": 1, ""operational_context"": 24, ""planning_work"": 4, ""preparation_work"": 2, ""quick_win"": 47, ""strategic_context"": 19}","{""high_importance"": 5, ""high_urgency"": 1, ""medium_effort"": 1, ""operational_context"": 4, ""quick_win"": 3}","{""explicit_marker"": 3, ""manual_or_unknown"": 2}","[""Submit University of Windsor pension forms"", ""Fix timezone issue with Bread Basket app"", ""Send welcome email to bread workshop participants"", ""Send WhatsApp message to Solara Bread Community about timezone issues with the Bread Basket app"", ""Update Notion page for Almanac June Bread Club""]",none,0,read_only_analytics_ledger
2026-05-31T20:45:22+00:00,execution_engine_v2,131,5,0,3,0,2,5,132,5,"{""high_11_25"": 8, ""low_1_3"": 64, ""medium_4_10"": 34, ""very_high_26_plus"": 25}","{""baseline_fallback"": 31, ""evaluator"": 100}","{""baseline_executable"": 31, ""high_importance"": 30, ""high_urgency"": 1, ""large_effort"": 1, ""medium_effort"": 20, ""medium_urgency"": 1, ""operational_context"": 24, ""planning_work"": 4, ""preparation_work"": 2, ""quick_win"": 47, ""strategic_context"": 19}","{""high_importance"": 5, ""high_urgency"": 1, ""medium_effort"": 1, ""operational_context"": 4, ""quick_win"": 3}","{""explicit_marker"": 3, ""manual_or_unknown"": 2}","[""Submit University of Windsor pension forms"", ""Fix timezone issue with Bread Basket app"", ""Send welcome email to bread workshop participants"", ""Send WhatsApp message to Solara Bread Community about timezone issues with the Bread Basket app"", ""Update Notion page for Almanac June Bread Club""]",none,0,read_only_analytics_ledger
2026-05-31T21:00:24+00:00,execution_engine_v2,131,5,0,3,0,2,5,133,5,"{""high_11_25"": 8, ""low_1_3"": 64, ""medium_4_10"": 34, ""very_high_26_plus"": 25}","{""baseline_fallback"": 31, ""evaluator"": 100}","{""baseline_executable"": 31, ""high_importance"": 30, ""high_urgency"": 1, ""large_effort"": 1, ""medium_effort"": 20, ""medium_urgency"": 1, ""operational_context"": 24, ""planning_work"": 4, ""preparation_work"": 2, ""quick_win"": 47, ""strategic_context"": 19}","{""high_importance"": 5, ""high_urgency"": 1, ""medium_effort"": 1, ""operational_context"": 4, ""quick_win"": 3}","{""explicit_marker"": 3, ""manual_or_unknown"": 2}","[""Submit University of Windsor pension forms"", ""Fix timezone issue with Bread Basket app"", ""Send welcome email to bread workshop participants"", ""Send WhatsApp message to Solara Bread Community about timezone issues with the Bread Basket app"", ""Update Notion page for Almanac June Bread Club""]",none,0,read_only_analytics_ledger
2026-05-31T21:15:24+00:00,execution_engine_v2,131,5,0,3,0,2,5,134,5,"{""high_11_25"": 8, ""low_1_3"": 64, ""medium_4_10"": 34, ""very_high_26_plus"": 25}","{""baseline_fallback"": 31, ""evaluator"": 100}","{""baseline_executable"": 31, ""high_importance"": 30, ""high_urgency"": 1, ""large_effort"": 1, ""medium_effort"": 20, ""medium_urgency"": 1, ""operational_context"": 24, ""planning_work"": 4, ""preparation_work"": 2, ""quick_win"": 47, ""strategic_context"": 19}","{""high_importance"": 5, ""high_urgency"": 1, ""medium_effort"": 1, ""operational_context"": 4, ""quick_win"": 3}","{""explicit_marker"": 3, ""manual_or_unknown"": 2}","[""Submit University of Windsor pension forms"", ""Fix timezone issue with Bread Basket app"", ""Send welcome email to bread workshop participants"", ""Send WhatsApp message to Solara Bread Community about timezone issues with the Bread Basket app"", ""Update Notion page for Almanac June Bread Club""]",none,0,read_only_analytics_ledger
2026-05-31T21:30:27+00:00,execution_engine_v2,131,5,0,3,0,2,5,135,5,"{""high_11_25"": 8, ""low_1_3"": 64, ""medium_4_10"": 34, ""very_high_26_plus"": 25}","{""baseline_fallback"": 31, ""evaluator"": 100}","{""baseline_executable"": 31, ""high_importance"": 30, ""high_urgency"": 1, ""large_effort"": 1, ""medium_effort"": 20, ""medium_urgency"": 1, ""operational_context"": 24, ""planning_work"": 4, ""preparation_work"": 2, ""quick_win"": 47, ""strategic_context"": 19}","{""high_importance"": 5, ""high_urgency"": 1, ""medium_effort"": 1, ""operational_context"": 4, ""quick_win"": 3}","{""explicit_marker"": 3, ""manual_or_unknown"": 2}","[""Submit University of Windsor pension forms"", ""Fix timezone issue with Bread Basket app"", ""Send welcome email to bread workshop participants"", ""Send WhatsApp message to Solara Bread Community about timezone issues with the Bread Basket app"", ""Update Notion page for Almanac June Bread Club""]",none,0,read_only_analytics_ledger
2026-06-01T09:30:23+00:00,execution_engine_v2,131,5,0,3,0,2,5,136,5,"{""high_11_25"": 8, ""low_1_3"": 64, ""medium_4_10"": 34, ""very_high_26_plus"": 25}","{""baseline_fallback"": 31, ""evaluator"": 100}","{""baseline_executable"": 31, ""high_importance"": 30, ""high_urgency"": 1, ""large_effort"": 1, ""medium_effort"": 20, ""medium_urgency"": 1, ""operational_context"": 24, ""planning_work"": 4, ""preparation_work"": 2, ""quick_win"": 47, ""strategic_context"": 19}","{""high_importance"": 5, ""high_urgency"": 1, ""medium_effort"": 1, ""operational_context"": 4, ""quick_win"": 3}","{""explicit_marker"": 3, ""manual_or_unknown"": 2}","[""Submit University of Windsor pension forms"", ""Fix timezone issue with Bread Basket app"", ""Send welcome email to bread workshop participants"", ""Send WhatsApp message to Solara Bread Community about timezone issues with the Bread Basket app"", ""Update Notion page for Almanac June Bread Club""]",none,0,read_only_analytics_ledger
2026-06-01T09:45:28+00:00,execution_engine_v2,131,5,0,3,0,2,5,137,5,"{""high_11_25"": 8, ""low_1_3"": 64, ""medium_4_10"": 34, ""very_high_26_plus"": 25}","{""baseline_fallback"": 31, ""evaluator"": 100}","{""baseline_executable"": 31, ""high_importance"": 30, ""high_urgency"": 1, ""large_effort"": 1, ""medium_effort"": 20, ""medium_urgency"": 1, ""operational_context"": 24, ""planning_work"": 4, ""preparation_work"": 2, ""quick_win"": 47, ""strategic_context"": 19}","{""high_importance"": 5, ""high_urgency"": 1, ""medium_effort"": 1, ""operational_context"": 4, ""quick_win"": 3}","{""explicit_marker"": 3, ""manual_or_unknown"": 2}","[""Submit University of Windsor pension forms"", ""Fix timezone issue with Bread Basket app"", ""Send welcome email to bread workshop participants"", ""Send WhatsApp message to Solara Bread Community about timezone issues with the Bread Basket app"", ""Update Notion page for Almanac June Bread Club""]",none,0,read_only_analytics_ledger
2026-06-01T10:00:25+00:00,execution_engine_v2,131,5,0,3,0,2,5,138,5,"{""high_11_25"": 8, ""low_1_3"": 64, ""medium_4_10"": 34, ""very_high_26_plus"": 25}","{""baseline_fallback"": 31, ""evaluator"": 100}","{""baseline_executable"": 31, ""high_importance"": 30, ""high_urgency"": 1, ""large_effort"": 1, ""medium_effort"": 20, ""medium_urgency"": 1, ""operational_context"": 24, ""planning_work"": 4, ""preparation_work"": 2, ""quick_win"": 47, ""strategic_context"": 19}","{""high_importance"": 5, ""high_urgency"": 1, ""medium_effort"": 1, ""operational_context"": 4, ""quick_win"": 3}","{""explicit_marker"": 3, ""manual_or_unknown"": 2}","[""Submit University of Windsor pension forms"", ""Fix timezone issue with Bread Basket app"", ""Send welcome email to bread workshop participants"", ""Send WhatsApp message to Solara Bread Community about timezone issues with the Bread Basket app"", ""Update Notion page for Almanac June Bread Club""]",none,0,read_only_analytics_ledger
2026-06-01T10:15:24+00:00,execution_engine_v2,131,5,0,3,0,2,5,139,5,"{""high_11_25"": 8, ""low_1_3"": 64, ""medium_4_10"": 34, ""very_high_26_plus"": 25}","{""baseline_fallback"": 31, ""evaluator"": 100}","{""baseline_executable"": 31, ""high_importance"": 30, ""high_urgency"": 1, ""large_effort"": 1, ""medium_effort"": 20, ""medium_urgency"": 1, ""operational_context"": 24, ""planning_work"": 4, ""preparation_work"": 2, ""quick_win"": 47, ""strategic_context"": 19}","{""high_importance"": 5, ""high_urgency"": 1, ""medium_effort"": 1, ""operational_context"": 4, ""quick_win"": 3}","{""explicit_marker"": 3, ""manual_or_unknown"": 2}","[""Submit University of Windsor pension forms"", ""Fix timezone issue with Bread Basket app"", ""Send welcome email to bread workshop participants"", ""Send WhatsApp message to Solara Bread Community about timezone issues with the Bread Basket app"", ""Update Notion page for Almanac June Bread Club""]",none,0,read_only_analytics_ledger
2026-06-01T10:30:27+00:00,execution_engine_v2,131,5,0,3,0,2,5,140,5,"{""high_11_25"": 8, ""low_1_3"": 64, ""medium_4_10"": 34, ""very_high_26_plus"": 25}","{""baseline_fallback"": 31, ""evaluator"": 100}","{""baseline_executable"": 31, ""high_importance"": 30, ""high_urgency"": 1, ""large_effort"": 1, ""medium_effort"": 20, ""medium_urgency"": 1, ""operational_context"": 24, ""planning_work"": 4, ""preparation_work"": 2, ""quick_win"": 47, ""strategic_context"": 19}","{""high_importance"": 5, ""high_urgency"": 1, ""medium_effort"": 1, ""operational_context"": 4, ""quick_win"": 3}","{""explicit_marker"": 3, ""manual_or_unknown"": 2}","[""Submit University of Windsor pension forms"", ""Fix timezone issue with Bread Basket app"", ""Send welcome email to bread workshop participants"", ""Send WhatsApp message to Solara Bread Community about timezone issues with the Bread Basket app"", ""Update Notion page for Almanac June Bread Club""]",none,0,read_only_analytics_ledger
2026-06-01T10:45:24+00:00,execution_engine_v2,131,5,0,3,0,2,5,141,5,"{""high_11_25"": 8, ""low_1_3"": 64, ""medium_4_10"": 34, ""very_high_26_plus"": 25}","{""baseline_fallback"": 31, ""evaluator"": 100}","{""baseline_executable"": 31, ""high_importance"": 30, ""high_urgency"": 1, ""large_effort"": 1, ""medium_effort"": 20, ""medium_urgency"": 1, ""operational_context"": 24, ""planning_work"": 4, ""preparation_work"": 2, ""quick_win"": 47, ""strategic_context"": 19}","{""high_importance"": 5, ""high_urgency"": 1, ""medium_effort"": 1, ""operational_context"": 4, ""quick_win"": 3}","{""explicit_marker"": 3, ""manual_or_unknown"": 2}","[""Submit University of Windsor pension forms"", ""Fix timezone issue with Bread Basket app"", ""Send welcome email to bread workshop participants"", ""Send WhatsApp message to Solara Bread Community about timezone issues with the Bread Basket app"", ""Update Notion page for Almanac June Bread Club""]",none,0,read_only_analytics_ledger
2026-06-01T11:00:25+00:00,execution_engine_v2,131,5,0,3,0,2,5,142,5,"{""high_11_25"": 8, ""low_1_3"": 64, ""medium_4_10"": 34, ""very_high_26_plus"": 25}","{""baseline_fallback"": 31, ""evaluator"": 100}","{""baseline_executable"": 31, ""high_importance"": 30, ""high_urgency"": 1, ""large_effort"": 1, ""medium_effort"": 20, ""medium_urgency"": 1, ""operational_context"": 24, ""planning_work"": 4, ""preparation_work"": 2, ""quick_win"": 47, ""strategic_context"": 19}","{""high_importance"": 5, ""high_urgency"": 1, ""medium_effort"": 1, ""operational_context"": 4, ""quick_win"": 3}","{""explicit_marker"": 3, ""manual_or_unknown"": 2}","[""Submit University of Windsor pension forms"", ""Fix timezone issue with Bread Basket app"", ""Send welcome email to bread workshop participants"", ""Send WhatsApp message to Solara Bread Community about timezone issues with the Bread Basket app"", ""Update Notion page for Almanac June Bread Club""]",none,0,read_only_analytics_ledger
2026-06-01T11:15:18+00:00,execution_engine_v2,131,5,0,3,0,2,5,143,5,"{""high_11_25"": 8, ""low_1_3"": 64, ""medium_4_10"": 34, ""very_high_26_plus"": 25}","{""baseline_fallback"": 31, ""evaluator"": 100}","{""baseline_executable"": 31, ""high_importance"": 30, ""high_urgency"": 1, ""large_effort"": 1, ""medium_effort"": 20, ""medium_urgency"": 1, ""operational_context"": 24, ""planning_work"": 4, ""preparation_work"": 2, ""quick_win"": 47, ""strategic_context"": 19}","{""high_importance"": 5, ""high_urgency"": 1, ""medium_effort"": 1, ""operational_context"": 4, ""quick_win"": 3}","{""explicit_marker"": 3, ""manual_or_unknown"": 2}","[""Submit University of Windsor pension forms"", ""Fix timezone issue with Bread Basket app"", ""Send welcome email to bread workshop participants"", ""Send WhatsApp message to Solara Bread Community about timezone issues with the Bread Basket app"", ""Update Notion page for Almanac June Bread Club""]",none,0,read_only_analytics_ledger
2026-06-01T11:30:21+00:00,execution_engine_v2,131,5,0,3,0,2,5,144,5,"{""high_11_25"": 8, ""low_1_3"": 64, ""medium_4_10"": 34, ""very_high_26_plus"": 25}","{""baseline_fallback"": 31, ""evaluator"": 100}","{""baseline_executable"": 31, ""high_importance"": 30, ""high_urgency"": 1, ""large_effort"": 1, ""medium_effort"": 20, ""medium_urgency"": 1, ""operational_context"": 24, ""planning_work"": 4, ""preparation_work"": 2, ""quick_win"": 47, ""strategic_context"": 19}","{""high_importance"": 5, ""high_urgency"": 1, ""medium_effort"": 1, ""operational_context"": 4, ""quick_win"": 3}","{""explicit_marker"": 3, ""manual_or_unknown"": 2}","[""Submit University of Windsor pension forms"", ""Fix timezone issue with Bread Basket app"", ""Send welcome email to bread workshop participants"", ""Send WhatsApp message to Solara Bread Community about timezone issues with the Bread Basket app"", ""Update Notion page for Almanac June Bread Club""]",none,0,read_only_analytics_ledger
2026-06-01T11:45:42+00:00,execution_engine_v2,131,5,0,3,0,2,5,145,5,"{""high_11_25"": 8, ""low_1_3"": 64, ""medium_4_10"": 34, ""very_high_26_plus"": 25}","{""baseline_fallback"": 31, ""evaluator"": 100}","{""baseline_executable"": 31, ""high_importance"": 30, ""high_urgency"": 1, ""large_effort"": 1, ""medium_effort"": 20, ""medium_urgency"": 1, ""operational_context"": 24, ""planning_work"": 4, ""preparation_work"": 2, ""quick_win"": 47, ""strategic_context"": 19}","{""high_importance"": 5, ""high_urgency"": 1, ""medium_effort"": 1, ""operational_context"": 4, ""quick_win"": 3}","{""explicit_marker"": 3, ""manual_or_unknown"": 2}","[""Submit University of Windsor pension forms"", ""Fix timezone issue with Bread Basket app"", ""Send welcome email to bread workshop participants"", ""Send WhatsApp message to Solara Bread Community about timezone issues with the Bread Basket app"", ""Update Notion page for Almanac June Bread Club""]",none,0,read_only_analytics_ledger
2026-06-01T12:00:37+00:00,execution_engine_v2,131,5,0,3,0,2,5,146,5,"{""high_11_25"": 8, ""low_1_3"": 64, ""medium_4_10"": 34, ""very_high_26_plus"": 25}","{""baseline_fallback"": 31, ""evaluator"": 100}","{""baseline_executable"": 31, ""high_importance"": 30, ""high_urgency"": 1, ""large_effort"": 1, ""medium_effort"": 20, ""medium_urgency"": 1, ""operational_context"": 24, ""planning_work"": 4, ""preparation_work"": 2, ""quick_win"": 47, ""strategic_context"": 19}","{""high_importance"": 5, ""high_urgency"": 1, ""medium_effort"": 1, ""operational_context"": 4, ""quick_win"": 3}","{""explicit_marker"": 3, ""manual_or_unknown"": 2}","[""Submit University of Windsor pension forms"", ""Fix timezone issue with Bread Basket app"", ""Send welcome email to bread workshop participants"", ""Send WhatsApp message to Solara Bread Community about timezone issues with the Bread Basket app"", ""Update Notion page for Almanac June Bread Club""]",none,0,read_only_analytics_ledger
2026-06-01T12:15:21+00:00,execution_engine_v2,131,5,0,3,0,2,5,147,5,"{""high_11_25"": 8, ""low_1_3"": 64, ""medium_4_10"": 34, ""very_high_26_plus"": 25}","{""baseline_fallback"": 31, ""evaluator"": 100}","{""baseline_executable"": 31, ""high_importance"": 30, ""high_urgency"": 1, ""large_effort"": 1, ""medium_effort"": 20, ""medium_urgency"": 1, ""operational_context"": 24, ""planning_work"": 4, ""preparation_work"": 2, ""quick_win"": 47, ""strategic_context"": 19}","{""high_importance"": 5, ""high_urgency"": 1, ""medium_effort"": 1, ""operational_context"": 4, ""quick_win"": 3}","{""explicit_marker"": 3, ""manual_or_unknown"": 2}","[""Submit University of Windsor pension forms"", ""Fix timezone issue with Bread Basket app"", ""Send welcome email to bread workshop participants"", ""Send WhatsApp message to Solara Bread Community about timezone issues with the Bread Basket app"", ""Update Notion page for Almanac June Bread Club""]",none,0,read_only_analytics_ledger
2026-06-01T12:30:28+00:00,execution_engine_v2,131,5,0,3,0,2,5,148,5,"{""high_11_25"": 8, ""low_1_3"": 64, ""medium_4_10"": 34, ""very_high_26_plus"": 25}","{""baseline_fallback"": 31, ""evaluator"": 100}","{""baseline_executable"": 31, ""high_importance"": 30, ""high_urgency"": 1, ""large_effort"": 1, ""medium_effort"": 20, ""medium_urgency"": 1, ""operational_context"": 24, ""planning_work"": 4, ""preparation_work"": 2, ""quick_win"": 47, ""strategic_context"": 19}","{""high_importance"": 5, ""high_urgency"": 1, ""medium_effort"": 1, ""operational_context"": 4, ""quick_win"": 3}","{""explicit_marker"": 3, ""manual_or_unknown"": 2}","[""Submit University of Windsor pension forms"", ""Fix timezone issue with Bread Basket app"", ""Send welcome email to bread workshop participants"", ""Send WhatsApp message to Solara Bread Community about timezone issues with the Bread Basket app"", ""Update Notion page for Almanac June Bread Club""]",none,0,read_only_analytics_ledger
2026-06-01T12:45:25+00:00,execution_engine_v2,131,5,0,3,0,2,5,149,5,"{""high_11_25"": 8, ""low_1_3"": 64, ""medium_4_10"": 34, ""very_high_26_plus"": 25}","{""baseline_fallback"": 31, ""evaluator"": 100}","{""baseline_executable"": 31, ""high_importance"": 30, ""high_urgency"": 1, ""large_effort"": 1, ""medium_effort"": 20, ""medium_urgency"": 1, ""operational_context"": 24, ""planning_work"": 4, ""preparation_work"": 2, ""quick_win"": 47, ""strategic_context"": 19}","{""high_importance"": 5, ""high_urgency"": 1, ""medium_effort"": 1, ""operational_context"": 4, ""quick_win"": 3}","{""explicit_marker"": 3, ""manual_or_unknown"": 2}","[""Submit University of Windsor pension forms"", ""Fix timezone issue with Bread Basket app"", ""Send welcome email to bread workshop participants"", ""Send WhatsApp message to Solara Bread Community about timezone issues with the Bread Basket app"", ""Update Notion page for Almanac June Bread Club""]",none,0,read_only_analytics_ledger
2026-06-01T13:00:21+00:00,execution_engine_v2,131,5,0,3,0,2,5,150,5,"{""high_11_25"": 8, ""low_1_3"": 64, ""medium_4_10"": 34, ""very_high_26_plus"": 25}","{""baseline_fallback"": 31, ""evaluator"": 100}","{""baseline_executable"": 31, ""high_importance"": 30, ""high_urgency"": 1, ""large_effort"": 1, ""medium_effort"": 20, ""medium_urgency"": 1, ""operational_context"": 24, ""planning_work"": 4, ""preparation_work"": 2, ""quick_win"": 47, ""strategic_context"": 19}","{""high_importance"": 5, ""high_urgency"": 1, ""medium_effort"": 1, ""operational_context"": 4, ""quick_win"": 3}","{""explicit_marker"": 3, ""manual_or_unknown"": 2}","[""Submit University of Windsor pension forms"", ""Fix timezone issue with Bread Basket app"", ""Send welcome email to bread workshop participants"", ""Send WhatsApp message to Solara Bread Community about timezone issues with the Bread Basket app"", ""Update Notion page for Almanac June Bread Club""]",none,0,read_only_analytics_ledger
2026-06-01T13:15:23+00:00,execution_engine_v2,131,5,0,3,0,2,5,151,5,"{""high_11_25"": 8, ""low_1_3"": 64, ""medium_4_10"": 34, ""very_high_26_plus"": 25}","{""baseline_fallback"": 31, ""evaluator"": 100}","{""baseline_executable"": 31, ""high_importance"": 30, ""high_urgency"": 1, ""large_effort"": 1, ""medium_effort"": 20, ""medium_urgency"": 1, ""operational_context"": 24, ""planning_work"": 4, ""preparation_work"": 2, ""quick_win"": 47, ""strategic_context"": 19}","{""high_importance"": 5, ""high_urgency"": 1, ""medium_effort"": 1, ""operational_context"": 4, ""quick_win"": 3}","{""explicit_marker"": 3, ""manual_or_unknown"": 2}","[""Submit University of Windsor pension forms"", ""Fix timezone issue with Bread Basket app"", ""Send welcome email to bread workshop participants"", ""Send WhatsApp message to Solara Bread Community about timezone issues with the Bread Basket app"", ""Update Notion page for Almanac June Bread Club""]",none,0,read_only_analytics_ledger
2026-06-01T13:30:23+00:00,execution_engine_v2,131,5,0,3,0,2,5,152,5,"{""high_11_25"": 8, ""low_1_3"": 64, ""medium_4_10"": 34, ""very_high_26_plus"": 25}","{""baseline_fallback"": 31, ""evaluator"": 100}","{""baseline_executable"": 31, ""high_importance"": 30, ""high_urgency"": 1, ""large_effort"": 1, ""medium_effort"": 20, ""medium_urgency"": 1, ""operational_context"": 24, ""planning_work"": 4, ""preparation_work"": 2, ""quick_win"": 47, ""strategic_context"": 19}","{""high_importance"": 5, ""high_urgency"": 1, ""medium_effort"": 1, ""operational_context"": 4, ""quick_win"": 3}","{""explicit_marker"": 3, ""manual_or_unknown"": 2}","[""Submit University of Windsor pension forms"", ""Fix timezone issue with Bread Basket app"", ""Send welcome email to bread workshop participants"", ""Send WhatsApp message to Solara Bread Community about timezone issues with the Bread Basket app"", ""Update Notion page for Almanac June Bread Club""]",none,0,read_only_analytics_ledger
2026-06-01T13:45:22+00:00,execution_engine_v2,131,5,0,3,0,2,5,153,5,"{""high_11_25"": 8, ""low_1_3"": 64, ""medium_4_10"": 34, ""very_high_26_plus"": 25}","{""baseline_fallback"": 31, ""evaluator"": 100}","{""baseline_executable"": 31, ""high_importance"": 30, ""high_urgency"": 1, ""large_effort"": 1, ""medium_effort"": 20, ""medium_urgency"": 1, ""operational_context"": 24, ""planning_work"": 4, ""preparation_work"": 2, ""quick_win"": 47, ""strategic_context"": 19}","{""high_importance"": 5, ""high_urgency"": 1, ""medium_effort"": 1, ""operational_context"": 4, ""quick_win"": 3}","{""explicit_marker"": 3, ""manual_or_unknown"": 2}","[""Submit University of Windsor pension forms"", ""Fix timezone issue with Bread Basket app"", ""Send welcome email to bread workshop participants"", ""Send WhatsApp message to Solara Bread Community about timezone issues with the Bread Basket app"", ""Update Notion page for Almanac June Bread Club""]",none,0,read_only_analytics_ledger
2026-06-01T14:00:23+00:00,execution_engine_v2,131,5,0,3,0,2,5,154,5,"{""high_11_25"": 8, ""low_1_3"": 64, ""medium_4_10"": 34, ""very_high_26_plus"": 25}","{""baseline_fallback"": 31, ""evaluator"": 100}","{""baseline_executable"": 31, ""high_importance"": 30, ""high_urgency"": 1, ""large_effort"": 1, ""medium_effort"": 20, ""medium_urgency"": 1, ""operational_context"": 24, ""planning_work"": 4, ""preparation_work"": 2, ""quick_win"": 47, ""strategic_context"": 19}","{""high_importance"": 5, ""high_urgency"": 1, ""medium_effort"": 1, ""operational_context"": 4, ""quick_win"": 3}","{""explicit_marker"": 3, ""manual_or_unknown"": 2}","[""Submit University of Windsor pension forms"", ""Fix timezone issue with Bread Basket app"", ""Send welcome email to bread workshop participants"", ""Send WhatsApp message to Solara Bread Community about timezone issues with the Bread Basket app"", ""Update Notion page for Almanac June Bread Club""]",none,0,read_only_analytics_ledger
2026-06-01T14:15:23+00:00,execution_engine_v2,131,5,0,3,0,2,5,155,5,"{""high_11_25"": 8, ""low_1_3"": 64, ""medium_4_10"": 34, ""very_high_26_plus"": 25}","{""baseline_fallback"": 31, ""evaluator"": 100}","{""baseline_executable"": 31, ""high_importance"": 30, ""high_urgency"": 1, ""large_effort"": 1, ""medium_effort"": 20, ""medium_urgency"": 1, ""operational_context"": 24, ""planning_work"": 4, ""preparation_work"": 2, ""quick_win"": 47, ""strategic_context"": 19}","{""high_importance"": 5, ""high_urgency"": 1, ""medium_effort"": 1, ""operational_context"": 4, ""quick_win"": 3}","{""explicit_marker"": 3, ""manual_or_unknown"": 2}","[""Submit University of Windsor pension forms"", ""Fix timezone issue with Bread Basket app"", ""Send welcome email to bread workshop participants"", ""Send WhatsApp message to Solara Bread Community about timezone issues with the Bread Basket app"", ""Update Notion page for Almanac June Bread Club""]",none,0,read_only_analytics_ledger
2026-06-01T14:30:21+00:00,execution_engine_v2,126,5,0,3,0,2,2,156,2,"{""high_11_25"": 8, ""low_1_3"": 64, ""medium_4_10"": 34, ""very_high_26_plus"": 20}","{""baseline_fallback"": 31, ""evaluator"": 95}","{""baseline_executable"": 31, ""high_importance"": 25, ""high_urgency"": 1, ""large_effort"": 1, ""medium_effort"": 19, ""medium_urgency"": 1, ""operational_context"": 21, ""planning_work"": 4, ""preparation_work"": 2, ""quick_win"": 43, ""strategic_context"": 19}","{""high_importance"": 5, ""high_urgency"": 1, ""medium_effort"": 1, ""operational_context"": 2, ""quick_win"": 1, ""strategic_context"": 2}","{""explicit_marker"": 3, ""manual_or_unknown"": 2}","[""Submit University of Windsor pension forms"", ""Update Notion page for Almanac June Bread Club"", ""Make plan with Mum for Henry birthdays"", ""Vacuum bakery"", ""Review give printed will documents to Janet""]",none,0,read_only_analytics_ledger
2026-06-01T14:46:16+00:00,execution_engine_v2,125,5,0,3,0,2,4,157,4,"{""high_11_25"": 8, ""low_1_3"": 64, ""medium_4_10"": 34, ""very_high_26_plus"": 19}","{""baseline_fallback"": 31, ""evaluator"": 94}","{""baseline_executable"": 31, ""high_importance"": 24, ""high_urgency"": 1, ""large_effort"": 1, ""medium_effort"": 19, ""medium_urgency"": 1, ""operational_context"": 21, ""planning_work"": 4, ""preparation_work"": 2, ""quick_win"": 43, ""strategic_context"": 18}","{""high_importance"": 5, ""high_urgency"": 1, ""medium_effort"": 1, ""operational_context"": 2, ""quick_win"": 2, ""strategic_context"": 1}","{""explicit_marker"": 3, ""manual_or_unknown"": 2}","[""Submit University of Windsor pension forms"", ""Update Notion page for Almanac June Bread Club"", ""Make plan with Mum for Henry birthdays"", ""Vacuum bakery"", ""Ask Richard to confirm the beneficiaries on our investments""]",none,0,read_only_analytics_ledger
2026-06-01T15:02:54+00:00,execution_engine_v2,130,5,0,3,0,2,4,158,4,"{""high_11_25"": 8, ""low_1_3"": 65, ""medium_4_10"": 35, ""very_high_26_plus"": 22}","{""baseline_fallback"": 32, ""evaluator"": 98}","{""baseline_executable"": 32, ""high_importance"": 27, ""high_urgency"": 1, ""large_effort"": 1, ""medium_effort"": 19, ""medium_urgency"": 1, ""operational_context"": 23, ""planning_work"": 4, ""preparation_work"": 2, ""quick_win"": 45, ""strategic_context"": 18}","{""high_importance"": 5, ""high_urgency"": 1, ""medium_effort"": 1, ""operational_context"": 3, ""quick_win"": 1, ""strategic_context"": 1}","{""explicit_marker"": 3, ""manual_or_unknown"": 2}","[""Submit University of Windsor pension forms"", ""Update Notion page for Almanac June Bread Club"", ""Make plan with Mum for Henry birthdays"", ""Take inventory for weekly bakes"", ""Vacuum bakery""]",none,0,read_only_analytics_ledger
2026-06-01T15:16:42+00:00,execution_engine_v2,135,5,0,3,0,2,3,159,3,"{""high_11_25"": 9, ""low_1_3"": 66, ""medium_4_10"": 35, ""very_high_26_plus"": 25}","{""baseline_fallback"": 32, ""evaluator"": 103}","{""baseline_executable"": 32, ""high_importance"": 30, ""high_urgency"": 1, ""large_effort"": 1, ""medium_effort"": 21, ""medium_urgency"": 1, ""operational_context"": 24, ""planning_work"": 6, ""preparation_work"": 2, ""quick_win"": 47, ""strategic_context"": 20}","{""high_importance"": 5, ""high_urgency"": 1, ""medium_effort"": 2, ""operational_context"": 2, ""planning_work"": 1, ""quick_win"": 1, ""strategic_context"": 2}","{""explicit_marker"": 3, ""manual_or_unknown"": 2}","[""Submit University of Windsor pension forms"", ""Plan 90th birthday party for Mum"", ""Update Notion page for Almanac June Bread Club"", ""Make plan with Mum for Henry birthdays"", ""Clean up test bakes in Bread Basket app""]",none,0,read_only_analytics_ledger
2026-06-01T15:30:28+00:00,execution_engine_v2,135,5,0,3,0,2,5,160,5,"{""high_11_25"": 9, ""low_1_3"": 66, ""medium_4_10"": 35, ""very_high_26_plus"": 25}","{""baseline_fallback"": 32, ""evaluator"": 103}","{""baseline_executable"": 32, ""high_importance"": 30, ""high_urgency"": 1, ""large_effort"": 1, ""medium_effort"": 21, ""medium_urgency"": 1, ""operational_context"": 24, ""planning_work"": 6, ""preparation_work"": 2, ""quick_win"": 47, ""strategic_context"": 20}","{""high_importance"": 5, ""high_urgency"": 1, ""medium_effort"": 2, ""operational_context"": 2, ""planning_work"": 1, ""quick_win"": 1, ""strategic_context"": 2}","{""explicit_marker"": 3, ""manual_or_unknown"": 2}","[""Submit University of Windsor pension forms"", ""Plan 90th birthday party for Mum"", ""Update Notion page for Almanac June Bread Club"", ""Make plan with Mum for Henry birthdays"", ""Clean up test bakes in Bread Basket app""]",none,0,read_only_analytics_ledger
2026-06-01T15:50:50+00:00,execution_engine_v2,134,5,0,3,0,2,4,161,4,"{""high_11_25"": 9, ""low_1_3"": 66, ""medium_4_10"": 35, ""very_high_26_plus"": 24}","{""baseline_fallback"": 32, ""evaluator"": 102}","{""baseline_executable"": 32, ""high_importance"": 29, ""high_urgency"": 1, ""large_effort"": 1, ""medium_effort"": 20, ""medium_urgency"": 1, ""operational_context"": 24, ""planning_work"": 6, ""preparation_work"": 2, ""quick_win"": 47, ""strategic_context"": 19}","{""high_importance"": 5, ""high_urgency"": 1, ""medium_effort"": 1, ""operational_context"": 3, ""planning_work"": 1, ""quick_win"": 1, ""strategic_context"": 1}","{""explicit_marker"": 3, ""manual_or_unknown"": 2}","[""Submit University of Windsor pension forms"", ""Plan 90th birthday party for Mum"", ""Update Notion page for Almanac June Bread Club"", ""Clean up test bakes in Bread Basket app"", ""Take inventory for weekly bakes""]",none,0,read_only_analytics_ledger
2026-06-01T16:00:32+00:00,execution_engine_v2,134,5,0,3,0,2,5,162,5,"{""high_11_25"": 9, ""low_1_3"": 66, ""medium_4_10"": 35, ""very_high_26_plus"": 24}","{""baseline_fallback"": 32, ""evaluator"": 102}","{""baseline_executable"": 32, ""high_importance"": 29, ""high_urgency"": 1, ""large_effort"": 1, ""medium_effort"": 20, ""medium_urgency"": 1, ""operational_context"": 24, ""planning_work"": 6, ""preparation_work"": 2, ""quick_win"": 47, ""strategic_context"": 19}","{""high_importance"": 5, ""high_urgency"": 1, ""medium_effort"": 1, ""operational_context"": 3, ""planning_work"": 1, ""quick_win"": 1, ""strategic_context"": 1}","{""explicit_marker"": 3, ""manual_or_unknown"": 2}","[""Submit University of Windsor pension forms"", ""Plan 90th birthday party for Mum"", ""Update Notion page for Almanac June Bread Club"", ""Clean up test bakes in Bread Basket app"", ""Take inventory for weekly bakes""]",none,0,read_only_analytics_ledger
2026-06-01T16:15:20+00:00,execution_engine_v2,134,5,0,3,0,2,5,163,5,"{""high_11_25"": 9, ""low_1_3"": 66, ""medium_4_10"": 35, ""very_high_26_plus"": 24}","{""baseline_fallback"": 32, ""evaluator"": 102}","{""baseline_executable"": 32, ""high_importance"": 29, ""high_urgency"": 1, ""large_effort"": 1, ""medium_effort"": 20, ""medium_urgency"": 1, ""operational_context"": 24, ""planning_work"": 6, ""preparation_work"": 2, ""quick_win"": 47, ""strategic_context"": 19}","{""high_importance"": 5, ""high_urgency"": 1, ""medium_effort"": 1, ""operational_context"": 3, ""planning_work"": 1, ""quick_win"": 1, ""strategic_context"": 1}","{""explicit_marker"": 3, ""manual_or_unknown"": 2}","[""Submit University of Windsor pension forms"", ""Plan 90th birthday party for Mum"", ""Update Notion page for Almanac June Bread Club"", ""Clean up test bakes in Bread Basket app"", ""Take inventory for weekly bakes""]",none,0,read_only_analytics_ledger
2026-06-01T16:30:21+00:00,execution_engine_v2,132,5,0,3,0,2,5,164,5,"{""high_11_25"": 9, ""low_1_3"": 66, ""medium_4_10"": 35, ""very_high_26_plus"": 22}","{""baseline_fallback"": 32, ""evaluator"": 100}","{""baseline_executable"": 32, ""high_importance"": 27, ""high_urgency"": 1, ""large_effort"": 1, ""medium_effort"": 20, ""medium_urgency"": 1, ""operational_context"": 24, ""planning_work"": 6, ""preparation_work"": 2, ""quick_win"": 45, ""strategic_context"": 19}","{""high_importance"": 5, ""high_urgency"": 1, ""medium_effort"": 1, ""operational_context"": 3, ""planning_work"": 1, ""quick_win"": 1, ""strategic_context"": 1}","{""explicit_marker"": 3, ""manual_or_unknown"": 2}","[""Submit University of Windsor pension forms"", ""Plan 90th birthday party for Mum"", ""Update Notion page for Almanac June Bread Club"", ""Clean up test bakes in Bread Basket app"", ""Take inventory for weekly bakes""]",none,0,read_only_analytics_ledger
2026-06-01T16:45:23+00:00,execution_engine_v2,132,5,0,3,0,2,5,165,5,"{""high_11_25"": 9, ""low_1_3"": 66, ""medium_4_10"": 35, ""very_high_26_plus"": 22}","{""baseline_fallback"": 32, ""evaluator"": 100}","{""baseline_executable"": 32, ""high_importance"": 27, ""high_urgency"": 1, ""large_effort"": 1, ""medium_effort"": 20, ""medium_urgency"": 1, ""operational_context"": 24, ""planning_work"": 6, ""preparation_work"": 2, ""quick_win"": 45, ""strategic_context"": 19}","{""high_importance"": 5, ""high_urgency"": 1, ""medium_effort"": 1, ""operational_context"": 3, ""planning_work"": 1, ""quick_win"": 1, ""strategic_context"": 1}","{""explicit_marker"": 3, ""manual_or_unknown"": 2}","[""Submit University of Windsor pension forms"", ""Plan 90th birthday party for Mum"", ""Update Notion page for Almanac June Bread Club"", ""Clean up test bakes in Bread Basket app"", ""Take inventory for weekly bakes""]",none,0,read_only_analytics_ledger
2026-06-01T17:00:24+00:00,execution_engine_v2,132,5,0,3,0,2,5,166,5,"{""high_11_25"": 9, ""low_1_3"": 66, ""medium_4_10"": 35, ""very_high_26_plus"": 22}","{""baseline_fallback"": 32, ""evaluator"": 100}","{""baseline_executable"": 32, ""high_importance"": 27, ""high_urgency"": 1, ""large_effort"": 1, ""medium_effort"": 20, ""medium_urgency"": 1, ""operational_context"": 24, ""planning_work"": 6, ""preparation_work"": 2, ""quick_win"": 45, ""strategic_context"": 19}","{""high_importance"": 5, ""high_urgency"": 1, ""medium_effort"": 1, ""operational_context"": 3, ""planning_work"": 1, ""quick_win"": 1, ""strategic_context"": 1}","{""explicit_marker"": 3, ""manual_or_unknown"": 2}","[""Submit University of Windsor pension forms"", ""Plan 90th birthday party for Mum"", ""Update Notion page for Almanac June Bread Club"", ""Clean up test bakes in Bread Basket app"", ""Take inventory for weekly bakes""]",none,0,read_only_analytics_ledger
2026-06-01T17:15:23+00:00,execution_engine_v2,132,5,0,3,0,2,5,167,5,"{""high_11_25"": 9, ""low_1_3"": 66, ""medium_4_10"": 35, ""very_high_26_plus"": 22}","{""baseline_fallback"": 32, ""evaluator"": 100}","{""baseline_executable"": 32, ""high_importance"": 27, ""high_urgency"": 1, ""large_effort"": 1, ""medium_effort"": 20, ""medium_urgency"": 1, ""operational_context"": 24, ""planning_work"": 6, ""preparation_work"": 2, ""quick_win"": 45, ""strategic_context"": 19}","{""high_importance"": 5, ""high_urgency"": 1, ""medium_effort"": 1, ""operational_context"": 3, ""planning_work"": 1, ""quick_win"": 1, ""strategic_context"": 1}","{""explicit_marker"": 3, ""manual_or_unknown"": 2}","[""Submit University of Windsor pension forms"", ""Plan 90th birthday party for Mum"", ""Update Notion page for Almanac June Bread Club"", ""Clean up test bakes in Bread Basket app"", ""Take inventory for weekly bakes""]",none,0,read_only_analytics_ledger
2026-06-01T17:30:18+00:00,execution_engine_v2,132,5,0,3,0,2,5,168,5,"{""high_11_25"": 9, ""low_1_3"": 66, ""medium_4_10"": 35, ""very_high_26_plus"": 22}","{""baseline_fallback"": 32, ""evaluator"": 100}","{""baseline_executable"": 32, ""high_importance"": 27, ""high_urgency"": 1, ""large_effort"": 1, ""medium_effort"": 20, ""medium_urgency"": 1, ""operational_context"": 24, ""planning_work"": 6, ""preparation_work"": 2, ""quick_win"": 45, ""strategic_context"": 19}","{""high_importance"": 5, ""high_urgency"": 1, ""medium_effort"": 1, ""operational_context"": 3, ""planning_work"": 1, ""quick_win"": 1, ""strategic_context"": 1}","{""explicit_marker"": 3, ""manual_or_unknown"": 2}","[""Submit University of Windsor pension forms"", ""Plan 90th birthday party for Mum"", ""Update Notion page for Almanac June Bread Club"", ""Clean up test bakes in Bread Basket app"", ""Take inventory for weekly bakes""]",none,0,read_only_analytics_ledger
2026-06-01T17:45:40+00:00,execution_engine_v2,132,5,0,3,0,2,5,169,5,"{""high_11_25"": 9, ""low_1_3"": 66, ""medium_4_10"": 35, ""very_high_26_plus"": 22}","{""baseline_fallback"": 32, ""evaluator"": 100}","{""baseline_executable"": 32, ""high_importance"": 27, ""high_urgency"": 1, ""large_effort"": 1, ""medium_effort"": 20, ""medium_urgency"": 1, ""operational_context"": 24, ""planning_work"": 6, ""preparation_work"": 2, ""quick_win"": 45, ""strategic_context"": 19}","{""high_importance"": 5, ""high_urgency"": 1, ""medium_effort"": 1, ""operational_context"": 3, ""planning_work"": 1, ""quick_win"": 1, ""strategic_context"": 1}","{""explicit_marker"": 3, ""manual_or_unknown"": 2}","[""Submit University of Windsor pension forms"", ""Plan 90th birthday party for Mum"", ""Update Notion page for Almanac June Bread Club"", ""Clean up test bakes in Bread Basket app"", ""Take inventory for weekly bakes""]",none,0,read_only_analytics_ledger
2026-06-01T18:00:23+00:00,execution_engine_v2,132,5,0,3,0,2,5,170,5,"{""high_11_25"": 9, ""low_1_3"": 66, ""medium_4_10"": 35, ""very_high_26_plus"": 22}","{""baseline_fallback"": 32, ""evaluator"": 100}","{""baseline_executable"": 32, ""high_importance"": 27, ""high_urgency"": 1, ""large_effort"": 1, ""medium_effort"": 20, ""medium_urgency"": 1, ""operational_context"": 24, ""planning_work"": 6, ""preparation_work"": 2, ""quick_win"": 45, ""strategic_context"": 19}","{""high_importance"": 5, ""high_urgency"": 1, ""medium_effort"": 1, ""operational_context"": 3, ""planning_work"": 1, ""quick_win"": 1, ""strategic_context"": 1}","{""explicit_marker"": 3, ""manual_or_unknown"": 2}","[""Submit University of Windsor pension forms"", ""Plan 90th birthday party for Mum"", ""Update Notion page for Almanac June Bread Club"", ""Clean up test bakes in Bread Basket app"", ""Take inventory for weekly bakes""]",none,0,read_only_analytics_ledger
2026-06-01T18:15:22+00:00,execution_engine_v2,132,5,0,3,0,2,5,171,5,"{""high_11_25"": 9, ""low_1_3"": 66, ""medium_4_10"": 35, ""very_high_26_plus"": 22}","{""baseline_fallback"": 32, ""evaluator"": 100}","{""baseline_executable"": 32, ""high_importance"": 27, ""high_urgency"": 1, ""large_effort"": 1, ""medium_effort"": 20, ""medium_urgency"": 1, ""operational_context"": 24, ""planning_work"": 6, ""preparation_work"": 2, ""quick_win"": 45, ""strategic_context"": 19}","{""high_importance"": 5, ""high_urgency"": 1, ""medium_effort"": 1, ""operational_context"": 3, ""planning_work"": 1, ""quick_win"": 1, ""strategic_context"": 1}","{""explicit_marker"": 3, ""manual_or_unknown"": 2}","[""Submit University of Windsor pension forms"", ""Plan 90th birthday party for Mum"", ""Update Notion page for Almanac June Bread Club"", ""Clean up test bakes in Bread Basket app"", ""Take inventory for weekly bakes""]",none,0,read_only_analytics_ledger
2026-06-01T18:30:24+00:00,execution_engine_v2,132,5,0,3,0,2,5,172,5,"{""high_11_25"": 9, ""low_1_3"": 66, ""medium_4_10"": 35, ""very_high_26_plus"": 22}","{""baseline_fallback"": 32, ""evaluator"": 100}","{""baseline_executable"": 32, ""high_importance"": 27, ""high_urgency"": 1, ""large_effort"": 1, ""medium_effort"": 20, ""medium_urgency"": 1, ""operational_context"": 24, ""planning_work"": 6, ""preparation_work"": 2, ""quick_win"": 45, ""strategic_context"": 19}","{""high_importance"": 5, ""high_urgency"": 1, ""medium_effort"": 1, ""operational_context"": 3, ""planning_work"": 1, ""quick_win"": 1, ""strategic_context"": 1}","{""explicit_marker"": 3, ""manual_or_unknown"": 2}","[""Submit University of Windsor pension forms"", ""Plan 90th birthday party for Mum"", ""Update Notion page for Almanac June Bread Club"", ""Clean up test bakes in Bread Basket app"", ""Take inventory for weekly bakes""]",none,0,read_only_analytics_ledger
2026-06-01T18:45:28+00:00,execution_engine_v2,132,5,0,3,0,2,5,173,5,"{""high_11_25"": 9, ""low_1_3"": 66, ""medium_4_10"": 35, ""very_high_26_plus"": 22}","{""baseline_fallback"": 32, ""evaluator"": 100}","{""baseline_executable"": 32, ""high_importance"": 27, ""high_urgency"": 1, ""large_effort"": 1, ""medium_effort"": 20, ""medium_urgency"": 1, ""operational_context"": 24, ""planning_work"": 6, ""preparation_work"": 2, ""quick_win"": 45, ""strategic_context"": 19}","{""high_importance"": 5, ""high_urgency"": 1, ""medium_effort"": 1, ""operational_context"": 3, ""planning_work"": 1, ""quick_win"": 1, ""strategic_context"": 1}","{""explicit_marker"": 3, ""manual_or_unknown"": 2}","[""Submit University of Windsor pension forms"", ""Plan 90th birthday party for Mum"", ""Update Notion page for Almanac June Bread Club"", ""Clean up test bakes in Bread Basket app"", ""Take inventory for weekly bakes""]",none,0,read_only_analytics_ledger
2026-06-01T19:00:22+00:00,execution_engine_v2,132,5,0,3,0,2,5,174,5,"{""high_11_25"": 9, ""low_1_3"": 66, ""medium_4_10"": 35, ""very_high_26_plus"": 22}","{""baseline_fallback"": 32, ""evaluator"": 100}","{""baseline_executable"": 32, ""high_importance"": 27, ""high_urgency"": 1, ""large_effort"": 1, ""medium_effort"": 20, ""medium_urgency"": 1, ""operational_context"": 24, ""planning_work"": 6, ""preparation_work"": 2, ""quick_win"": 45, ""strategic_context"": 19}","{""high_importance"": 5, ""high_urgency"": 1, ""medium_effort"": 1, ""operational_context"": 3, ""planning_work"": 1, ""quick_win"": 1, ""strategic_context"": 1}","{""explicit_marker"": 3, ""manual_or_unknown"": 2}","[""Submit University of Windsor pension forms"", ""Plan 90th birthday party for Mum"", ""Update Notion page for Almanac June Bread Club"", ""Clean up test bakes in Bread Basket app"", ""Take inventory for weekly bakes""]",none,0,read_only_analytics_ledger
2026-06-01T19:15:27+00:00,execution_engine_v2,132,5,0,3,0,2,5,175,5,"{""high_11_25"": 9, ""low_1_3"": 66, ""medium_4_10"": 35, ""very_high_26_plus"": 22}","{""baseline_fallback"": 32, ""evaluator"": 100}","{""baseline_executable"": 32, ""high_importance"": 27, ""high_urgency"": 1, ""large_effort"": 1, ""medium_effort"": 20, ""medium_urgency"": 1, ""operational_context"": 24, ""planning_work"": 6, ""preparation_work"": 2, ""quick_win"": 45, ""strategic_context"": 19}","{""high_importance"": 5, ""high_urgency"": 1, ""medium_effort"": 1, ""operational_context"": 3, ""planning_work"": 1, ""quick_win"": 1, ""strategic_context"": 1}","{""explicit_marker"": 3, ""manual_or_unknown"": 2}","[""Submit University of Windsor pension forms"", ""Plan 90th birthday party for Mum"", ""Update Notion page for Almanac June Bread Club"", ""Clean up test bakes in Bread Basket app"", ""Take inventory for weekly bakes""]",none,0,read_only_analytics_ledger
2026-06-01T19:30:26+00:00,execution_engine_v2,132,5,0,3,0,2,5,176,5,"{""high_11_25"": 9, ""low_1_3"": 66, ""medium_4_10"": 35, ""very_high_26_plus"": 22}","{""baseline_fallback"": 32, ""evaluator"": 100}","{""baseline_executable"": 32, ""high_importance"": 27, ""high_urgency"": 1, ""large_effort"": 1, ""medium_effort"": 20, ""medium_urgency"": 1, ""operational_context"": 24, ""planning_work"": 6, ""preparation_work"": 2, ""quick_win"": 45, ""strategic_context"": 19}","{""high_importance"": 5, ""high_urgency"": 1, ""medium_effort"": 1, ""operational_context"": 3, ""planning_work"": 1, ""quick_win"": 1, ""strategic_context"": 1}","{""explicit_marker"": 3, ""manual_or_unknown"": 2}","[""Submit University of Windsor pension forms"", ""Plan 90th birthday party for Mum"", ""Update Notion page for Almanac June Bread Club"", ""Clean up test bakes in Bread Basket app"", ""Take inventory for weekly bakes""]",none,0,read_only_analytics_ledger
2026-06-01T19:45:22+00:00,execution_engine_v2,132,5,0,3,0,2,5,177,5,"{""high_11_25"": 9, ""low_1_3"": 66, ""medium_4_10"": 35, ""very_high_26_plus"": 22}","{""baseline_fallback"": 32, ""evaluator"": 100}","{""baseline_executable"": 32, ""high_importance"": 27, ""high_urgency"": 1, ""large_effort"": 1, ""medium_effort"": 20, ""medium_urgency"": 1, ""operational_context"": 24, ""planning_work"": 6, ""preparation_work"": 2, ""quick_win"": 45, ""strategic_context"": 19}","{""high_importance"": 5, ""high_urgency"": 1, ""medium_effort"": 1, ""operational_context"": 3, ""planning_work"": 1, ""quick_win"": 1, ""strategic_context"": 1}","{""explicit_marker"": 3, ""manual_or_unknown"": 2}","[""Submit University of Windsor pension forms"", ""Plan 90th birthday party for Mum"", ""Update Notion page for Almanac June Bread Club"", ""Clean up test bakes in Bread Basket app"", ""Take inventory for weekly bakes""]",none,0,read_only_analytics_ledger
2026-06-01T20:00:27+00:00,execution_engine_v2,132,5,0,3,0,2,5,178,5,"{""high_11_25"": 9, ""low_1_3"": 66, ""medium_4_10"": 35, ""very_high_26_plus"": 22}","{""baseline_fallback"": 32, ""evaluator"": 100}","{""baseline_executable"": 32, ""high_importance"": 27, ""high_urgency"": 1, ""large_effort"": 1, ""medium_effort"": 20, ""medium_urgency"": 1, ""operational_context"": 24, ""planning_work"": 6, ""preparation_work"": 2, ""quick_win"": 45, ""strategic_context"": 19}","{""high_importance"": 5, ""high_urgency"": 1, ""medium_effort"": 1, ""operational_context"": 3, ""planning_work"": 1, ""quick_win"": 1, ""strategic_context"": 1}","{""explicit_marker"": 3, ""manual_or_unknown"": 2}","[""Submit University of Windsor pension forms"", ""Plan 90th birthday party for Mum"", ""Update Notion page for Almanac June Bread Club"", ""Clean up test bakes in Bread Basket app"", ""Take inventory for weekly bakes""]",none,0,read_only_analytics_ledger
2026-06-01T21:37:36+00:00,execution_engine_v2,132,5,0,3,0,2,5,179,5,"{""high_11_25"": 9, ""low_1_3"": 66, ""medium_4_10"": 35, ""very_high_26_plus"": 22}","{""baseline_fallback"": 32, ""evaluator"": 100}","{""baseline_executable"": 32, ""high_importance"": 27, ""high_urgency"": 1, ""large_effort"": 1, ""medium_effort"": 20, ""medium_urgency"": 1, ""operational_context"": 24, ""planning_work"": 6, ""preparation_work"": 2, ""quick_win"": 45, ""strategic_context"": 19}","{""high_importance"": 5, ""high_urgency"": 1, ""medium_effort"": 1, ""operational_context"": 3, ""planning_work"": 1, ""quick_win"": 1, ""strategic_context"": 1}","{""explicit_marker"": 3, ""manual_or_unknown"": 2}","[""Submit University of Windsor pension forms"", ""Plan 90th birthday party for Mum"", ""Update Notion page for Almanac June Bread Club"", ""Clean up test bakes in Bread Basket app"", ""Take inventory for weekly bakes""]",none,0,read_only_analytics_ledger
2026-06-01T22:15:28+00:00,execution_engine_v2,132,5,0,3,0,2,5,180,5,"{""high_11_25"": 9, ""low_1_3"": 66, ""medium_4_10"": 35, ""very_high_26_plus"": 22}","{""baseline_fallback"": 32, ""evaluator"": 100}","{""baseline_executable"": 32, ""high_importance"": 27, ""high_urgency"": 1, ""large_effort"": 1, ""medium_effort"": 20, ""medium_urgency"": 1, ""operational_context"": 24, ""planning_work"": 6, ""preparation_work"": 2, ""quick_win"": 45, ""strategic_context"": 19}","{""high_importance"": 5, ""high_urgency"": 1, ""medium_effort"": 1, ""operational_context"": 3, ""planning_work"": 1, ""quick_win"": 1, ""strategic_context"": 1}","{""explicit_marker"": 3, ""manual_or_unknown"": 2}","[""Submit University of Windsor pension forms"", ""Plan 90th birthday party for Mum"", ""Update Notion page for Almanac June Bread Club"", ""Clean up test bakes in Bread Basket app"", ""Take inventory for weekly bakes""]",none,0,read_only_analytics_ledger
2026-06-01T22:40:16+00:00,execution_engine_v2,132,5,0,3,0,2,5,181,5,"{""high_11_25"": 9, ""low_1_3"": 66, ""medium_4_10"": 35, ""very_high_26_plus"": 22}","{""baseline_fallback"": 32, ""evaluator"": 100}","{""baseline_executable"": 32, ""high_importance"": 27, ""high_urgency"": 1, ""large_effort"": 1, ""medium_effort"": 20, ""medium_urgency"": 1, ""operational_context"": 24, ""planning_work"": 6, ""preparation_work"": 2, ""quick_win"": 45, ""strategic_context"": 19}","{""high_importance"": 5, ""high_urgency"": 1, ""medium_effort"": 1, ""operational_context"": 3, ""planning_work"": 1, ""quick_win"": 1, ""strategic_context"": 1}","{""explicit_marker"": 3, ""manual_or_unknown"": 2}","[""Submit University of Windsor pension forms"", ""Plan 90th birthday party for Mum"", ""Update Notion page for Almanac June Bread Club"", ""Clean up test bakes in Bread Basket app"", ""Take inventory for weekly bakes""]",none,0,read_only_analytics_ledger
2026-06-01T22:47:44+00:00,execution_engine_v2,132,5,0,3,0,2,5,182,5,"{""high_11_25"": 9, ""low_1_3"": 66, ""medium_4_10"": 35, ""very_high_26_plus"": 22}","{""baseline_fallback"": 32, ""evaluator"": 100}","{""baseline_executable"": 32, ""high_importance"": 27, ""high_urgency"": 1, ""large_effort"": 1, ""medium_effort"": 20, ""medium_urgency"": 1, ""operational_context"": 24, ""planning_work"": 6, ""preparation_work"": 2, ""quick_win"": 45, ""strategic_context"": 19}","{""high_importance"": 5, ""high_urgency"": 1, ""medium_effort"": 1, ""operational_context"": 3, ""planning_work"": 1, ""quick_win"": 1, ""strategic_context"": 1}","{""explicit_marker"": 3, ""manual_or_unknown"": 2}","[""Submit University of Windsor pension forms"", ""Plan 90th birthday party for Mum"", ""Update Notion page for Almanac June Bread Club"", ""Clean up test bakes in Bread Basket app"", ""Take inventory for weekly bakes""]",none,0,read_only_analytics_ledger
2026-06-01T23:00:23+00:00,execution_engine_v2,132,5,0,3,0,2,5,183,5,"{""high_11_25"": 9, ""low_1_3"": 66, ""medium_4_10"": 35, ""very_high_26_plus"": 22}","{""baseline_fallback"": 32, ""evaluator"": 100}","{""baseline_executable"": 32, ""high_importance"": 27, ""high_urgency"": 1, ""large_effort"": 1, ""medium_effort"": 20, ""medium_urgency"": 1, ""operational_context"": 24, ""planning_work"": 6, ""preparation_work"": 2, ""quick_win"": 45, ""strategic_context"": 19}","{""high_importance"": 5, ""high_urgency"": 1, ""medium_effort"": 1, ""operational_context"": 3, ""planning_work"": 1, ""quick_win"": 1, ""strategic_context"": 1}","{""explicit_marker"": 3, ""manual_or_unknown"": 2}","[""Submit University of Windsor pension forms"", ""Plan 90th birthday party for Mum"", ""Update Notion page for Almanac June Bread Club"", ""Clean up test bakes in Bread Basket app"", ""Take inventory for weekly bakes""]",none,0,read_only_analytics_ledger
2026-06-01T23:15:24+00:00,execution_engine_v2,132,5,0,3,0,2,5,184,5,"{""high_11_25"": 9, ""low_1_3"": 66, ""medium_4_10"": 35, ""very_high_26_plus"": 22}","{""baseline_fallback"": 32, ""evaluator"": 100}","{""baseline_executable"": 32, ""high_importance"": 27, ""high_urgency"": 1, ""large_effort"": 1, ""medium_effort"": 20, ""medium_urgency"": 1, ""operational_context"": 24, ""planning_work"": 6, ""preparation_work"": 2, ""quick_win"": 45, ""strategic_context"": 19}","{""high_importance"": 5, ""high_urgency"": 1, ""medium_effort"": 1, ""operational_context"": 3, ""planning_work"": 1, ""quick_win"": 1, ""strategic_context"": 1}","{""explicit_marker"": 3, ""manual_or_unknown"": 2}","[""Submit University of Windsor pension forms"", ""Plan 90th birthday party for Mum"", ""Update Notion page for Almanac June Bread Club"", ""Clean up test bakes in Bread Basket app"", ""Take inventory for weekly bakes""]",none,0,read_only_analytics_ledger
2026-06-01T23:30:50+00:00,execution_engine_v2,132,5,0,3,0,2,5,185,5,"{""high_11_25"": 9, ""low_1_3"": 66, ""medium_4_10"": 35, ""very_high_26_plus"": 22}","{""baseline_fallback"": 32, ""evaluator"": 100}","{""baseline_executable"": 32, ""high_importance"": 27, ""high_urgency"": 1, ""large_effort"": 1, ""medium_effort"": 20, ""medium_urgency"": 1, ""operational_context"": 24, ""planning_work"": 6, ""preparation_work"": 2, ""quick_win"": 45, ""strategic_context"": 19}","{""high_importance"": 5, ""high_urgency"": 1, ""medium_effort"": 1, ""operational_context"": 3, ""planning_work"": 1, ""quick_win"": 1, ""strategic_context"": 1}","{""explicit_marker"": 3, ""manual_or_unknown"": 2}","[""Submit University of Windsor pension forms"", ""Plan 90th birthday party for Mum"", ""Update Notion page for Almanac June Bread Club"", ""Clean up test bakes in Bread Basket app"", ""Take inventory for weekly bakes""]",none,0,read_only_analytics_ledger
2026-06-01T23:45:24+00:00,execution_engine_v2,132,5,0,3,0,2,5,186,5,"{""high_11_25"": 9, ""low_1_3"": 66, ""medium_4_10"": 35, ""very_high_26_plus"": 22}","{""baseline_fallback"": 32, ""evaluator"": 100}","{""baseline_executable"": 32, ""high_importance"": 27, ""high_urgency"": 1, ""large_effort"": 1, ""medium_effort"": 20, ""medium_urgency"": 1, ""operational_context"": 24, ""planning_work"": 6, ""preparation_work"": 2, ""quick_win"": 45, ""strategic_context"": 19}","{""high_importance"": 5, ""high_urgency"": 1, ""medium_effort"": 1, ""operational_context"": 3, ""planning_work"": 1, ""quick_win"": 1, ""strategic_context"": 1}","{""explicit_marker"": 3, ""manual_or_unknown"": 2}","[""Submit University of Windsor pension forms"", ""Plan 90th birthday party for Mum"", ""Update Notion page for Almanac June Bread Club"", ""Clean up test bakes in Bread Basket app"", ""Take inventory for weekly bakes""]",none,0,read_only_analytics_ledger
2026-06-02T00:00:30+00:00,execution_engine_v2,132,5,0,3,0,2,5,187,5,"{""high_11_25"": 9, ""low_1_3"": 66, ""medium_4_10"": 35, ""very_high_26_plus"": 22}","{""baseline_fallback"": 32, ""evaluator"": 100}","{""baseline_executable"": 32, ""high_importance"": 27, ""high_urgency"": 1, ""large_effort"": 1, ""medium_effort"": 20, ""medium_urgency"": 1, ""operational_context"": 24, ""planning_work"": 6, ""preparation_work"": 2, ""quick_win"": 45, ""strategic_context"": 19}","{""high_importance"": 5, ""high_urgency"": 1, ""medium_effort"": 1, ""operational_context"": 3, ""planning_work"": 1, ""quick_win"": 1, ""strategic_context"": 1}","{""explicit_marker"": 3, ""manual_or_unknown"": 2}","[""Submit University of Windsor pension forms"", ""Plan 90th birthday party for Mum"", ""Update Notion page for Almanac June Bread Club"", ""Clean up test bakes in Bread Basket app"", ""Take inventory for weekly bakes""]",none,0,read_only_analytics_ledger
2026-06-02T00:15:22+00:00,execution_engine_v2,132,5,0,3,0,2,5,188,5,"{""high_11_25"": 9, ""low_1_3"": 66, ""medium_4_10"": 35, ""very_high_26_plus"": 22}","{""baseline_fallback"": 32, ""evaluator"": 100}","{""baseline_executable"": 32, ""high_importance"": 27, ""high_urgency"": 1, ""large_effort"": 1, ""medium_effort"": 20, ""medium_urgency"": 1, ""operational_context"": 24, ""planning_work"": 6, ""preparation_work"": 2, ""quick_win"": 45, ""strategic_context"": 19}","{""high_importance"": 5, ""high_urgency"": 1, ""medium_effort"": 1, ""operational_context"": 3, ""planning_work"": 1, ""quick_win"": 1, ""strategic_context"": 1}","{""explicit_marker"": 3, ""manual_or_unknown"": 2}","[""Submit University of Windsor pension forms"", ""Plan 90th birthday party for Mum"", ""Update Notion page for Almanac June Bread Club"", ""Clean up test bakes in Bread Basket app"", ""Take inventory for weekly bakes""]",none,0,read_only_analytics_ledger
2026-06-02T00:30:27+00:00,execution_engine_v2,132,5,0,3,0,2,5,189,5,"{""high_11_25"": 9, ""low_1_3"": 66, ""medium_4_10"": 35, ""very_high_26_plus"": 22}","{""baseline_fallback"": 32, ""evaluator"": 100}","{""baseline_executable"": 32, ""high_importance"": 27, ""high_urgency"": 1, ""large_effort"": 1, ""medium_effort"": 20, ""medium_urgency"": 1, ""operational_context"": 24, ""planning_work"": 6, ""preparation_work"": 2, ""quick_win"": 45, ""strategic_context"": 19}","{""high_importance"": 5, ""high_urgency"": 1, ""medium_effort"": 1, ""operational_context"": 3, ""planning_work"": 1, ""quick_win"": 1, ""strategic_context"": 1}","{""explicit_marker"": 3, ""manual_or_unknown"": 2}","[""Submit University of Windsor pension forms"", ""Plan 90th birthday party for Mum"", ""Update Notion page for Almanac June Bread Club"", ""Clean up test bakes in Bread Basket app"", ""Take inventory for weekly bakes""]",none,0,read_only_analytics_ledger
2026-06-02T00:45:21+00:00,execution_engine_v2,132,5,0,3,0,2,5,190,5,"{""high_11_25"": 9, ""low_1_3"": 66, ""medium_4_10"": 35, ""very_high_26_plus"": 22}","{""baseline_fallback"": 32, ""evaluator"": 100}","{""baseline_executable"": 32, ""high_importance"": 27, ""high_urgency"": 1, ""large_effort"": 1, ""medium_effort"": 20, ""medium_urgency"": 1, ""operational_context"": 24, ""planning_work"": 6, ""preparation_work"": 2, ""quick_win"": 45, ""strategic_context"": 19}","{""high_importance"": 5, ""high_urgency"": 1, ""medium_effort"": 1, ""operational_context"": 3, ""planning_work"": 1, ""quick_win"": 1, ""strategic_context"": 1}","{""explicit_marker"": 3, ""manual_or_unknown"": 2}","[""Submit University of Windsor pension forms"", ""Plan 90th birthday party for Mum"", ""Update Notion page for Almanac June Bread Club"", ""Clean up test bakes in Bread Basket app"", ""Take inventory for weekly bakes""]",none,0,read_only_analytics_ledger
2026-06-02T09:00:32+00:00,execution_engine_v2,132,5,0,3,0,2,5,191,5,"{""high_11_25"": 9, ""low_1_3"": 66, ""medium_4_10"": 35, ""very_high_26_plus"": 22}","{""baseline_fallback"": 32, ""evaluator"": 100}","{""baseline_executable"": 32, ""high_importance"": 27, ""high_urgency"": 1, ""large_effort"": 1, ""medium_effort"": 20, ""medium_urgency"": 1, ""operational_context"": 24, ""planning_work"": 6, ""preparation_work"": 2, ""quick_win"": 45, ""strategic_context"": 19}","{""high_importance"": 5, ""high_urgency"": 1, ""medium_effort"": 1, ""operational_context"": 3, ""planning_work"": 1, ""quick_win"": 1, ""strategic_context"": 1}","{""explicit_marker"": 3, ""manual_or_unknown"": 2}","[""Submit University of Windsor pension forms"", ""Plan 90th birthday party for Mum"", ""Update Notion page for Almanac June Bread Club"", ""Clean up test bakes in Bread Basket app"", ""Take inventory for weekly bakes""]",none,0,read_only_analytics_ledger
2026-06-02T09:15:48+00:00,execution_engine_v2,132,5,0,3,0,2,5,192,5,"{""high_11_25"": 9, ""low_1_3"": 66, ""medium_4_10"": 35, ""very_high_26_plus"": 22}","{""baseline_fallback"": 32, ""evaluator"": 100}","{""baseline_executable"": 32, ""high_importance"": 27, ""high_urgency"": 1, ""large_effort"": 1, ""medium_effort"": 20, ""medium_urgency"": 1, ""operational_context"": 24, ""planning_work"": 6, ""preparation_work"": 2, ""quick_win"": 45, ""strategic_context"": 19}","{""high_importance"": 5, ""high_urgency"": 1, ""medium_effort"": 1, ""operational_context"": 3, ""planning_work"": 1, ""quick_win"": 1, ""strategic_context"": 1}","{""explicit_marker"": 3, ""manual_or_unknown"": 2}","[""Submit University of Windsor pension forms"", ""Plan 90th birthday party for Mum"", ""Update Notion page for Almanac June Bread Club"", ""Clean up test bakes in Bread Basket app"", ""Take inventory for weekly bakes""]",none,0,read_only_analytics_ledger
2026-06-02T09:30:25+00:00,execution_engine_v2,132,5,0,3,0,2,5,193,5,"{""high_11_25"": 9, ""low_1_3"": 66, ""medium_4_10"": 35, ""very_high_26_plus"": 22}","{""baseline_fallback"": 32, ""evaluator"": 100}","{""baseline_executable"": 32, ""high_importance"": 27, ""high_urgency"": 1, ""large_effort"": 1, ""medium_effort"": 20, ""medium_urgency"": 1, ""operational_context"": 24, ""planning_work"": 6, ""preparation_work"": 2, ""quick_win"": 45, ""strategic_context"": 19}","{""high_importance"": 5, ""high_urgency"": 1, ""medium_effort"": 1, ""operational_context"": 3, ""planning_work"": 1, ""quick_win"": 1, ""strategic_context"": 1}","{""explicit_marker"": 3, ""manual_or_unknown"": 2}","[""Submit University of Windsor pension forms"", ""Plan 90th birthday party for Mum"", ""Update Notion page for Almanac June Bread Club"", ""Clean up test bakes in Bread Basket app"", ""Take inventory for weekly bakes""]",none,0,read_only_analytics_ledger
2026-06-02T09:45:28+00:00,execution_engine_v2,132,5,0,3,0,2,5,194,5,"{""high_11_25"": 9, ""low_1_3"": 66, ""medium_4_10"": 35, ""very_high_26_plus"": 22}","{""baseline_fallback"": 32, ""evaluator"": 100}","{""baseline_executable"": 32, ""high_importance"": 27, ""high_urgency"": 1, ""large_effort"": 1, ""medium_effort"": 20, ""medium_urgency"": 1, ""operational_context"": 24, ""planning_work"": 6, ""preparation_work"": 2, ""quick_win"": 45, ""strategic_context"": 19}","{""high_importance"": 5, ""high_urgency"": 1, ""medium_effort"": 1, ""operational_context"": 3, ""planning_work"": 1, ""quick_win"": 1, ""strategic_context"": 1}","{""explicit_marker"": 3, ""manual_or_unknown"": 2}","[""Submit University of Windsor pension forms"", ""Plan 90th birthday party for Mum"", ""Update Notion page for Almanac June Bread Club"", ""Clean up test bakes in Bread Basket app"", ""Take inventory for weekly bakes""]",none,0,read_only_analytics_ledger
2026-06-02T10:00:24+00:00,execution_engine_v2,132,5,0,3,0,2,5,195,5,"{""high_11_25"": 9, ""low_1_3"": 66, ""medium_4_10"": 35, ""very_high_26_plus"": 22}","{""baseline_fallback"": 32, ""evaluator"": 100}","{""baseline_executable"": 32, ""high_importance"": 27, ""high_urgency"": 1, ""large_effort"": 1, ""medium_effort"": 20, ""medium_urgency"": 1, ""operational_context"": 24, ""planning_work"": 6, ""preparation_work"": 2, ""quick_win"": 45, ""strategic_context"": 19}","{""high_importance"": 5, ""high_urgency"": 1, ""medium_effort"": 1, ""operational_context"": 3, ""planning_work"": 1, ""quick_win"": 1, ""strategic_context"": 1}","{""explicit_marker"": 3, ""manual_or_unknown"": 2}","[""Submit University of Windsor pension forms"", ""Plan 90th birthday party for Mum"", ""Update Notion page for Almanac June Bread Club"", ""Clean up test bakes in Bread Basket app"", ""Take inventory for weekly bakes""]",none,0,read_only_analytics_ledger
2026-06-02T10:15:26+00:00,execution_engine_v2,132,5,0,3,0,2,5,196,5,"{""high_11_25"": 9, ""low_1_3"": 66, ""medium_4_10"": 35, ""very_high_26_plus"": 22}","{""baseline_fallback"": 32, ""evaluator"": 100}","{""baseline_executable"": 32, ""high_importance"": 27, ""high_urgency"": 1, ""large_effort"": 1, ""medium_effort"": 20, ""medium_urgency"": 1, ""operational_context"": 24, ""planning_work"": 6, ""preparation_work"": 2, ""quick_win"": 45, ""strategic_context"": 19}","{""high_importance"": 5, ""high_urgency"": 1, ""medium_effort"": 1, ""operational_context"": 3, ""planning_work"": 1, ""quick_win"": 1, ""strategic_context"": 1}","{""explicit_marker"": 3, ""manual_or_unknown"": 2}","[""Submit University of Windsor pension forms"", ""Plan 90th birthday party for Mum"", ""Update Notion page for Almanac June Bread Club"", ""Clean up test bakes in Bread Basket app"", ""Take inventory for weekly bakes""]",none,0,read_only_analytics_ledger
2026-06-02T10:30:29+00:00,execution_engine_v2,132,5,0,3,0,2,5,197,5,"{""high_11_25"": 9, ""low_1_3"": 66, ""medium_4_10"": 35, ""very_high_26_plus"": 22}","{""baseline_fallback"": 32, ""evaluator"": 100}","{""baseline_executable"": 32, ""high_importance"": 27, ""high_urgency"": 1, ""large_effort"": 1, ""medium_effort"": 20, ""medium_urgency"": 1, ""operational_context"": 24, ""planning_work"": 6, ""preparation_work"": 2, ""quick_win"": 45, ""strategic_context"": 19}","{""high_importance"": 5, ""high_urgency"": 1, ""medium_effort"": 1, ""operational_context"": 3, ""planning_work"": 1, ""quick_win"": 1, ""strategic_context"": 1}","{""explicit_marker"": 3, ""manual_or_unknown"": 2}","[""Submit University of Windsor pension forms"", ""Plan 90th birthday party for Mum"", ""Update Notion page for Almanac June Bread Club"", ""Clean up test bakes in Bread Basket app"", ""Take inventory for weekly bakes""]",none,0,read_only_analytics_ledger
2026-06-02T10:45:22+00:00,execution_engine_v2,132,5,0,3,0,2,5,198,5,"{""high_11_25"": 9, ""low_1_3"": 66, ""medium_4_10"": 35, ""very_high_26_plus"": 22}","{""baseline_fallback"": 32, ""evaluator"": 100}","{""baseline_executable"": 32, ""high_importance"": 27, ""high_urgency"": 1, ""large_effort"": 1, ""medium_effort"": 20, ""medium_urgency"": 1, ""operational_context"": 24, ""planning_work"": 6, ""preparation_work"": 2, ""quick_win"": 45, ""strategic_context"": 19}","{""high_importance"": 5, ""high_urgency"": 1, ""medium_effort"": 1, ""operational_context"": 3, ""planning_work"": 1, ""quick_win"": 1, ""strategic_context"": 1}","{""explicit_marker"": 3, ""manual_or_unknown"": 2}","[""Submit University of Windsor pension forms"", ""Plan 90th birthday party for Mum"", ""Update Notion page for Almanac June Bread Club"", ""Clean up test bakes in Bread Basket app"", ""Take inventory for weekly bakes""]",none,0,read_only_analytics_ledger
2026-06-02T11:00:23+00:00,execution_engine_v2,131,5,0,3,0,2,4,199,4,"{""high_11_25"": 9, ""low_1_3"": 66, ""medium_4_10"": 35, ""very_high_26_plus"": 21}","{""baseline_fallback"": 32, ""evaluator"": 99}","{""baseline_executable"": 32, ""high_importance"": 26, ""high_urgency"": 1, ""large_effort"": 1, ""medium_effort"": 20, ""medium_urgency"": 1, ""operational_context"": 23, ""planning_work"": 6, ""preparation_work"": 2, ""quick_win"": 45, ""strategic_context"": 19}","{""high_importance"": 5, ""high_urgency"": 1, ""medium_effort"": 1, ""operational_context"": 3, ""planning_work"": 1, ""quick_win"": 1, ""strategic_context"": 1}","{""explicit_marker"": 3, ""manual_or_unknown"": 2}","[""Submit University of Windsor pension forms"", ""Plan 90th birthday party for Mum"", ""Update Notion page for Almanac June Bread Club"", ""Clean up test bakes in Bread Basket app"", ""Vacuum bakery""]",none,0,read_only_analytics_ledger
2026-06-02T11:15:21+00:00,execution_engine_v2,131,5,0,3,0,2,5,200,5,"{""high_11_25"": 9, ""low_1_3"": 66, ""medium_4_10"": 35, ""very_high_26_plus"": 21}","{""baseline_fallback"": 32, ""evaluator"": 99}","{""baseline_executable"": 32, ""high_importance"": 26, ""high_urgency"": 1, ""large_effort"": 1, ""medium_effort"": 20, ""medium_urgency"": 1, ""operational_context"": 23, ""planning_work"": 6, ""preparation_work"": 2, ""quick_win"": 45, ""strategic_context"": 19}","{""high_importance"": 5, ""high_urgency"": 1, ""medium_effort"": 1, ""operational_context"": 3, ""planning_work"": 1, ""quick_win"": 1, ""strategic_context"": 1}","{""explicit_marker"": 3, ""manual_or_unknown"": 2}","[""Submit University of Windsor pension forms"", ""Plan 90th birthday party for Mum"", ""Update Notion page for Almanac June Bread Club"", ""Clean up test bakes in Bread Basket app"", ""Vacuum bakery""]",none,0,read_only_analytics_ledger
2026-06-02T11:29:19+00:00,execution_engine_v2,131,5,0,3,0,2,5,201,5,"{""high_11_25"": 9, ""low_1_3"": 66, ""medium_4_10"": 35, ""very_high_26_plus"": 21}","{""baseline_fallback"": 32, ""evaluator"": 99}","{""baseline_executable"": 32, ""high_importance"": 26, ""high_urgency"": 1, ""large_effort"": 1, ""medium_effort"": 20, ""medium_urgency"": 1, ""operational_context"": 23, ""planning_work"": 6, ""preparation_work"": 2, ""quick_win"": 45, ""strategic_context"": 19}","{""high_importance"": 5, ""high_urgency"": 1, ""medium_effort"": 1, ""operational_context"": 3, ""planning_work"": 1, ""quick_win"": 1, ""strategic_context"": 1}","{""explicit_marker"": 3, ""manual_or_unknown"": 2}","[""Submit University of Windsor pension forms"", ""Plan 90th birthday party for Mum"", ""Update Notion page for Almanac June Bread Club"", ""Clean up test bakes in Bread Basket app"", ""Vacuum bakery""]",none,0,read_only_analytics_ledger
2026-06-02T11:30:20+00:00,execution_engine_v2,131,5,0,3,0,2,5,202,5,"{""high_11_25"": 9, ""low_1_3"": 66, ""medium_4_10"": 35, ""very_high_26_plus"": 21}","{""baseline_fallback"": 32, ""evaluator"": 99}","{""baseline_executable"": 32, ""high_importance"": 26, ""high_urgency"": 1, ""large_effort"": 1, ""medium_effort"": 20, ""medium_urgency"": 1, ""operational_context"": 23, ""planning_work"": 6, ""preparation_work"": 2, ""quick_win"": 45, ""strategic_context"": 19}","{""high_importance"": 5, ""high_urgency"": 1, ""medium_effort"": 1, ""operational_context"": 3, ""planning_work"": 1, ""quick_win"": 1, ""strategic_context"": 1}","{""explicit_marker"": 3, ""manual_or_unknown"": 2}","[""Submit University of Windsor pension forms"", ""Plan 90th birthday party for Mum"", ""Update Notion page for Almanac June Bread Club"", ""Clean up test bakes in Bread Basket app"", ""Vacuum bakery""]",none,0,read_only_analytics_ledger
